patient_id,visit_date,clinic_id,age,sex,bmi,systolic_bp,diastolic_bp,heart_rate,fasting_glucose,hba1c,total_cholesterol,smoking_status,exercise_days_per_week,family_history_flag,medication_adherence_pct,visits_last_year,risk_score,risk_group,follow_up_days,age_group,bmi_category,pulse_pressure,mean_arterial_pressure,exercise_category,frequent_visitor,bmi_missing,fasting_glucose_missing,hba1c_missing,medication_adherence_pct_missing,is_smoker,is_male
PT100042,2023-01-01,CL05,,Male,20.9,115.0,80.0,80.0,69.0,4.3,177.0,Non-Smoker,4.0,0.0,,0.0,23.4,Low,277.0,,Normal,35.0,91.66666666666667,Moderate (3-4),0,0,0,0,1,0,1
PT100791,2023-01-03,CL01,82.0,Male,26.3,137.0,85.0,61.0,109.0,5.7,255.0,Non-Smoker,1.0,0.0,76.0,2.0,83.2,High,14.0,65+,Overweight,52.0,102.33333333333333,Low (1-2),0,0,0,0,0,0,1
PT100228,2023-01-04,CL03,40.0,Male,56.6,,104.0,68.0,148.0,7.2,239.0,Non-Smoker,4.0,0.0,,2.0,99.3,High,25.0,35-49,Obese,,,Moderate (3-4),0,0,0,0,1,0,1
PT100389,2023-01-04,CL01,42.0,Male,30.6,91.0,60.0,66.0,91.0,5.7,227.0,Non-Smoker,4.0,0.0,80.0,1.0,33.1,Low,211.0,35-49,Obese,31.0,70.33333333333333,Moderate (3-4),0,0,0,0,0,0,1
PT100817,2023-01-04,CL06,55.0,Female,22.5,102.0,67.0,80.0,79.0,5.3,,Smoker,1.0,0.0,64.0,2.0,43.7,Moderate,88.0,50-64,Normal,35.0,78.66666666666667,Low (1-2),0,0,0,0,0,1,0
PT100834,2023-01-04,CL04,40.0,Female,28.7,129.0,80.0,74.0,89.0,,206.0,Non-Smoker,3.0,1.0,84.0,1.0,45.8,Moderate,75.0,35-49,Overweight,49.0,96.33333333333333,Moderate (3-4),0,0,0,1,0,0,0
PT100001,2023-01-05,CL05,86.0,Male,30.9,143.0,80.0,66.0,101.0,5.9,256.0,Non-Smoker,2.0,0.0,,,96.2,High,23.0,65+,Obese,63.0,101.0,Low (1-2),0,0,0,0,1,0,1
PT100246,2023-01-05,CL05,59.0,Female,,,85.0,68.0,96.0,5.3,172.0,Non-Smoker,3.0,0.0,86.0,2.0,81.7,High,27.0,50-64,,,,Moderate (3-4),0,1,0,0,0,0,0
PT100999,2023-01-06,CL06,34.0,Female,36.0,137.0,77.0,92.0,97.0,5.1,215.0,Smoker,4.0,1.0,73.0,0.0,84.3,High,28.0,18-34,Obese,60.0,97.0,Moderate (3-4),0,0,0,0,0,1,0
PT100043,2023-01-07,CL04,45.0,Male,27.3,122.0,72.0,74.0,,4.7,128.0,Non-Smoker,2.0,0.0,86.0,0.0,33.3,Low,194.0,35-49,Overweight,50.0,88.66666666666667,Low (1-2),0,0,1,0,0,0,1
PT100703,2023-01-11,CL01,23.0,Male,31.3,109.0,67.0,74.0,87.0,5.4,149.0,Non-Smoker,7.0,0.0,,0.0,7.5,Low,301.0,18-34,Obese,42.0,81.0,High (5-7),0,0,0,0,1,0,1
PT100736,2023-01-12,CL04,63.0,Female,24.9,120.0,78.0,68.0,91.0,5.3,187.0,Smoker,3.0,0.0,,1.0,51.9,Moderate,74.0,50-64,Normal,42.0,92.0,Moderate (3-4),0,0,0,0,1,1,0
PT100575,2023-01-13,CL05,29.0,Male,22.0,106.0,71.0,80.0,80.0,4.7,123.0,Non-Smoker,2.0,0.0,78.0,1.0,8.7,Low,334.0,18-34,Normal,35.0,82.66666666666667,Low (1-2),0,0,0,0,0,0,1
PT101105,2023-01-13,CL01,61.0,Female,26.4,118.0,81.0,70.0,107.0,6.1,220.0,Non-Smoker,1.0,1.0,95.0,5.0,73.4,High,20.0,50-64,Overweight,37.0,93.33333333333333,Low (1-2),1,0,0,0,0,0,0
PT100312,2023-01-18,CL02,60.0,Female,29.2,118.0,82.0,84.0,98.0,5.7,201.0,Non-Smoker,3.0,0.0,74.0,4.0,57.3,Moderate,73.0,50-64,Overweight,36.0,94.0,Moderate (3-4),1,0,0,0,0,0,0
PT100719,2023-01-18,CL04,53.0,Female,23.8,99.0,62.0,66.0,88.0,5.4,135.0,Non-Smoker,3.0,1.0,57.0,0.0,39.9,Moderate,88.0,50-64,Normal,37.0,74.33333333333333,Moderate (3-4),0,0,0,0,0,0,0
PT100909,2023-01-18,CL02,54.0,Male,24.2,126.0,77.0,77.0,96.0,5.4,170.0,Non-Smoker,3.0,1.0,63.0,3.0,76.9,High,29.0,50-64,Normal,49.0,93.33333333333333,Moderate (3-4),0,0,0,0,0,0,1
PT101042,2023-01-18,CL04,61.0,Male,26.1,120.0,85.0,69.0,100.0,5.6,173.0,Non-Smoker,2.0,,81.0,3.0,39.3,Moderate,77.0,50-64,Overweight,35.0,96.66666666666667,Low (1-2),0,0,0,0,0,0,1
PT100010,2023-01-20,CL03,34.0,Female,23.2,112.0,74.0,88.0,73.0,4.3,222.0,Smoker,4.0,0.0,93.0,1.0,21.3,Low,220.0,18-34,Normal,38.0,86.66666666666667,Moderate (3-4),0,0,0,0,0,1,0
PT100069,2023-01-20,CL01,62.0,Female,32.4,164.0,86.0,59.0,91.0,5.3,161.0,Non-Smoker,2.0,0.0,76.0,6.0,84.8,High,18.0,50-64,Obese,78.0,112.0,Low (1-2),1,0,0,0,0,0,0
PT100236,2023-01-20,CL05,55.0,Male,32.0,123.0,69.0,94.0,108.0,5.5,144.0,Non-Smoker,2.0,1.0,87.0,1.0,72.9,High,28.0,50-64,Obese,54.0,87.0,Low (1-2),0,0,0,0,0,0,1
PT101086,2023-01-20,CL04,61.0,Male,21.5,124.0,78.0,49.0,81.0,5.0,159.0,Non-Smoker,4.0,0.0,85.0,2.0,25.4,Low,244.0,50-64,Normal,46.0,93.33333333333333,Moderate (3-4),0,0,0,0,0,0,1
PT100159,2023-01-23,CL04,18.0,Male,19.9,100.0,74.0,77.0,66.0,4.8,205.0,Non-Smoker,3.0,1.0,97.0,2.0,8.5,Low,194.0,18-34,Normal,26.0,82.66666666666667,Moderate (3-4),0,0,0,0,0,0,1
PT101058,2023-01-23,CL01,52.0,Female,30.3,112.0,56.0,82.0,87.0,5.0,188.0,Non-Smoker,4.0,0.0,84.0,1.0,25.4,Low,303.0,50-64,Obese,56.0,74.66666666666667,Moderate (3-4),0,0,0,0,0,0,0
PT101137,2023-01-23,CL03,42.0,Male,44.5,115.0,,84.0,116.0,6.8,249.0,Smoker,2.0,0.0,63.0,2.0,88.9,High,24.0,35-49,Obese,,,Low (1-2),0,0,0,0,0,1,1
PT100099,2023-01-24,CL01,42.0,Male,21.8,131.0,81.0,79.0,92.0,5.4,179.0,Smoker,3.0,1.0,71.0,4.0,59.3,Moderate,78.0,35-49,Normal,50.0,97.66666666666667,Moderate (3-4),1,0,0,0,0,1,1
PT100551,2023-01-24,CL03,52.0,Male,30.4,133.0,91.0,81.0,108.0,5.9,194.0,Smoker,1.0,1.0,43.0,3.0,81.2,High,14.0,50-64,Obese,42.0,105.0,Low (1-2),0,0,0,0,0,1,1
PT100466,2023-01-26,CL04,53.0,Female,23.7,111.0,66.0,68.0,105.0,5.9,,Non-Smoker,5.0,0.0,79.0,2.0,22.0,Low,352.0,50-64,Normal,45.0,81.0,High (5-7),0,0,0,0,0,0,0
PT100920,2023-01-26,CL03,75.0,Male,58.1,129.0,77.0,54.0,96.0,6.0,206.0,Non-Smoker,1.0,0.0,,2.0,75.4,High,17.0,65+,Obese,52.0,94.33333333333333,Low (1-2),0,0,0,0,1,0,1
PT100364,2023-01-27,CL01,60.0,Male,26.5,116.0,68.0,70.0,99.0,6.1,208.0,Non-Smoker,4.0,1.0,73.0,1.0,67.7,High,14.0,50-64,Overweight,48.0,84.0,Moderate (3-4),0,0,0,0,0,0,1
PT101145,2023-01-28,CL02,31.0,Male,35.6,100.0,60.0,67.0,101.0,5.6,261.0,Non-Smoker,5.0,0.0,87.0,1.0,15.9,Low,206.0,18-34,Obese,40.0,73.33333333333333,High (5-7),0,0,0,0,0,0,1
PT100230,2023-01-29,CL01,55.0,Male,24.4,,66.0,71.0,89.0,4.6,181.0,Non-Smoker,2.0,1.0,,3.0,35.5,Moderate,75.0,50-64,Normal,,,Low (1-2),0,0,0,0,1,0,1
PT100840,2023-01-29,CL03,71.0,Female,24.3,103.0,83.0,74.0,92.0,4.8,184.0,Non-Smoker,2.0,0.0,75.0,4.0,45.6,Moderate,67.0,65+,Normal,20.0,89.66666666666667,Low (1-2),1,0,0,0,0,0,0
PT100328,2023-01-30,CL03,67.0,Male,24.3,128.0,76.0,65.0,138.0,7.2,280.0,Smoker,3.0,1.0,87.0,,92.3,High,26.0,65+,Normal,52.0,93.33333333333333,Moderate (3-4),0,0,0,0,0,1,1
PT100372,2023-01-30,CL02,58.0,Male,31.1,114.0,73.0,85.0,102.0,5.5,185.0,Non-Smoker,3.0,0.0,80.0,0.0,74.2,High,18.0,50-64,Obese,41.0,86.66666666666667,Moderate (3-4),0,0,0,0,0,0,1
PT100481,2023-01-30,CL02,51.0,Female,26.2,111.0,72.0,61.0,88.0,4.9,241.0,,4.0,1.0,68.0,1.0,59.1,Moderate,82.0,50-64,Overweight,39.0,85.0,Moderate (3-4),0,0,0,0,0,0,0
PT100122,2023-02-02,CL04,73.0,Female,30.2,143.0,100.0,64.0,305.0,12.1,228.0,Non-Smoker,5.0,0.0,72.0,5.0,99.6,High,19.0,65+,Obese,43.0,114.33333333333333,High (5-7),1,0,0,0,0,0,0
PT100380,2023-02-02,CL04,56.0,Female,23.6,122.0,81.0,63.0,86.0,,,Non-Smoker,3.0,0.0,61.0,1.0,50.3,Moderate,83.0,50-64,Normal,41.0,94.66666666666667,Moderate (3-4),0,0,0,1,0,0,0
PT100613,2023-02-03,CL06,64.0,Male,25.5,118.0,69.0,71.0,96.0,5.7,279.0,Smoker,1.0,0.0,78.0,3.0,85.5,High,29.0,50-64,Overweight,49.0,85.33333333333333,Low (1-2),0,0,0,0,0,1,1
PT100963,2023-02-03,CL01,36.0,Male,25.7,94.0,59.0,70.0,,4.5,167.0,Non-Smoker,2.0,0.0,93.0,0.0,16.1,Low,219.0,35-49,Overweight,35.0,70.66666666666667,Low (1-2),0,0,1,0,0,0,1
PT100484,2023-02-05,CL02,70.0,Female,28.4,121.0,77.0,74.0,87.0,5.3,223.0,Smoker,1.0,0.0,,2.0,77.5,High,20.0,65+,Overweight,44.0,91.66666666666667,Low (1-2),0,0,0,0,1,1,0
PT100012,2023-02-06,CL06,38.0,Female,26.0,130.0,71.0,74.0,99.0,6.2,209.0,Non-Smoker,5.0,1.0,84.0,1.0,39.0,Moderate,88.0,35-49,Overweight,59.0,90.66666666666667,High (5-7),0,0,0,0,0,0,0
PT100938,2023-02-06,CL01,73.0,Female,26.6,119.0,77.0,78.0,159.0,7.8,184.0,Smoker,2.0,1.0,84.0,4.0,97.1,High,15.0,65+,Overweight,42.0,91.0,Low (1-2),1,0,0,0,0,1,0
PT100105,2023-02-07,CL05,36.0,Female,27.2,90.0,61.0,80.0,79.0,4.7,166.0,Non-Smoker,4.0,0.0,86.0,5.0,7.1,Low,316.0,35-49,Overweight,29.0,70.66666666666667,Moderate (3-4),1,0,0,0,0,0,0
PT100572,2023-02-07,CL05,55.0,Female,31.2,110.0,64.0,74.0,122.0,6.0,185.0,Non-Smoker,3.0,1.0,81.0,,49.2,Moderate,80.0,50-64,Obese,46.0,79.33333333333333,Moderate (3-4),0,0,0,0,0,0,0
PT101064,2023-02-07,CL04,29.0,Male,34.0,97.0,65.0,71.0,89.0,4.8,185.0,Non-Smoker,6.0,0.0,72.0,2.0,23.4,Low,356.0,18-34,Obese,32.0,75.66666666666667,High (5-7),0,0,0,0,0,0,1
PT100218,2023-02-08,CL01,32.0,Female,28.7,110.0,66.0,72.0,86.0,5.6,184.0,Non-Smoker,4.0,0.0,85.0,0.0,7.4,Low,234.0,18-34,Overweight,44.0,80.66666666666667,Moderate (3-4),0,0,0,0,0,0,0
PT100088,2023-02-10,CL03,32.0,Female,22.3,101.0,56.0,76.0,84.0,5.1,213.0,Non-Smoker,3.0,0.0,70.0,2.0,,Low,358.0,18-34,Normal,45.0,71.0,Moderate (3-4),0,0,0,0,0,0,0
PT101052,2023-02-10,CL01,56.0,Female,26.2,129.0,82.0,76.0,100.0,5.3,158.0,Non-Smoker,4.0,1.0,81.0,1.0,44.4,Moderate,75.0,50-64,Overweight,47.0,97.66666666666667,Moderate (3-4),0,0,0,0,0,0,0
PT100957,2023-02-11,CL05,35.0,Male,29.8,138.0,86.0,65.0,88.0,5.0,140.0,Non-Smoker,5.0,0.0,87.0,1.0,41.1,Moderate,68.0,35-49,Overweight,52.0,103.33333333333333,High (5-7),0,0,0,0,0,0,1
PT100257,2023-02-12,CL05,52.0,Male,29.8,138.0,76.0,80.0,,5.5,,Non-Smoker,,0.0,68.0,3.0,69.3,High,29.0,50-64,Overweight,62.0,96.66666666666667,,0,0,1,0,0,0,1
PT100784,2023-02-12,CL04,59.0,Female,26.7,148.0,70.0,78.0,,5.1,241.0,Non-Smoker,0.0,0.0,88.0,1.0,65.4,High,30.0,50-64,Overweight,78.0,96.0,None,0,0,1,0,0,0,0
PT101109,2023-02-12,CL06,33.0,Female,26.6,139.0,82.0,75.0,114.0,6.0,194.0,,1.0,1.0,,1.0,80.6,High,20.0,18-34,Overweight,57.0,101.0,Low (1-2),0,0,0,0,1,0,0
PT100060,2023-02-13,CL01,62.0,Female,25.0,111.0,61.0,70.0,88.0,4.9,202.0,Non-Smoker,4.0,1.0,68.0,,70.8,High,29.0,50-64,Overweight,50.0,77.66666666666667,Moderate (3-4),0,0,0,0,0,0,0
PT100388,2023-02-13,CL06,41.0,Female,26.0,109.0,73.0,65.0,92.0,5.5,201.0,Non-Smoker,4.0,1.0,88.0,1.0,26.6,Low,362.0,35-49,Overweight,36.0,85.0,Moderate (3-4),0,0,0,0,0,0,0
PT100713,2023-02-13,CL05,52.0,Female,23.3,119.0,89.0,79.0,83.0,4.9,116.0,Non-Smoker,2.0,0.0,59.0,0.0,52.5,Moderate,83.0,50-64,Normal,30.0,99.0,Low (1-2),0,0,0,0,0,0,0
PT100789,2023-02-13,CL05,45.0,Male,24.9,129.0,80.0,71.0,86.0,4.7,182.0,Non-Smoker,3.0,0.0,,1.0,27.1,Low,287.0,35-49,Normal,49.0,96.33333333333333,Moderate (3-4),0,0,0,0,1,0,1
PT100582,2023-02-14,CL03,68.0,Male,35.1,113.0,70.0,76.0,98.0,5.8,225.0,Non-Smoker,3.0,0.0,80.0,,58.8,Moderate,89.0,65+,Obese,43.0,84.33333333333333,Moderate (3-4),0,0,0,0,0,0,1
PT101101,2023-02-14,CL01,54.0,Male,24.2,103.0,73.0,75.0,,5.7,186.0,Smoker,6.0,0.0,79.0,1.0,23.8,Low,227.0,50-64,Normal,30.0,83.0,High (5-7),0,0,1,0,0,1,1
PT101133,2023-02-14,CL01,47.0,Male,,107.0,53.0,77.0,103.0,5.7,184.0,Non-Smoker,2.0,1.0,63.0,,59.1,Moderate,74.0,35-49,,54.0,71.0,Low (1-2),0,1,0,0,0,0,1
PT100125,2023-02-15,CL01,73.0,Male,22.7,130.0,72.0,,85.0,5.0,245.0,Non-Smoker,2.0,0.0,62.0,1.0,70.1,High,17.0,65+,Normal,58.0,91.33333333333333,Low (1-2),0,0,0,0,0,0,1
PT100404,2023-02-16,,44.0,Female,31.0,110.0,73.0,79.0,92.0,5.2,206.0,Non-Smoker,3.0,0.0,83.0,0.0,37.2,Moderate,82.0,35-49,Obese,37.0,85.33333333333333,Moderate (3-4),0,0,0,0,0,0,0
PT100488,2023-02-16,CL02,59.0,Female,36.8,132.0,95.0,84.0,109.0,5.4,226.0,Non-Smoker,3.0,0.0,85.0,2.0,82.8,High,30.0,50-64,Obese,37.0,107.33333333333333,Moderate (3-4),0,0,0,0,0,0,0
PT100040,2023-02-18,CL04,47.0,Male,23.0,144.0,92.0,80.0,84.0,5.0,192.0,Non-Smoker,1.0,1.0,87.0,1.0,28.9,Low,325.0,35-49,Normal,52.0,109.33333333333333,Low (1-2),0,0,0,0,0,0,1
PT100311,2023-02-18,CL03,52.0,Male,25.0,133.0,94.0,60.0,89.0,5.2,182.0,Smoker,4.0,0.0,87.0,4.0,65.2,High,29.0,50-64,Overweight,39.0,107.0,Moderate (3-4),1,0,0,0,0,1,1
PT100564,2023-02-18,CL04,,Female,24.1,129.0,77.0,84.0,,5.4,222.0,Smoker,4.0,1.0,57.0,1.0,74.3,High,15.0,,Normal,52.0,94.33333333333333,Moderate (3-4),0,0,1,0,0,1,0
PT101161,2023-02-19,CL01,79.0,Female,31.9,98.0,53.0,76.0,93.0,5.5,,Non-Smoker,1.0,0.0,86.0,3.0,53.8,Moderate,73.0,65+,Obese,45.0,68.0,Low (1-2),0,0,0,0,0,0,0
PT100305,2023-02-20,CL05,78.0,Male,28.7,135.0,77.0,85.0,113.0,5.6,145.0,Non-Smoker,1.0,0.0,91.0,3.0,88.7,High,26.0,65+,Overweight,58.0,96.33333333333333,Low (1-2),0,0,0,0,0,0,1
PT100395,2023-02-20,CL01,63.0,Female,28.4,111.0,80.0,76.0,79.0,5.3,231.0,Non-Smoker,2.0,0.0,71.0,2.0,46.9,Moderate,71.0,50-64,Overweight,31.0,90.33333333333333,Low (1-2),0,0,0,0,0,0,0
PT100755,2023-02-20,CL04,78.0,Female,26.8,143.0,83.0,73.0,98.0,5.6,168.0,Non-Smoker,2.0,0.0,,4.0,78.8,High,29.0,65+,Overweight,60.0,103.0,Low (1-2),1,0,0,0,1,0,0
PT100191,2023-02-21,CL06,38.0,Female,,,89.0,80.0,109.0,6.3,,Non-Smoker,2.0,1.0,68.0,1.0,66.2,High,28.0,35-49,,,,Low (1-2),0,1,0,0,0,0,0
PT100670,2023-02-21,CL02,84.0,Female,25.5,154.0,86.0,70.0,390.0,5.8,170.0,Non-Smoker,4.0,0.0,36.0,3.0,97.0,High,17.0,65+,Overweight,68.0,108.66666666666667,Moderate (3-4),0,0,0,0,0,0,0
PT101011,2023-02-21,CL04,78.0,Male,36.5,127.0,75.0,89.0,114.0,6.2,200.0,Non-Smoker,2.0,1.0,60.0,3.0,92.6,High,20.0,65+,Obese,52.0,92.33333333333333,Low (1-2),0,0,0,0,0,0,1
PT100877,2023-02-22,CL02,52.0,Female,29.8,134.0,74.0,80.0,110.0,6.2,194.0,,3.0,0.0,81.0,2.0,73.0,High,29.0,50-64,Overweight,60.0,94.0,Moderate (3-4),0,0,0,0,0,0,0
PT100935,2023-02-22,CL05,37.0,Male,23.0,130.0,73.0,62.0,87.0,4.7,148.0,Non-Smoker,3.0,0.0,68.0,,41.7,Moderate,79.0,35-49,Normal,57.0,92.0,Moderate (3-4),0,0,0,0,0,0,1
PT101132,2023-02-22,CL03,46.0,Female,,162.0,96.0,75.0,92.0,5.5,238.0,Non-Smoker,4.0,1.0,41.0,2.0,91.9,High,17.0,35-49,,66.0,118.0,Moderate (3-4),0,1,0,0,0,0,0
PT101136,2023-02-24,CL02,51.0,Female,27.9,116.0,78.0,82.0,96.0,5.3,237.0,Non-Smoker,,0.0,,1.0,53.1,Moderate,73.0,50-64,Overweight,38.0,90.66666666666667,,0,0,0,0,1,0,0
PT100079,2023-02-26,CL03,53.0,Female,24.7,113.0,65.0,69.0,80.0,5.0,162.0,Non-Smoker,3.0,1.0,75.0,3.0,47.6,Moderate,74.0,50-64,Normal,48.0,81.0,Moderate (3-4),0,0,0,0,0,0,0
PT100269,2023-02-26,CL01,30.0,Female,23.9,100.0,78.0,57.0,97.0,5.7,198.0,Smoker,4.0,1.0,75.0,5.0,28.6,Low,196.0,18-34,Normal,22.0,85.33333333333333,Moderate (3-4),1,0,0,0,0,1,0
PT100456,2023-02-26,CL01,71.0,Male,26.3,150.0,85.0,65.0,104.0,5.8,214.0,,2.0,0.0,29.0,1.0,89.2,High,16.0,65+,Overweight,65.0,106.66666666666667,Low (1-2),0,0,0,0,0,0,1
PT101180,2023-02-26,CL01,25.0,Female,27.5,119.0,74.0,74.0,92.0,5.5,165.0,Non-Smoker,,1.0,77.0,0.0,29.2,Low,197.0,18-34,Overweight,45.0,89.0,,0,0,0,0,0,0,0
PT100352,2023-03-01,CL01,40.0,Male,25.1,107.0,73.0,71.0,88.0,,155.0,Non-Smoker,4.0,0.0,75.0,1.0,29.3,Low,182.0,35-49,Overweight,34.0,84.33333333333333,Moderate (3-4),0,0,0,1,0,0,1
PT100734,2023-03-01,CL02,64.0,Female,25.9,108.0,68.0,78.0,110.0,6.2,132.0,Non-Smoker,0.0,1.0,92.0,4.0,62.9,Moderate,67.0,50-64,Overweight,40.0,81.33333333333333,None,1,0,0,0,0,0,0
PT100235,2023-03-02,CL06,60.0,Male,21.0,125.0,66.0,68.0,,5.2,180.0,Non-Smoker,3.0,1.0,92.0,3.0,38.3,Moderate,61.0,50-64,Normal,59.0,85.66666666666667,Moderate (3-4),0,0,1,0,0,0,1
PT100921,2023-03-04,CL01,60.0,Female,22.8,130.0,76.0,80.0,103.0,6.1,223.0,Non-Smoker,3.0,0.0,96.0,3.0,71.0,High,27.0,50-64,Normal,54.0,94.0,Moderate (3-4),0,0,0,0,0,0,0
PT101143,2023-03-04,CL05,64.0,Male,21.3,126.0,83.0,54.0,83.0,5.3,245.0,Non-Smoker,3.0,0.0,47.0,2.0,58.4,Moderate,77.0,50-64,Normal,43.0,97.33333333333333,Moderate (3-4),0,0,0,0,0,0,1
PT100129,2023-03-05,CL01,56.0,Male,24.5,123.0,69.0,82.0,95.0,5.7,189.0,Smoker,1.0,0.0,85.0,1.0,55.9,Moderate,72.0,50-64,Normal,54.0,87.0,Low (1-2),0,0,0,0,0,1,1
PT100465,2023-03-05,CL03,40.0,Female,31.9,124.0,73.0,71.0,95.0,5.5,167.0,Non-Smoker,1.0,0.0,89.0,0.0,56.4,Moderate,72.0,35-49,Obese,51.0,90.0,Low (1-2),0,0,0,0,0,0,0
PT100881,2023-03-05,CL02,49.0,Female,31.9,116.0,83.0,81.0,96.0,5.4,188.0,Non-Smoker,1.0,0.0,68.0,1.0,61.6,Moderate,79.0,35-49,Obese,33.0,94.0,Low (1-2),0,0,0,0,0,0,0
PT101135,2023-03-06,CL06,58.0,Male,,106.0,71.0,72.0,95.0,5.7,217.0,Non-Smoker,2.0,0.0,,0.0,57.0,Moderate,82.0,50-64,,35.0,82.66666666666667,Low (1-2),0,1,0,0,1,0,1
PT100454,2023-03-07,CL01,64.0,Female,33.0,122.0,77.0,78.0,98.0,6.2,192.0,Smoker,3.0,1.0,82.0,3.0,83.8,High,14.0,50-64,Obese,45.0,92.0,Moderate (3-4),0,0,0,0,0,1,0
PT100848,2023-03-07,CL04,70.0,Male,28.5,149.0,90.0,47.0,92.0,5.4,199.0,Non-Smoker,3.0,0.0,89.0,1.0,79.1,High,18.0,65+,Overweight,59.0,109.66666666666667,Moderate (3-4),0,0,0,0,0,0,1
PT101128,2023-03-07,CL04,52.0,Male,33.6,120.0,79.0,80.0,83.0,4.1,210.0,Non-Smoker,4.0,0.0,82.0,0.0,15.7,Low,208.0,50-64,Obese,41.0,92.66666666666667,Moderate (3-4),0,0,0,0,0,0,1
PT100512,2023-03-08,CL05,24.0,Male,20.4,88.0,67.0,66.0,115.0,6.3,127.0,Non-Smoker,5.0,1.0,96.0,0.0,6.8,Low,238.0,18-34,Normal,21.0,74.0,High (5-7),0,0,0,0,0,0,1
PT100416,2023-03-10,,48.0,Male,22.1,128.0,83.0,75.0,86.0,5.8,224.0,Smoker,2.0,0.0,94.0,3.0,48.9,Moderate,71.0,35-49,Normal,45.0,98.0,Low (1-2),0,0,0,0,0,1,1
PT101014,2023-03-10,CL06,67.0,Male,19.6,125.0,72.0,80.0,85.0,5.4,167.0,Non-Smoker,4.0,0.0,93.0,2.0,46.3,Moderate,73.0,65+,Normal,53.0,89.66666666666667,Moderate (3-4),0,0,0,0,0,0,1
PT100053,2023-03-11,CL05,66.0,Female,29.8,149.0,88.0,81.0,93.0,5.4,179.0,Non-Smoker,2.0,0.0,70.0,0.0,79.6,High,15.0,65+,Overweight,61.0,108.33333333333333,Low (1-2),0,0,0,0,0,0,0
PT100194,2023-03-11,CL05,53.0,Male,24.4,122.0,67.0,60.0,195.0,9.2,215.0,Smoker,3.0,1.0,84.0,6.0,98.4,High,23.0,50-64,Normal,55.0,85.33333333333333,Moderate (3-4),1,0,0,0,0,1,1
PT100342,2023-03-12,CL06,25.0,Female,27.3,98.0,69.0,69.0,98.0,5.7,,Non-Smoker,4.0,0.0,76.0,1.0,7.6,Low,263.0,18-34,Overweight,29.0,78.66666666666667,Moderate (3-4),0,0,0,0,0,0,0
PT100884,2023-03-13,CL03,61.0,Female,27.0,130.0,77.0,73.0,98.0,5.7,204.0,Non-Smoker,2.0,0.0,73.0,2.0,61.6,Moderate,61.0,50-64,Overweight,53.0,94.66666666666667,Low (1-2),0,0,0,0,0,0,0
PT101019,2023-03-13,CL01,90.0,Female,28.7,151.0,85.0,75.0,103.0,5.3,241.0,Non-Smoker,3.0,0.0,99.0,0.0,83.5,High,29.0,65+,Overweight,66.0,107.0,Moderate (3-4),0,0,0,0,0,0,0
PT100072,2023-03-14,CL02,39.0,Male,,102.0,77.0,68.0,73.0,4.8,187.0,Non-Smoker,6.0,0.0,90.0,2.0,7.4,Low,339.0,35-49,,25.0,85.33333333333333,High (5-7),0,1,0,0,0,0,1
PT100102,2023-03-14,CL04,58.0,Female,20.6,119.0,64.0,,92.0,5.2,130.0,Smoker,1.0,1.0,,3.0,71.2,High,20.0,50-64,Normal,55.0,82.33333333333333,Low (1-2),0,0,0,0,1,1,0
PT100557,2023-03-14,CL02,53.0,Female,26.4,109.0,59.0,69.0,89.0,5.3,169.0,Non-Smoker,3.0,0.0,85.0,3.0,44.8,Moderate,66.0,50-64,Overweight,50.0,75.66666666666667,Moderate (3-4),0,0,0,0,0,0,0
PT100635,2023-03-14,CL01,63.0,Male,33.0,123.0,82.0,65.0,208.0,9.6,245.0,Non-Smoker,4.0,1.0,86.0,2.0,97.4,High,15.0,50-64,Obese,41.0,95.66666666666667,Moderate (3-4),0,0,0,0,0,0,1
PT100943,2023-03-14,CL01,39.0,Male,26.8,127.0,79.0,81.0,78.0,5.1,170.0,Non-Smoker,2.0,0.0,76.0,3.0,28.0,Low,331.0,35-49,Overweight,48.0,95.0,Low (1-2),0,0,0,0,0,0,1
PT100282,2023-03-15,CL01,37.0,Male,,102.0,77.0,62.0,68.0,5.0,196.0,Non-Smoker,5.0,0.0,80.0,0.0,6.7,Low,364.0,35-49,,25.0,85.33333333333333,High (5-7),0,1,0,0,0,0,1
PT100023,2023-03-17,,74.0,Female,30.4,120.0,80.0,78.0,115.0,6.2,217.0,Smoker,1.0,1.0,65.0,6.0,95.6,High,16.0,65+,Obese,40.0,93.33333333333333,Low (1-2),1,0,0,0,0,1,0
PT100115,2023-03-17,CL01,44.0,Male,24.5,117.0,77.0,91.0,89.0,6.0,241.0,Non-Smoker,0.0,0.0,94.0,2.0,58.1,Moderate,78.0,35-49,Normal,40.0,90.33333333333333,None,0,0,0,0,0,0,1
PT100156,2023-03-17,CL04,60.0,Female,33.2,121.0,70.0,94.0,371.0,,179.0,Non-Smoker,3.0,0.0,56.0,3.0,77.3,High,16.0,50-64,Obese,51.0,87.0,Moderate (3-4),0,0,0,1,0,0,0
PT100223,2023-03-17,CL04,59.0,Female,23.8,142.0,80.0,71.0,102.0,5.4,,Non-Smoker,1.0,0.0,63.0,2.0,76.0,High,25.0,50-64,Normal,62.0,100.66666666666667,Low (1-2),0,0,0,0,0,0,0
PT101097,2023-03-17,CL01,56.0,Female,26.8,110.0,74.0,71.0,98.0,5.5,125.0,Non-Smoker,3.0,0.0,64.0,3.0,29.5,Low,230.0,50-64,Overweight,36.0,86.0,Moderate (3-4),0,0,0,0,0,0,0
PT100075,2023-03-18,CL01,53.0,Male,39.6,134.0,73.0,75.0,106.0,5.9,214.0,Non-Smoker,2.0,0.0,,2.0,89.5,High,25.0,50-64,Obese,61.0,93.33333333333333,Low (1-2),0,0,0,0,1,0,1
PT100215,2023-03-18,CL04,47.0,Male,23.7,130.0,72.0,66.0,89.0,5.3,175.0,Non-Smoker,3.0,,58.0,1.0,32.4,Low,211.0,35-49,Normal,58.0,91.33333333333333,Moderate (3-4),0,0,0,0,0,0,1
PT100953,2023-03-19,CL02,50.0,Male,28.9,122.0,81.0,79.0,103.0,6.1,189.0,Smoker,4.0,1.0,,2.0,60.9,Moderate,62.0,50-64,Overweight,41.0,94.66666666666667,Moderate (3-4),0,0,0,0,1,1,1
PT100104,2023-03-20,CL06,62.0,Female,30.7,112.0,73.0,71.0,82.0,4.4,235.0,Non-Smoker,5.0,0.0,,1.0,54.9,Moderate,72.0,50-64,Obese,39.0,86.0,High (5-7),0,0,0,0,1,0,0
PT100546,2023-03-20,CL03,18.0,Female,19.9,93.0,56.0,80.0,77.0,,153.0,Non-Smoker,4.0,0.0,75.0,0.0,7.9,Low,287.0,18-34,Normal,37.0,68.33333333333333,Moderate (3-4),0,0,0,1,0,0,0
PT101091,2023-03-20,CL02,43.0,Male,21.1,102.0,65.0,69.0,83.0,4.8,168.0,Non-Smoker,3.0,1.0,81.0,6.0,20.6,Low,201.0,35-49,Normal,37.0,77.33333333333333,Moderate (3-4),1,0,0,0,0,0,1
PT100677,2023-03-21,CL06,54.0,Male,28.9,97.0,64.0,75.0,103.0,6.1,158.0,Non-Smoker,2.0,0.0,81.0,2.0,55.2,Moderate,69.0,50-64,Overweight,33.0,75.0,Low (1-2),0,0,0,0,0,0,1
PT100750,2023-03-21,CL05,75.0,Female,29.3,128.0,67.0,65.0,98.0,5.4,,Non-Smoker,2.0,0.0,60.0,2.0,89.1,High,18.0,65+,Overweight,61.0,87.33333333333333,Low (1-2),0,0,0,0,0,0,0
PT100634,2023-03-22,CL02,23.0,Female,31.6,83.0,65.0,71.0,105.0,5.5,217.0,Smoker,4.0,0.0,71.0,2.0,66.8,High,22.0,18-34,Obese,18.0,71.0,Moderate (3-4),0,0,0,0,0,1,0
PT101191,2023-03-23,CL03,58.0,Male,31.7,123.0,62.0,70.0,86.0,5.2,219.0,Non-Smoker,1.0,0.0,,2.0,75.5,High,16.0,50-64,Obese,61.0,82.33333333333333,Low (1-2),0,0,0,0,1,0,1
PT100511,2023-03-24,CL01,49.0,Female,26.3,120.0,87.0,72.0,81.0,4.9,184.0,Non-Smoker,3.0,0.0,70.0,0.0,45.3,Moderate,64.0,35-49,Overweight,33.0,98.0,Moderate (3-4),0,0,0,0,0,0,0
PT100627,2023-03-24,CL05,44.0,Male,25.8,123.0,84.0,74.0,72.0,4.3,236.0,Non-Smoker,3.0,0.0,51.0,0.0,55.7,Moderate,79.0,35-49,Overweight,39.0,97.0,Moderate (3-4),0,0,0,0,0,0,1
PT100323,2023-03-25,CL02,38.0,Female,28.4,93.0,62.0,68.0,99.0,6.0,178.0,Non-Smoker,5.0,0.0,93.0,3.0,25.8,Low,209.0,35-49,Overweight,31.0,72.33333333333333,High (5-7),0,0,0,0,0,0,0
PT100453,2023-03-25,CL04,45.0,Female,28.5,118.0,66.0,70.0,,5.5,202.0,Smoker,1.0,0.0,58.0,0.0,91.6,High,23.0,35-49,Overweight,52.0,83.33333333333333,Low (1-2),0,0,1,0,0,1,0
PT100106,2023-03-26,CL04,73.0,Male,30.6,141.0,74.0,83.0,102.0,5.4,180.0,Smoker,1.0,0.0,79.0,3.0,92.7,High,21.0,65+,Obese,67.0,96.33333333333333,Low (1-2),0,0,0,0,0,1,1
PT100281,2023-03-27,CL01,67.0,Male,27.9,126.0,81.0,62.0,160.0,7.7,196.0,Non-Smoker,2.0,0.0,70.0,3.0,90.9,High,28.0,65+,Overweight,45.0,96.0,Low (1-2),0,0,0,0,0,0,1
PT100386,2023-03-27,CL06,90.0,Female,28.5,117.0,76.0,77.0,98.0,5.3,186.0,Non-Smoker,2.0,1.0,88.0,3.0,70.4,High,21.0,65+,Overweight,41.0,89.66666666666667,Low (1-2),0,0,0,0,0,0,0
PT100300,2023-03-28,,45.0,Female,25.0,112.0,73.0,65.0,94.0,5.3,202.0,Non-Smoker,4.0,0.0,52.0,2.0,48.0,Moderate,86.0,35-49,Overweight,39.0,86.0,Moderate (3-4),0,0,0,0,0,0,0
PT100761,2023-03-28,CL04,74.0,Female,23.5,136.0,82.0,60.0,88.0,5.2,155.0,Non-Smoker,3.0,0.0,90.0,3.0,70.7,High,18.0,65+,Normal,54.0,100.0,Moderate (3-4),0,0,0,0,0,0,0
PT100905,2023-03-28,CL06,41.0,Female,27.4,,73.0,89.0,94.0,5.8,142.0,Non-Smoker,2.0,1.0,68.0,1.0,40.9,Moderate,70.0,35-49,Overweight,,,Low (1-2),0,0,0,0,0,0,0
PT100970,2023-03-28,CL01,38.0,Male,19.4,117.0,64.0,60.0,71.0,5.0,166.0,Non-Smoker,,0.0,75.0,0.0,5.5,Low,353.0,35-49,Normal,53.0,81.66666666666667,,0,0,0,0,0,0,1
PT101130,2023-03-29,CL06,60.0,Female,28.7,135.0,80.0,73.0,85.0,5.2,190.0,Non-Smoker,1.0,0.0,80.0,5.0,71.0,High,19.0,50-64,Overweight,55.0,98.33333333333333,Low (1-2),1,0,0,0,0,0,0
PT100110,2023-03-31,CL06,49.0,Female,25.8,120.0,78.0,70.0,91.0,5.4,229.0,Non-Smoker,4.0,1.0,74.0,2.0,48.1,Moderate,78.0,35-49,Overweight,42.0,92.0,Moderate (3-4),0,0,0,0,0,0,0
PT100949,2023-03-31,CL05,49.0,Male,21.6,94.0,74.0,69.0,92.0,5.3,148.0,Smoker,3.0,0.0,83.0,1.0,17.9,Low,324.0,35-49,Normal,20.0,80.66666666666667,Moderate (3-4),0,0,0,0,0,1,1
PT101099,2023-03-31,CL05,76.0,Male,,140.0,87.0,83.0,103.0,5.9,196.0,Smoker,1.0,0.0,48.0,2.0,91.9,High,22.0,65+,,53.0,104.66666666666667,Low (1-2),0,1,0,0,0,1,1
PT100523,2023-04-01,CL01,22.0,Female,24.6,107.0,71.0,65.0,75.0,5.1,187.0,Non-Smoker,3.0,0.0,87.0,0.0,6.2,Low,343.0,18-34,Normal,36.0,83.0,Moderate (3-4),0,0,0,0,0,0,0
PT100423,2023-04-03,CL01,46.0,Female,27.5,120.0,73.0,75.0,,5.4,177.0,Non-Smoker,2.0,0.0,75.0,3.0,64.8,Moderate,81.0,35-49,Overweight,47.0,88.66666666666667,Low (1-2),0,0,1,0,0,0,0
PT100430,2023-04-03,CL05,50.0,Female,28.4,135.0,82.0,74.0,131.0,7.1,184.0,Non-Smoker,1.0,1.0,95.0,5.0,83.0,High,14.0,50-64,Overweight,53.0,99.66666666666667,Low (1-2),1,0,0,0,0,0,0
PT100150,2023-04-04,CL01,52.0,Female,28.3,102.0,79.0,81.0,79.0,5.3,,,2.0,0.0,74.0,0.0,36.3,Moderate,82.0,50-64,Overweight,23.0,86.66666666666667,Low (1-2),0,0,0,0,0,0,0
PT100297,2023-04-04,CL06,90.0,Male,26.2,153.0,100.0,93.0,177.0,8.4,219.0,Non-Smoker,0.0,0.0,78.0,8.0,99.3,High,24.0,65+,Overweight,53.0,117.66666666666667,None,1,0,0,0,0,0,1
PT100419,2023-04-04,CL01,53.0,,26.9,133.0,72.0,80.0,91.0,5.2,188.0,Smoker,2.0,1.0,68.0,1.0,69.5,High,15.0,50-64,Overweight,61.0,92.33333333333333,Low (1-2),0,0,0,0,0,1,0
PT100509,2023-04-04,CL03,64.0,Male,25.8,124.0,90.0,86.0,108.0,5.9,124.0,Smoker,1.0,0.0,74.0,2.0,78.4,High,21.0,50-64,Overweight,34.0,101.33333333333333,Low (1-2),0,0,0,0,0,1,1
PT100664,2023-04-04,CL01,24.0,Female,19.6,119.0,84.0,72.0,69.0,4.9,139.0,Non-Smoker,4.0,0.0,78.0,1.0,3.4,Low,359.0,18-34,Normal,35.0,95.66666666666667,Moderate (3-4),0,0,0,0,0,0,0
PT100765,2023-04-04,,79.0,Female,28.5,157.0,90.0,71.0,155.0,7.5,162.0,Smoker,2.0,1.0,91.0,2.0,96.8,High,22.0,65+,Overweight,67.0,112.33333333333333,Low (1-2),0,0,0,0,0,1,0
PT100948,2023-04-04,CL05,55.0,Female,23.5,118.0,67.0,78.0,88.0,4.9,235.0,Non-Smoker,5.0,1.0,54.0,1.0,61.5,Moderate,66.0,50-64,Normal,51.0,84.0,High (5-7),0,0,0,0,0,0,0
PT101113,2023-04-04,CL04,61.0,Female,28.7,129.0,86.0,58.0,77.0,4.9,235.0,,3.0,0.0,84.0,3.0,48.9,Moderate,86.0,50-64,Overweight,43.0,100.33333333333333,Moderate (3-4),0,0,0,0,0,0,0
PT100299,2023-04-05,CL05,61.0,Female,27.2,114.0,70.0,71.0,99.0,5.4,230.0,Non-Smoker,4.0,0.0,65.0,3.0,64.6,Moderate,90.0,50-64,Overweight,44.0,84.66666666666667,Moderate (3-4),0,0,0,0,0,0,0
PT100622,2023-04-06,,53.0,Male,34.7,140.0,80.0,79.0,96.0,5.5,161.0,Smoker,,0.0,64.0,1.0,89.7,High,26.0,50-64,Obese,60.0,100.0,,0,0,0,0,0,1,1
PT100702,2023-04-06,CL02,24.0,Female,24.8,,47.0,74.0,74.0,4.6,198.0,Non-Smoker,5.0,0.0,94.0,1.0,1.9,Low,209.0,18-34,Normal,,,High (5-7),0,0,0,0,0,0,0
PT100887,2023-04-06,CL02,38.0,Male,19.3,108.0,58.0,69.0,83.0,5.3,187.0,Non-Smoker,,0.0,76.0,1.0,8.8,Low,315.0,35-49,Normal,50.0,74.66666666666667,,0,0,0,0,0,0,1
PT100031,2023-04-07,CL04,28.0,Female,31.7,119.0,72.0,74.0,92.0,5.1,209.0,Smoker,3.0,0.0,81.0,0.0,62.2,Moderate,76.0,18-34,Obese,47.0,87.66666666666667,Moderate (3-4),0,0,0,0,0,1,0
PT101138,2023-04-07,CL03,42.0,Female,26.7,120.0,74.0,79.0,97.0,5.2,213.0,Smoker,1.0,1.0,84.0,2.0,70.4,High,20.0,35-49,Overweight,46.0,89.33333333333333,Low (1-2),0,0,0,0,0,1,0
PT100361,2023-04-08,CL06,54.0,Female,21.5,127.0,87.0,66.0,75.0,4.4,145.0,Non-Smoker,4.0,0.0,70.0,2.0,26.1,Low,357.0,50-64,Normal,40.0,100.33333333333333,Moderate (3-4),0,0,0,0,0,0,0
PT101127,2023-04-08,CL03,69.0,Female,,109.0,72.0,74.0,93.0,5.3,191.0,Non-Smoker,1.0,1.0,73.0,2.0,73.8,High,27.0,65+,,37.0,84.33333333333333,Low (1-2),0,1,0,0,0,0,0
PT100080,2023-04-09,CL05,55.0,Female,21.8,127.0,86.0,75.0,63.0,4.2,176.0,Smoker,4.0,0.0,49.0,2.0,50.0,Moderate,74.0,50-64,Normal,41.0,99.66666666666667,Moderate (3-4),0,0,0,0,0,1,0
PT100869,2023-04-09,CL01,,Female,,121.0,83.0,77.0,107.0,5.9,215.0,Non-Smoker,6.0,1.0,89.0,2.0,44.4,Moderate,69.0,,,38.0,95.66666666666667,High (5-7),0,1,0,0,0,0,0
PT100908,2023-04-09,CL01,46.0,Female,28.6,111.0,76.0,56.0,132.0,6.8,155.0,Non-Smoker,3.0,0.0,66.0,4.0,,High,22.0,35-49,Overweight,35.0,87.66666666666667,Moderate (3-4),1,0,0,0,0,0,0
PT100327,2023-04-10,CL05,54.0,Male,23.2,92.0,71.0,85.0,82.0,5.1,165.0,Non-Smoker,2.0,0.0,55.0,2.0,14.3,Low,208.0,50-64,Normal,21.0,78.0,Low (1-2),0,0,0,0,0,0,1
PT100336,2023-04-13,CL04,54.0,Male,22.5,139.0,88.0,77.0,93.0,5.4,139.0,Non-Smoker,1.0,0.0,91.0,2.0,60.2,Moderate,79.0,50-64,Normal,51.0,105.0,Low (1-2),0,0,0,0,0,0,1
PT100804,2023-04-13,CL03,57.0,Female,29.9,118.0,80.0,78.0,92.0,5.7,174.0,Non-Smoker,3.0,0.0,53.0,0.0,51.5,Moderate,90.0,50-64,Overweight,38.0,92.66666666666667,Moderate (3-4),0,0,0,0,0,0,0
PT100849,2023-04-13,CL01,39.0,Male,27.5,121.0,70.0,84.0,87.0,5.3,193.0,Non-Smoker,1.0,0.0,,1.0,60.0,Moderate,61.0,35-49,Overweight,51.0,87.0,Low (1-2),0,0,0,0,1,0,1
PT101114,2023-04-14,CL06,24.0,Female,26.0,126.0,69.0,76.0,78.0,4.3,139.0,Non-Smoker,4.0,1.0,96.0,2.0,13.0,Low,344.0,18-34,Overweight,57.0,88.0,Moderate (3-4),0,0,0,0,0,0,0
PT100119,2023-04-15,CL03,25.0,Male,28.9,115.0,78.0,73.0,90.0,5.3,179.0,Smoker,3.0,1.0,46.0,3.0,,Moderate,61.0,18-34,Overweight,37.0,90.33333333333333,Moderate (3-4),0,0,0,0,0,1,1
PT100658,2023-04-18,CL02,69.0,Male,35.6,129.0,74.0,81.0,101.0,5.3,278.0,Non-Smoker,3.0,1.0,80.0,0.0,93.8,High,26.0,65+,Obese,55.0,92.33333333333333,Moderate (3-4),0,0,0,0,0,0,1
PT100489,2023-04-19,CL03,43.0,Female,25.1,99.0,53.0,71.0,79.0,4.5,280.0,Non-Smoker,2.0,0.0,71.0,,10.2,Low,288.0,35-49,Overweight,46.0,68.33333333333333,Low (1-2),0,0,0,0,0,0,0
PT100491,2023-04-19,CL04,41.0,Female,24.0,114.0,65.0,65.0,101.0,,276.0,Non-Smoker,3.0,0.0,92.0,0.0,46.1,Moderate,66.0,35-49,Normal,49.0,81.33333333333333,Moderate (3-4),0,0,0,1,0,0,0
PT100669,2023-04-19,CL02,69.0,Female,,143.0,94.0,69.0,116.0,5.9,220.0,Non-Smoker,3.0,1.0,64.0,4.0,98.6,High,28.0,65+,,49.0,110.33333333333333,Moderate (3-4),1,1,0,0,0,0,0
PT100263,2023-04-20,CL02,59.0,Male,25.2,138.0,85.0,69.0,97.0,5.6,213.0,Smoker,1.0,1.0,74.0,2.0,89.1,High,14.0,50-64,Overweight,53.0,102.66666666666667,Low (1-2),0,0,0,0,0,1,1
PT100239,2023-04-21,CL01,58.0,Male,24.3,114.0,66.0,,88.0,5.8,236.0,Non-Smoker,1.0,0.0,87.0,1.0,45.7,Moderate,68.0,50-64,Normal,48.0,82.0,Low (1-2),0,0,0,0,0,0,1
PT100486,2023-04-23,CL02,31.0,Female,22.2,82.0,55.0,46.0,88.0,5.5,,Non-Smoker,6.0,0.0,82.0,1.0,,Low,244.0,18-34,Normal,27.0,64.0,High (5-7),0,0,0,0,0,0,0
PT100638,2023-04-23,CL04,39.0,Female,29.0,109.0,69.0,73.0,82.0,5.0,192.0,Non-Smoker,,0.0,96.0,1.0,22.9,Low,305.0,35-49,Overweight,40.0,82.33333333333333,,0,0,0,0,0,0,0
PT101168,2023-04-23,CL03,42.0,Female,28.4,108.0,,76.0,80.0,5.2,205.0,Non-Smoker,3.0,1.0,62.0,2.0,35.2,Moderate,71.0,35-49,Overweight,,,Moderate (3-4),0,0,0,0,0,0,0
PT100392,2023-04-24,CL01,47.0,Female,29.7,114.0,73.0,77.0,99.0,5.8,193.0,Smoker,2.0,0.0,67.0,0.0,62.1,Moderate,60.0,35-49,Overweight,41.0,86.66666666666667,Low (1-2),0,0,0,0,0,1,0
PT100853,2023-04-25,CL05,32.0,Female,22.5,118.0,,65.0,84.0,,238.0,Smoker,3.0,1.0,,1.0,48.3,Moderate,87.0,18-34,Normal,,,Moderate (3-4),0,0,0,1,1,1,0
PT101003,2023-04-25,CL01,65.0,Female,25.1,136.0,91.0,72.0,102.0,5.7,193.0,Smoker,2.0,0.0,93.0,0.0,80.3,High,16.0,65+,Overweight,45.0,106.0,Low (1-2),0,0,0,0,0,1,0
PT100027,2023-04-26,CL03,37.0,Male,22.9,104.0,56.0,65.0,,,154.0,Smoker,3.0,0.0,91.0,1.0,29.8,Low,282.0,35-49,Normal,48.0,72.0,Moderate (3-4),0,0,1,1,0,1,1
PT100468,2023-04-26,CL06,36.0,Female,26.4,109.0,71.0,68.0,86.0,4.7,141.0,Non-Smoker,3.0,0.0,67.0,1.0,18.6,Low,197.0,35-49,Overweight,38.0,83.66666666666667,Moderate (3-4),0,0,0,0,0,0,0
PT100951,2023-04-27,CL03,18.0,Male,19.6,111.0,58.0,78.0,,,188.0,,2.0,0.0,81.0,2.0,8.7,Low,327.0,18-34,Normal,53.0,75.66666666666667,Low (1-2),0,0,1,1,0,0,1
PT100260,2023-04-28,CL03,52.0,Male,22.6,113.0,76.0,64.0,118.0,6.6,168.0,Non-Smoker,3.0,0.0,51.0,0.0,49.6,Moderate,84.0,50-64,Normal,37.0,88.33333333333333,Moderate (3-4),0,0,0,0,0,0,1
PT100763,2023-04-28,CL01,26.0,Male,25.2,112.0,78.0,77.0,91.0,4.2,140.0,Smoker,2.0,1.0,92.0,2.0,44.8,Moderate,86.0,18-34,Overweight,34.0,89.33333333333333,Low (1-2),0,0,0,0,0,1,1
PT100927,2023-04-28,CL01,42.0,Female,26.1,117.0,73.0,72.0,86.0,6.0,204.0,Smoker,4.0,0.0,74.0,0.0,25.2,Low,185.0,35-49,Overweight,44.0,87.66666666666667,Moderate (3-4),0,0,0,0,0,1,0
PT100965,2023-04-28,CL06,71.0,Female,27.0,134.0,98.0,75.0,82.0,5.6,,Non-Smoker,1.0,0.0,87.0,7.0,70.6,High,24.0,65+,Overweight,36.0,110.0,Low (1-2),1,0,0,0,0,0,0
PT100033,2023-04-29,CL02,67.0,Male,25.8,100.0,69.0,74.0,78.0,4.7,199.0,Non-Smoker,3.0,,70.0,0.0,31.0,Low,,65+,Overweight,31.0,79.33333333333333,Moderate (3-4),0,0,0,0,0,0,1
PT100533,2023-04-29,CL02,28.0,Female,28.6,101.0,63.0,,80.0,4.9,147.0,Non-Smoker,5.0,0.0,60.0,0.0,6.9,Low,190.0,18-34,Overweight,38.0,75.66666666666667,High (5-7),0,0,0,0,0,0,0
PT100922,2023-04-29,CL05,25.0,,32.2,221.0,66.0,,94.0,5.3,135.0,Non-Smoker,1.0,,50.0,0.0,57.2,Moderate,81.0,18-34,Obese,155.0,117.66666666666667,Low (1-2),0,0,0,0,0,0,0
PT100320,2023-04-30,CL06,51.0,Female,43.7,132.0,86.0,58.0,108.0,6.1,189.0,Non-Smoker,4.0,0.0,92.0,2.0,89.3,High,28.0,50-64,Obese,46.0,101.33333333333333,Moderate (3-4),0,0,0,0,0,0,0
PT100871,2023-05-01,CL04,74.0,Female,27.8,127.0,79.0,99.0,100.0,,145.0,Non-Smoker,3.0,0.0,56.0,3.0,83.6,High,27.0,65+,Overweight,48.0,95.0,Moderate (3-4),0,0,0,1,0,0,0
PT100196,2023-05-02,CL01,25.0,Male,29.6,116.0,78.0,72.0,97.0,5.6,204.0,Non-Smoker,4.0,0.0,77.0,1.0,26.0,Low,300.0,18-34,Overweight,38.0,90.66666666666667,Moderate (3-4),0,0,0,0,0,0,1
PT101159,2023-05-03,CL03,81.0,Female,34.1,128.0,92.0,69.0,121.0,5.9,206.0,Non-Smoker,1.0,1.0,83.0,1.0,92.6,High,30.0,65+,Obese,36.0,104.0,Low (1-2),0,0,0,0,0,0,0
PT100540,2023-05-04,CL05,90.0,Female,26.0,143.0,86.0,59.0,89.0,5.4,193.0,Non-Smoker,2.0,0.0,84.0,,78.8,High,29.0,65+,Overweight,57.0,105.0,Low (1-2),0,0,0,0,0,0,0
PT100649,2023-05-04,CL04,27.0,Male,28.0,122.0,75.0,82.0,88.0,5.0,199.0,Non-Smoker,5.0,1.0,91.0,3.0,26.2,Low,334.0,18-34,Overweight,47.0,90.66666666666667,High (5-7),0,0,0,0,0,0,1
PT101117,2023-05-04,CL01,24.0,Female,26.4,92.0,65.0,80.0,76.0,5.4,185.0,Smoker,2.0,0.0,68.0,0.0,34.2,Low,245.0,18-34,Overweight,27.0,74.0,Low (1-2),0,0,0,0,0,1,0
PT101124,2023-05-04,CL01,57.0,Male,34.6,133.0,84.0,65.0,98.0,5.9,226.0,Non-Smoker,3.0,1.0,64.0,2.0,87.1,High,30.0,50-64,Obese,49.0,100.33333333333333,Moderate (3-4),0,0,0,0,0,0,1
PT100134,2023-05-05,CL02,67.0,Female,30.3,107.0,71.0,73.0,98.0,5.4,186.0,Non-Smoker,3.0,0.0,99.0,0.0,59.4,Moderate,64.0,65+,Obese,36.0,83.0,Moderate (3-4),0,0,0,0,0,0,0
PT100780,2023-05-05,CL05,39.0,Male,24.4,118.0,83.0,70.0,95.0,6.0,249.0,Smoker,1.0,0.0,65.0,2.0,45.1,Moderate,83.0,35-49,Normal,35.0,94.66666666666667,Low (1-2),0,0,0,0,0,1,1
PT101162,2023-05-05,CL04,37.0,Male,19.9,105.0,74.0,79.0,75.0,4.8,159.0,Smoker,0.0,0.0,97.0,0.0,40.0,Moderate,89.0,35-49,Normal,31.0,84.33333333333333,None,0,0,0,0,0,1,1
PT100050,2023-05-06,CL01,59.0,Female,23.0,121.0,86.0,67.0,98.0,5.7,187.0,Non-Smoker,3.0,0.0,54.0,3.0,42.6,Moderate,70.0,50-64,Normal,35.0,97.66666666666667,Moderate (3-4),0,0,0,0,0,0,0
PT100405,2023-05-06,CL06,38.0,Female,21.9,87.0,69.0,63.0,66.0,4.3,203.0,Non-Smoker,4.0,0.0,74.0,0.0,2.9,Low,296.0,35-49,Normal,18.0,75.0,Moderate (3-4),0,0,0,0,0,0,0
PT100857,2023-05-07,CL04,46.0,Female,25.9,109.0,,74.0,93.0,,200.0,Non-Smoker,2.0,0.0,,2.0,43.5,Moderate,68.0,35-49,Overweight,,,Low (1-2),0,0,0,1,1,0,0
PT100531,2023-05-08,CL04,86.0,Female,24.3,125.0,85.0,67.0,96.0,5.0,180.0,Non-Smoker,2.0,0.0,97.0,5.0,80.1,High,25.0,65+,Normal,40.0,98.33333333333333,Low (1-2),1,0,0,0,0,0,0
PT100697,2023-05-08,CL04,40.0,Female,28.3,120.0,75.0,79.0,76.0,5.0,160.0,Smoker,2.0,1.0,68.0,0.0,54.7,Moderate,86.0,35-49,Overweight,45.0,90.0,Low (1-2),0,0,0,0,0,1,0
PT100889,2023-05-08,CL01,50.0,Male,21.6,106.0,75.0,,89.0,5.2,121.0,Non-Smoker,2.0,0.0,97.0,1.0,15.2,Low,283.0,50-64,Normal,31.0,85.33333333333333,Low (1-2),0,0,0,0,0,0,1
PT100078,2023-05-09,CL04,61.0,Female,22.4,104.0,65.0,60.0,86.0,5.4,185.0,Non-Smoker,1.0,0.0,85.0,2.0,41.4,Moderate,70.0,50-64,Normal,39.0,78.0,Low (1-2),0,0,0,0,0,0,0
PT100652,2023-05-09,CL06,18.0,Male,20.1,128.0,68.0,71.0,80.0,4.9,115.0,Smoker,4.0,0.0,81.0,0.0,17.1,Low,297.0,18-34,Normal,60.0,88.0,Moderate (3-4),0,0,0,0,0,1,1
PT100688,2023-05-09,CL06,64.0,Female,,130.0,,,109.0,6.2,174.0,Non-Smoker,2.0,0.0,87.0,1.0,69.4,High,26.0,50-64,,,,Low (1-2),0,1,0,0,0,0,0
PT100796,2023-05-09,CL02,45.0,Female,24.1,107.0,76.0,66.0,90.0,5.5,150.0,Non-Smoker,3.0,1.0,83.0,0.0,14.9,Low,269.0,35-49,Normal,31.0,86.33333333333333,Moderate (3-4),0,0,0,0,0,0,0
PT100083,2023-05-12,CL05,38.0,Female,30.7,113.0,69.0,65.0,108.0,6.1,218.0,Non-Smoker,3.0,0.0,74.0,2.0,31.8,Low,229.0,35-49,Obese,44.0,83.66666666666667,Moderate (3-4),0,0,0,0,0,0,0
PT100213,2023-05-13,CL01,64.0,Male,23.2,125.0,71.0,82.0,85.0,5.2,187.0,Smoker,3.0,0.0,98.0,1.0,78.3,High,23.0,50-64,Normal,54.0,89.0,Moderate (3-4),0,0,0,0,0,1,1
PT100687,2023-05-13,CL03,63.0,Female,27.5,130.0,78.0,83.0,101.0,5.0,194.0,Non-Smoker,2.0,1.0,,3.0,94.3,High,29.0,50-64,Overweight,52.0,95.33333333333333,Low (1-2),0,0,0,0,1,0,0
PT100526,2023-05-14,CL02,69.0,Female,,116.0,74.0,64.0,99.0,5.9,223.0,,2.0,0.0,36.0,1.0,73.8,High,20.0,65+,,42.0,88.0,Low (1-2),0,1,0,0,0,0,0
PT100699,2023-05-15,CL04,53.0,Male,32.7,,69.0,65.0,113.0,6.2,270.0,Non-Smoker,2.0,0.0,83.0,0.0,81.2,High,18.0,50-64,Obese,,,Low (1-2),0,0,0,0,0,0,1
PT100341,2023-05-16,CL01,40.0,Male,23.6,118.0,75.0,82.0,80.0,5.0,,Non-Smoker,3.0,,77.0,2.0,,Low,351.0,35-49,Normal,43.0,89.33333333333333,Moderate (3-4),0,0,0,0,0,0,1
PT100529,2023-05-16,CL05,57.0,Female,22.9,121.0,75.0,72.0,99.0,5.4,176.0,Non-Smoker,1.0,0.0,,4.0,64.0,Moderate,77.0,50-64,Normal,46.0,90.33333333333333,Low (1-2),1,0,0,0,1,0,0
PT100890,2023-05-16,CL04,77.0,Male,29.4,148.0,91.0,75.0,118.0,6.2,263.0,Smoker,2.0,0.0,91.0,2.0,97.7,High,18.0,65+,Overweight,57.0,110.0,Low (1-2),0,0,0,0,0,1,1
PT100959,2023-05-17,CL03,53.0,Male,24.0,123.0,81.0,79.0,83.0,5.6,,Non-Smoker,4.0,0.0,84.0,0.0,39.3,Moderate,87.0,50-64,Normal,42.0,95.0,Moderate (3-4),0,0,0,0,0,0,1
PT101129,2023-05-17,CL04,57.0,Male,24.5,,92.0,56.0,91.0,4.9,226.0,Non-Smoker,1.0,0.0,80.0,4.0,74.4,High,26.0,50-64,Normal,,,Low (1-2),1,0,0,0,0,0,1
PT100274,2023-05-18,CL03,72.0,Male,28.4,124.0,72.0,73.0,101.0,5.9,215.0,Non-Smoker,4.0,0.0,,3.0,71.1,High,27.0,65+,Overweight,52.0,89.33333333333333,Moderate (3-4),0,0,0,0,1,0,1
PT100338,2023-05-18,CL04,53.0,Female,23.9,116.0,75.0,90.0,90.0,5.8,187.0,Non-Smoker,4.0,0.0,88.0,2.0,23.8,Low,193.0,50-64,Normal,41.0,88.66666666666667,Moderate (3-4),0,0,0,0,0,0,0
PT100544,2023-05-18,CL06,45.0,Female,23.8,115.0,70.0,51.0,89.0,5.5,190.0,Non-Smoker,3.0,0.0,92.0,3.0,17.6,Low,317.0,35-49,Normal,45.0,85.0,Moderate (3-4),0,0,0,0,0,0,0
PT100994,2023-05-18,CL01,58.0,Male,27.4,147.0,84.0,79.0,88.0,5.0,175.0,Non-Smoker,,0.0,64.0,1.0,62.2,Moderate,87.0,50-64,Overweight,63.0,105.0,,0,0,0,0,0,0,1
PT100410,2023-05-19,CL06,90.0,Male,33.3,137.0,85.0,73.0,110.0,6.5,254.0,Non-Smoker,2.0,1.0,80.0,5.0,97.4,High,17.0,65+,Obese,52.0,102.33333333333333,Low (1-2),1,0,0,0,0,0,1
PT100645,2023-05-19,CL04,67.0,Female,30.2,125.0,84.0,70.0,110.0,6.0,155.0,Non-Smoker,1.0,0.0,66.0,4.0,87.7,High,30.0,65+,Obese,41.0,97.66666666666667,Low (1-2),1,0,0,0,0,0,0
PT100856,2023-05-19,CL03,43.0,Female,23.1,109.0,70.0,76.0,93.0,5.3,157.0,Non-Smoker,4.0,0.0,53.0,0.0,29.7,Low,342.0,35-49,Normal,39.0,83.0,Moderate (3-4),0,0,0,0,0,0,0
PT100794,2023-05-21,CL01,27.0,Female,37.1,123.0,85.0,68.0,96.0,5.9,,Non-Smoker,5.0,,48.0,2.0,73.9,High,19.0,18-34,Obese,38.0,97.66666666666667,High (5-7),0,0,0,0,0,0,0
PT100895,2023-05-21,CL05,24.0,Male,27.6,130.0,79.0,71.0,,4.8,186.0,Non-Smoker,3.0,1.0,75.0,1.0,16.5,Low,263.0,18-34,Overweight,51.0,96.0,Moderate (3-4),0,0,1,0,0,0,1
PT100154,2023-05-22,,40.0,Male,20.2,115.0,77.0,80.0,80.0,4.6,186.0,Non-Smoker,5.0,0.0,66.0,1.0,14.4,Low,187.0,35-49,Normal,38.0,89.66666666666667,High (5-7),0,0,0,0,0,0,1
PT100461,2023-05-22,CL03,51.0,Female,25.9,123.0,87.0,75.0,104.0,5.9,249.0,Non-Smoker,1.0,0.0,61.0,2.0,71.6,High,27.0,50-64,Overweight,36.0,99.0,Low (1-2),0,0,0,0,0,0,0
PT100593,2023-05-22,CL02,63.0,Male,28.7,140.0,75.0,64.0,88.0,5.2,226.0,Non-Smoker,4.0,0.0,98.0,4.0,71.0,High,25.0,50-64,Overweight,65.0,96.66666666666667,Moderate (3-4),1,0,0,0,0,0,1
PT100066,2023-05-23,CL03,70.0,Female,22.9,128.0,81.0,79.0,86.0,5.4,196.0,Smoker,1.0,0.0,49.0,4.0,71.0,High,19.0,65+,Normal,47.0,96.66666666666667,Low (1-2),1,0,0,0,0,1,0
PT100451,2023-05-23,CL01,59.0,Male,28.3,131.0,83.0,75.0,109.0,6.1,166.0,Smoker,2.0,0.0,,0.0,87.2,High,30.0,50-64,Overweight,48.0,99.0,Low (1-2),0,0,0,0,1,1,1
PT100490,2023-05-23,CL03,28.0,Female,38.3,129.0,82.0,65.0,,6.2,172.0,Non-Smoker,,,69.0,1.0,,Moderate,75.0,18-34,Obese,47.0,97.66666666666667,,0,0,1,0,0,0,0
PT100782,2023-05-23,CL06,61.0,Female,21.0,,74.0,68.0,90.0,,234.0,Non-Smoker,,0.0,88.0,0.0,43.9,Moderate,87.0,50-64,Normal,,,,0,0,0,1,0,0,0
PT100858,2023-05-23,CL05,24.0,Female,25.1,84.0,57.0,79.0,80.0,5.5,164.0,Non-Smoker,4.0,0.0,87.0,2.0,6.6,Low,219.0,18-34,Overweight,27.0,66.0,Moderate (3-4),0,0,0,0,0,0,0
PT100753,2023-05-24,CL02,47.0,Male,23.6,136.0,75.0,70.0,82.0,,206.0,Smoker,2.0,0.0,86.0,0.0,65.1,High,18.0,35-49,Normal,61.0,95.33333333333333,Low (1-2),0,0,0,1,0,1,1
PT100413,2023-05-25,CL01,43.0,Male,29.6,98.0,60.0,74.0,101.0,5.8,174.0,Non-Smoker,3.0,0.0,70.0,0.0,61.5,Moderate,80.0,35-49,Overweight,38.0,72.66666666666667,Moderate (3-4),0,0,0,0,0,0,1
PT100640,2023-05-25,CL05,45.0,Male,20.5,126.0,77.0,80.0,93.0,5.5,134.0,Non-Smoker,2.0,0.0,90.0,0.0,39.8,Moderate,62.0,35-49,Normal,49.0,93.33333333333333,Low (1-2),0,0,0,0,0,0,1
PT100111,2023-05-26,CL03,62.0,Female,31.8,141.0,79.0,81.0,85.0,4.7,167.0,Smoker,3.0,,81.0,0.0,66.0,High,21.0,50-64,Obese,62.0,99.66666666666667,Moderate (3-4),0,0,0,0,0,1,0
PT100345,2023-05-26,CL05,26.0,Male,19.7,130.0,79.0,66.0,75.0,4.3,187.0,Non-Smoker,3.0,0.0,98.0,0.0,17.4,Low,307.0,18-34,Normal,51.0,96.0,Moderate (3-4),0,0,0,0,0,0,1
PT100624,2023-05-26,CL03,48.0,Male,22.9,116.0,76.0,74.0,86.0,4.8,149.0,Smoker,2.0,0.0,72.0,0.0,56.0,Moderate,85.0,35-49,Normal,40.0,89.33333333333333,Low (1-2),0,0,0,0,0,1,1
PT100415,2023-05-27,CL01,36.0,Female,24.2,100.0,60.0,82.0,68.0,4.5,155.0,Non-Smoker,2.0,0.0,95.0,4.0,7.6,Low,334.0,35-49,Normal,40.0,73.33333333333333,Low (1-2),1,0,0,0,0,0,0
PT100888,2023-05-27,CL01,74.0,Female,21.4,140.0,82.0,69.0,82.0,4.9,195.0,Non-Smoker,4.0,1.0,82.0,,74.4,High,14.0,65+,Normal,58.0,101.33333333333333,Moderate (3-4),0,0,0,0,0,0,0
PT100500,2023-05-28,CL03,57.0,Female,27.7,113.0,83.0,83.0,114.0,6.9,198.0,Smoker,2.0,1.0,,3.0,80.3,High,21.0,50-64,Overweight,30.0,93.0,Low (1-2),0,0,0,0,1,1,0
PT101104,2023-05-28,CL05,30.0,Female,27.8,94.0,,94.0,93.0,5.5,170.0,Non-Smoker,4.0,0.0,87.0,0.0,10.7,Low,305.0,18-34,Overweight,,,Moderate (3-4),0,0,0,0,0,0,0
PT100243,2023-05-29,CL02,85.0,Female,31.9,131.0,79.0,76.0,95.0,5.2,193.0,Non-Smoker,3.0,1.0,53.0,3.0,94.1,High,29.0,65+,Obese,52.0,96.33333333333333,Moderate (3-4),0,0,0,0,0,0,0
PT100373,2023-05-29,CL02,68.0,Male,24.9,126.0,71.0,70.0,105.0,5.2,190.0,Smoker,3.0,0.0,76.0,1.0,70.9,High,25.0,65+,Normal,55.0,89.33333333333333,Moderate (3-4),0,0,0,0,0,1,1
PT100365,2023-05-30,CL04,53.0,Male,25.1,126.0,86.0,76.0,90.0,5.9,253.0,Non-Smoker,3.0,1.0,83.0,1.0,74.4,High,21.0,50-64,Overweight,40.0,99.33333333333333,Moderate (3-4),0,0,0,0,0,0,1
PT100096,2023-05-31,CL04,48.0,Male,24.5,101.0,72.0,70.0,86.0,4.9,241.0,Non-Smoker,3.0,0.0,,1.0,31.7,Low,287.0,35-49,Normal,29.0,81.66666666666667,Moderate (3-4),0,0,0,0,1,0,1
PT100470,2023-05-31,CL03,54.0,Male,23.5,97.0,64.0,72.0,84.0,5.0,128.0,Non-Smoker,1.0,0.0,97.0,2.0,7.4,Low,231.0,50-64,Normal,33.0,75.0,Low (1-2),0,0,0,0,0,0,1
PT100679,2023-05-31,CL01,38.0,Female,26.7,119.0,74.0,53.0,92.0,5.3,,Non-Smoker,5.0,0.0,81.0,0.0,26.4,Low,355.0,35-49,Overweight,45.0,89.0,High (5-7),0,0,0,0,0,0,0
PT101183,2023-05-31,CL01,41.0,Male,26.2,145.0,80.0,63.0,85.0,4.8,170.0,Smoker,2.0,0.0,83.0,1.0,57.9,Moderate,77.0,35-49,Overweight,65.0,101.66666666666667,Low (1-2),0,0,0,0,0,1,1
PT100074,2023-06-01,CL02,63.0,Male,27.0,105.0,51.0,81.0,104.0,5.6,204.0,Non-Smoker,0.0,0.0,72.0,3.0,68.6,High,15.0,50-64,Overweight,54.0,69.0,None,0,0,0,0,0,0,1
PT101033,2023-06-01,CL03,45.0,Female,27.5,152.0,91.0,85.0,70.0,5.0,208.0,Non-Smoker,4.0,0.0,69.0,2.0,39.0,Moderate,64.0,35-49,Overweight,61.0,111.33333333333333,Moderate (3-4),0,0,0,0,0,0,0
PT100841,2023-06-02,CL01,56.0,Male,25.0,115.0,69.0,,119.0,,132.0,Non-Smoker,4.0,1.0,84.0,0.0,54.9,Moderate,60.0,50-64,Overweight,46.0,84.33333333333333,Moderate (3-4),0,0,0,1,0,0,1
PT100842,2023-06-02,CL05,23.0,Female,24.9,89.0,47.0,62.0,90.0,5.3,141.0,Non-Smoker,,1.0,,1.0,10.7,Low,207.0,18-34,Normal,42.0,61.0,,0,0,0,0,1,0,0
PT100123,2023-06-03,CL01,28.0,Female,,122.0,70.0,78.0,97.0,5.7,,Non-Smoker,3.0,0.0,89.0,1.0,21.3,Low,270.0,18-34,,52.0,87.33333333333333,Moderate (3-4),0,1,0,0,0,0,0
PT100897,2023-06-04,CL02,40.0,Female,,119.0,88.0,79.0,105.0,5.5,151.0,Non-Smoker,3.0,0.0,72.0,1.0,43.4,Moderate,80.0,35-49,,31.0,98.33333333333333,Moderate (3-4),0,1,0,0,0,0,0
PT100928,2023-06-04,CL05,30.0,Female,27.7,110.0,66.0,60.0,70.0,4.6,181.0,Non-Smoker,4.0,1.0,97.0,1.0,11.6,Low,221.0,18-34,Overweight,44.0,80.66666666666667,Moderate (3-4),0,0,0,0,0,0,0
PT101126,2023-06-04,CL03,63.0,Male,25.3,126.0,80.0,66.0,99.0,5.6,214.0,Non-Smoker,4.0,0.0,77.0,0.0,53.0,Moderate,62.0,50-64,Overweight,46.0,95.33333333333333,Moderate (3-4),0,0,0,0,0,0,1
PT100044,2023-06-05,CL02,51.0,Female,20.1,93.0,60.0,78.0,87.0,4.9,268.0,Non-Smoker,3.0,1.0,67.0,3.0,13.9,Low,240.0,50-64,Normal,33.0,71.0,Moderate (3-4),0,0,0,0,0,0,0
PT100832,2023-06-05,CL03,57.0,Female,28.0,124.0,70.0,67.0,90.0,4.8,187.0,Non-Smoker,3.0,0.0,75.0,1.0,54.4,Moderate,89.0,50-64,Overweight,54.0,88.0,Moderate (3-4),0,0,0,0,0,0,0
PT100070,2023-06-06,CL03,65.0,Male,22.3,117.0,82.0,70.0,106.0,5.1,211.0,Non-Smoker,4.0,0.0,65.0,5.0,70.0,High,22.0,65+,Normal,35.0,93.66666666666667,Moderate (3-4),1,0,0,0,0,0,1
PT100202,2023-06-06,CL06,48.0,Female,34.8,124.0,80.0,89.0,92.0,5.4,196.0,Non-Smoker,4.0,1.0,48.0,2.0,91.1,High,14.0,35-49,Obese,44.0,94.66666666666667,Moderate (3-4),0,0,0,0,0,0,0
PT100334,2023-06-06,CL05,55.0,Female,33.0,129.0,72.0,80.0,123.0,6.5,206.0,Smoker,1.0,0.0,88.0,1.0,86.9,High,15.0,50-64,Obese,57.0,91.0,Low (1-2),0,0,0,0,0,1,0
PT100062,2023-06-07,CL03,59.0,Male,20.1,118.0,64.0,63.0,88.0,5.5,253.0,Non-Smoker,4.0,0.0,60.0,0.0,53.2,Moderate,87.0,50-64,Normal,54.0,82.0,Moderate (3-4),0,0,0,0,0,0,1
PT100265,2023-06-07,CL06,40.0,Male,38.2,125.0,84.0,,83.0,5.4,202.0,Non-Smoker,5.0,0.0,90.0,2.0,38.9,Moderate,60.0,35-49,Obese,41.0,97.66666666666667,High (5-7),0,0,0,0,0,0,1
PT100439,2023-06-07,CL04,24.0,Male,24.9,,78.0,74.0,76.0,4.9,236.0,Smoker,4.0,1.0,,1.0,36.9,Moderate,61.0,18-34,Normal,,,Moderate (3-4),0,0,0,0,1,1,1
PT100618,2023-06-07,CL02,47.0,Female,21.7,105.0,59.0,67.0,94.0,5.9,198.0,Non-Smoker,4.0,0.0,,1.0,31.2,Low,304.0,35-49,Normal,46.0,74.33333333333333,Moderate (3-4),0,0,0,0,1,0,0
PT100779,2023-06-07,CL05,68.0,Male,24.4,120.0,72.0,63.0,101.0,5.7,235.0,Smoker,1.0,0.0,64.0,1.0,85.6,High,14.0,65+,Normal,48.0,88.0,Low (1-2),0,0,0,0,0,1,1
PT101076,2023-06-07,CL02,67.0,Male,25.4,136.0,95.0,86.0,109.0,6.5,138.0,Non-Smoker,4.0,1.0,86.0,4.0,81.3,High,18.0,65+,Overweight,41.0,108.66666666666667,Moderate (3-4),1,0,0,0,0,0,1
PT100153,2023-06-08,CL01,59.0,Male,27.4,140.0,92.0,87.0,100.0,5.6,168.0,Smoker,3.0,0.0,94.0,0.0,69.1,High,30.0,50-64,Overweight,48.0,108.0,Moderate (3-4),0,0,0,0,0,1,1
PT101186,2023-06-08,CL05,52.0,Female,22.2,97.0,54.0,77.0,97.0,5.0,160.0,Non-Smoker,4.0,1.0,83.0,3.0,30.8,Low,238.0,50-64,Normal,43.0,68.33333333333333,Moderate (3-4),0,0,0,0,0,0,0
PT100474,2023-06-09,CL01,59.0,Male,35.6,127.0,84.0,58.0,107.0,6.2,,Non-Smoker,3.0,,,5.0,92.9,High,28.0,50-64,Obese,43.0,98.33333333333333,Moderate (3-4),1,0,0,0,1,0,1
PT101044,2023-06-10,CL04,48.0,Female,24.9,134.0,91.0,72.0,83.0,4.3,214.0,Non-Smoker,5.0,0.0,58.0,1.0,52.2,Moderate,69.0,35-49,Normal,43.0,105.33333333333333,High (5-7),0,0,0,0,0,0,0
PT100303,2023-06-11,CL03,36.0,Female,21.7,105.0,79.0,58.0,69.0,4.6,147.0,Non-Smoker,3.0,0.0,73.0,2.0,22.1,Low,241.0,35-49,Normal,26.0,87.66666666666667,Moderate (3-4),0,0,0,0,0,0,0
PT101013,2023-06-12,CL03,64.0,Female,31.0,142.0,86.0,80.0,96.0,5.3,229.0,Smoker,1.0,0.0,83.0,0.0,74.7,High,18.0,50-64,Obese,56.0,104.66666666666667,Low (1-2),0,0,0,0,0,1,0
PT100781,2023-06-13,CL02,28.0,Male,29.9,115.0,74.0,79.0,84.0,5.2,206.0,Non-Smoker,3.0,1.0,85.0,4.0,29.2,Low,195.0,18-34,Overweight,41.0,87.66666666666667,Moderate (3-4),1,0,0,0,0,0,1
PT101071,2023-06-13,CL05,81.0,Male,34.6,150.0,91.0,74.0,99.0,5.2,210.0,Non-Smoker,0.0,0.0,88.0,2.0,92.9,High,20.0,65+,Obese,59.0,110.66666666666667,None,0,0,0,0,0,0,1
PT100347,2023-06-14,CL06,64.0,Male,25.2,128.0,84.0,65.0,107.0,6.2,215.0,Non-Smoker,4.0,0.0,80.0,2.0,58.7,Moderate,89.0,50-64,Overweight,44.0,98.66666666666667,Moderate (3-4),0,0,0,0,0,0,1
PT100629,2023-06-14,CL03,43.0,Male,36.7,133.0,83.0,77.0,106.0,5.6,205.0,Smoker,2.0,0.0,84.0,2.0,78.3,High,19.0,35-49,Obese,50.0,99.66666666666667,Low (1-2),0,0,0,0,0,1,1
PT100752,2023-06-14,CL02,66.0,Female,31.5,134.0,93.0,68.0,111.0,6.7,,Non-Smoker,3.0,1.0,83.0,1.0,82.6,High,25.0,65+,Obese,41.0,106.66666666666667,Moderate (3-4),0,0,0,0,0,0,0
PT100797,2023-06-14,CL01,21.0,Female,24.3,,72.0,52.0,88.0,5.3,118.0,Non-Smoker,5.0,1.0,61.0,3.0,25.3,Low,211.0,18-34,Normal,,,High (5-7),0,0,0,0,0,0,0
PT100914,2023-06-14,CL06,62.0,Female,30.3,130.0,86.0,62.0,108.0,5.6,209.0,Non-Smoker,1.0,1.0,74.0,3.0,82.1,High,18.0,50-64,Obese,44.0,100.66666666666667,Low (1-2),0,0,0,0,0,0,0
PT100514,2023-06-15,CL02,58.0,Male,29.5,135.0,85.0,75.0,154.0,7.6,262.0,Smoker,3.0,0.0,87.0,0.0,88.4,High,23.0,50-64,Overweight,50.0,101.66666666666667,Moderate (3-4),0,0,0,0,0,1,1
PT100568,2023-06-16,CL01,18.0,Female,23.1,99.0,66.0,71.0,62.0,4.1,162.0,Non-Smoker,2.0,0.0,67.0,0.0,3.6,Low,253.0,18-34,Normal,33.0,77.0,Low (1-2),0,0,0,0,0,0,0
PT100936,2023-06-16,CL01,51.0,Male,37.1,138.0,80.0,76.0,102.0,5.9,219.0,Non-Smoker,2.0,0.0,89.0,3.0,88.1,High,27.0,50-64,Obese,58.0,99.33333333333333,Low (1-2),0,0,0,0,0,0,1
PT100536,2023-06-17,CL01,70.0,Female,23.5,118.0,65.0,68.0,90.0,5.3,181.0,Non-Smoker,0.0,0.0,74.0,3.0,,Moderate,67.0,65+,Normal,53.0,82.66666666666667,None,0,0,0,0,0,0,0
PT101084,2023-06-18,CL05,49.0,Female,26.3,107.0,65.0,72.0,100.0,5.4,185.0,Non-Smoker,3.0,0.0,97.0,,21.9,Low,234.0,35-49,Overweight,42.0,79.0,Moderate (3-4),0,0,0,0,0,0,0
PT100689,2023-06-19,CL05,90.0,Female,33.1,129.0,75.0,64.0,110.0,5.7,271.0,Non-Smoker,4.0,0.0,93.0,4.0,91.9,High,20.0,65+,Obese,54.0,93.0,Moderate (3-4),1,0,0,0,0,0,0
PT100810,2023-06-21,CL06,55.0,Male,49.3,129.0,82.0,65.0,189.0,9.1,213.0,Non-Smoker,2.0,1.0,,6.0,99.2,High,15.0,50-64,Obese,47.0,97.66666666666667,Low (1-2),1,0,0,0,1,0,1
PT100482,2023-06-22,CL01,38.0,Female,25.3,120.0,66.0,73.0,81.0,5.0,223.0,Smoker,3.0,0.0,86.0,1.0,34.2,Low,320.0,35-49,Overweight,54.0,84.0,Moderate (3-4),0,0,0,0,0,1,0
PT100710,2023-06-22,CL03,45.0,Male,30.7,106.0,81.0,79.0,103.0,5.5,224.0,Non-Smoker,2.0,0.0,69.0,0.0,63.2,Moderate,74.0,35-49,Obese,25.0,89.33333333333333,Low (1-2),0,0,0,0,0,0,1
PT100855,2023-06-22,CL01,64.0,Male,28.3,124.0,75.0,74.0,98.0,5.7,160.0,Non-Smoker,1.0,0.0,73.0,1.0,63.0,Moderate,69.0,50-64,Overweight,49.0,91.33333333333333,Low (1-2),0,0,0,0,0,0,1
PT101035,2023-06-22,CL02,50.0,Female,35.4,114.0,67.0,72.0,94.0,5.0,132.0,Non-Smoker,4.0,0.0,,4.0,39.3,Moderate,82.0,50-64,Obese,47.0,82.66666666666667,Moderate (3-4),1,0,0,0,1,0,0
PT100893,2023-06-23,CL02,88.0,,27.0,131.0,84.0,75.0,89.0,5.4,252.0,Non-Smoker,2.0,0.0,77.0,5.0,80.1,High,22.0,65+,Overweight,47.0,99.66666666666667,Low (1-2),1,0,0,0,0,0,0
PT100972,2023-06-24,CL01,80.0,Male,30.4,128.0,80.0,,135.0,6.7,198.0,Non-Smoker,3.0,1.0,80.0,5.0,92.9,High,14.0,65+,Obese,48.0,96.0,Moderate (3-4),1,0,0,0,0,0,1
PT100241,2023-06-25,CL05,51.0,Male,22.3,114.0,70.0,68.0,81.0,4.1,188.0,Smoker,3.0,0.0,80.0,2.0,32.9,Low,278.0,50-64,Normal,44.0,84.66666666666667,Moderate (3-4),0,0,0,0,0,1,1
PT100267,2023-06-25,CL02,51.0,Female,22.5,111.0,71.0,67.0,188.0,8.4,198.0,Non-Smoker,1.0,0.0,83.0,2.0,79.1,High,27.0,50-64,Normal,40.0,84.33333333333333,Low (1-2),0,0,0,0,0,0,0
PT100567,2023-06-25,CL05,52.0,Male,26.5,127.0,88.0,70.0,99.0,5.6,,Smoker,3.0,1.0,73.0,1.0,87.0,High,27.0,50-64,Overweight,39.0,101.0,Moderate (3-4),0,0,0,0,0,1,1
PT100673,2023-06-25,CL06,79.0,Male,27.3,121.0,93.0,71.0,115.0,6.6,233.0,Non-Smoker,2.0,1.0,86.0,0.0,85.5,High,25.0,65+,Overweight,28.0,102.33333333333333,Low (1-2),0,0,0,0,0,0,1
PT100684,2023-06-25,CL03,53.0,Male,26.8,125.0,76.0,59.0,,5.4,167.0,Non-Smoker,2.0,1.0,,1.0,47.5,Moderate,61.0,50-64,Overweight,49.0,92.33333333333333,Low (1-2),0,0,1,0,1,0,1
PT100694,2023-06-26,CL02,44.0,Female,33.2,108.0,72.0,68.0,97.0,5.8,169.0,Non-Smoker,5.0,0.0,73.0,1.0,,Moderate,81.0,35-49,Obese,36.0,84.0,High (5-7),0,0,0,0,0,0,0
PT100875,2023-06-27,CL04,37.0,,27.0,123.0,77.0,59.0,76.0,5.0,238.0,Non-Smoker,6.0,1.0,76.0,1.0,40.7,Moderate,72.0,35-49,Overweight,46.0,92.33333333333333,High (5-7),0,0,0,0,0,0,0
PT100087,2023-06-28,CL04,30.0,Male,26.9,121.0,59.0,69.0,88.0,4.9,153.0,Non-Smoker,4.0,0.0,81.0,1.0,14.6,Low,212.0,18-34,Overweight,62.0,79.66666666666667,Moderate (3-4),0,0,0,0,0,0,1
PT100287,2023-06-28,CL01,41.0,Female,22.6,126.0,72.0,63.0,80.0,4.6,186.0,Non-Smoker,3.0,0.0,59.0,2.0,28.2,Low,210.0,35-49,Normal,54.0,90.0,Moderate (3-4),0,0,0,0,0,0,0
PT100351,2023-06-29,CL04,36.0,Male,35.8,104.0,62.0,88.0,178.0,8.1,266.0,Smoker,1.0,1.0,91.0,5.0,,High,23.0,35-49,Obese,42.0,76.0,Low (1-2),1,0,0,0,0,1,1
PT100878,2023-06-29,CL02,69.0,Female,24.6,129.0,80.0,75.0,103.0,6.0,239.0,Smoker,2.0,1.0,89.0,3.0,,High,14.0,65+,Normal,49.0,96.33333333333333,Low (1-2),0,0,0,0,0,1,0
PT101082,2023-06-29,CL06,70.0,Female,20.8,122.0,80.0,65.0,79.0,5.0,177.0,Non-Smoker,4.0,1.0,51.0,4.0,73.8,High,29.0,65+,Normal,42.0,94.0,Moderate (3-4),1,0,0,0,0,0,0
PT100986,2023-06-30,CL06,40.0,Male,27.3,114.0,70.0,68.0,94.0,,163.0,Non-Smoker,1.0,0.0,77.0,1.0,32.4,Low,246.0,35-49,Overweight,44.0,84.66666666666667,Low (1-2),0,0,0,1,0,0,1
PT101170,2023-06-30,CL01,64.0,Male,31.5,131.0,81.0,83.0,96.0,5.6,188.0,Non-Smoker,7.0,0.0,88.0,1.0,57.5,Moderate,72.0,50-64,Obese,50.0,97.66666666666667,High (5-7),0,0,0,0,0,0,1
PT100661,2023-07-01,CL02,43.0,Male,31.5,135.0,80.0,76.0,95.0,5.2,161.0,Non-Smoker,4.0,0.0,88.0,0.0,64.3,Moderate,86.0,35-49,Obese,55.0,98.33333333333333,Moderate (3-4),0,0,0,0,0,0,1
PT100933,2023-07-01,CL02,23.0,Female,,91.0,59.0,75.0,91.0,5.3,187.0,Non-Smoker,2.0,0.0,73.0,0.0,12.4,Low,242.0,18-34,,32.0,69.66666666666667,Low (1-2),0,1,0,0,0,0,0
PT101031,2023-07-02,CL03,51.0,,,109.0,75.0,85.0,,5.4,201.0,Non-Smoker,4.0,0.0,84.0,0.0,28.5,Low,288.0,50-64,,34.0,86.33333333333333,Moderate (3-4),0,1,1,0,0,0,0
PT100822,2023-07-04,CL03,71.0,Female,32.1,160.0,95.0,61.0,91.0,5.4,216.0,Non-Smoker,4.0,0.0,84.0,2.0,81.5,High,20.0,65+,Obese,65.0,116.66666666666667,Moderate (3-4),0,0,0,0,0,0,0
PT100991,2023-07-04,CL04,45.0,Female,35.2,135.0,83.0,,95.0,5.5,179.0,Non-Smoker,2.0,0.0,89.0,1.0,35.5,Moderate,68.0,35-49,Obese,52.0,100.33333333333333,Low (1-2),0,0,0,0,0,0,0
PT100906,2023-07-06,CL04,47.0,Female,21.3,92.0,58.0,52.0,105.0,5.8,101.0,Non-Smoker,3.0,1.0,82.0,1.0,29.7,Low,283.0,35-49,Normal,34.0,69.33333333333333,Moderate (3-4),0,0,0,0,0,0,0
PT100919,2023-07-07,CL02,57.0,Female,21.7,94.0,66.0,64.0,84.0,4.8,180.0,Non-Smoker,3.0,0.0,73.0,3.0,17.6,Low,296.0,50-64,Normal,28.0,75.33333333333333,Moderate (3-4),0,0,0,0,0,0,0
PT100208,2023-07-08,CL04,41.0,Female,30.3,131.0,80.0,71.0,81.0,4.7,,Non-Smoker,3.0,1.0,89.0,1.0,45.4,Moderate,66.0,35-49,Obese,51.0,97.0,Moderate (3-4),0,0,0,0,0,0,0
PT101068,2023-07-08,CL04,52.0,Female,,129.0,86.0,66.0,82.0,4.2,189.0,Non-Smoker,4.0,0.0,82.0,2.0,22.4,Low,320.0,50-64,,43.0,100.33333333333333,Moderate (3-4),0,1,0,0,0,0,0
PT100021,2023-07-09,CL05,55.0,Female,24.4,117.0,72.0,65.0,79.0,4.6,140.0,Non-Smoker,2.0,1.0,83.0,1.0,60.2,Moderate,63.0,50-64,Normal,45.0,87.0,Low (1-2),0,0,0,0,0,0,0
PT100018,2023-07-10,CL01,69.0,Female,32.8,109.0,62.0,,121.0,6.5,199.0,Non-Smoker,4.0,1.0,,4.0,72.8,High,26.0,65+,Obese,47.0,77.66666666666667,Moderate (3-4),1,0,0,0,1,0,0
PT100495,2023-07-10,CL05,51.0,Female,32.0,130.0,81.0,73.0,102.0,,,Smoker,2.0,0.0,74.0,2.0,82.9,High,24.0,50-64,Obese,49.0,97.33333333333333,Low (1-2),0,0,0,1,0,1,0
PT101166,2023-07-10,,33.0,Male,28.9,107.0,64.0,73.0,92.0,5.0,184.0,Non-Smoker,,0.0,85.0,2.0,32.1,Low,335.0,18-34,Overweight,43.0,78.33333333333333,,0,0,0,0,0,0,1
PT101115,2023-07-12,CL06,42.0,Female,19.7,103.0,55.0,72.0,83.0,4.9,158.0,Non-Smoker,4.0,0.0,72.0,0.0,5.4,Low,246.0,35-49,Normal,48.0,71.0,Moderate (3-4),0,0,0,0,0,0,0
PT100092,2023-07-13,CL04,46.0,Male,31.6,117.0,66.0,89.0,,5.1,214.0,Non-Smoker,2.0,0.0,,2.0,38.8,Moderate,67.0,35-49,Obese,51.0,83.0,Low (1-2),0,0,1,0,1,0,1
PT100800,2023-07-13,CL04,21.0,Female,21.9,94.0,61.0,68.0,69.0,4.2,144.0,Non-Smoker,4.0,0.0,76.0,1.0,4.7,Low,341.0,18-34,Normal,33.0,72.0,Moderate (3-4),0,0,0,0,0,0,0
PT100816,2023-07-13,CL06,74.0,Female,27.2,115.0,74.0,82.0,171.0,8.4,173.0,Non-Smoker,3.0,0.0,92.0,4.0,92.3,High,19.0,65+,Overweight,41.0,87.66666666666667,Moderate (3-4),1,0,0,0,0,0,0
PT100902,2023-07-14,CL02,49.0,Female,22.2,123.0,74.0,79.0,83.0,5.1,187.0,Non-Smoker,4.0,0.0,87.0,5.0,29.7,Low,220.0,35-49,Normal,49.0,90.33333333333333,Moderate (3-4),1,0,0,0,0,0,0
PT100768,2023-07-15,CL01,80.0,Male,26.9,122.0,83.0,68.0,192.0,8.8,216.0,Non-Smoker,1.0,1.0,,0.0,95.7,High,26.0,65+,Overweight,39.0,96.0,Low (1-2),0,0,0,0,1,0,1
PT100030,2023-07-17,CL04,69.0,Female,31.1,134.0,91.0,63.0,,5.4,238.0,Non-Smoker,4.0,0.0,96.0,0.0,79.9,High,16.0,65+,Obese,43.0,105.33333333333333,Moderate (3-4),0,0,1,0,0,0,0
PT100258,2023-07-17,CL01,76.0,Male,27.2,138.0,86.0,73.0,111.0,6.1,250.0,Non-Smoker,1.0,0.0,86.0,0.0,81.5,High,27.0,65+,Overweight,52.0,103.33333333333333,Low (1-2),0,0,0,0,0,0,1
PT100177,2023-07-18,CL03,71.0,Female,25.3,123.0,66.0,77.0,69.0,4.2,199.0,Non-Smoker,1.0,0.0,,3.0,58.4,Moderate,77.0,65+,Overweight,57.0,85.0,Low (1-2),0,0,0,0,1,0,0
PT100632,2023-07-19,CL05,69.0,Male,31.2,116.0,77.0,,83.0,5.1,242.0,Non-Smoker,1.0,0.0,95.0,4.0,76.8,High,16.0,65+,Obese,39.0,90.0,Low (1-2),1,0,0,0,0,0,1
PT100660,2023-07-19,CL02,41.0,Male,25.4,108.0,85.0,80.0,86.0,5.2,217.0,Non-Smoker,1.0,0.0,87.0,2.0,26.9,Low,216.0,35-49,Overweight,23.0,92.66666666666667,Low (1-2),0,0,0,0,0,0,1
PT100700,2023-07-19,CL02,67.0,Female,30.1,114.0,67.0,75.0,87.0,5.1,200.0,Non-Smoker,1.0,0.0,97.0,0.0,53.0,Moderate,61.0,65+,Obese,47.0,82.66666666666667,Low (1-2),0,0,0,0,0,0,0
PT100904,2023-07-20,CL03,37.0,Male,24.3,95.0,61.0,86.0,,5.0,202.0,Non-Smoker,3.0,0.0,88.0,2.0,11.7,Low,213.0,35-49,Normal,34.0,72.33333333333333,Moderate (3-4),0,0,1,0,0,0,1
PT100812,2023-07-21,CL01,25.0,Female,28.3,105.0,73.0,59.0,98.0,5.6,180.0,Non-Smoker,4.0,1.0,81.0,1.0,16.4,Low,235.0,18-34,Overweight,32.0,83.66666666666667,Moderate (3-4),0,0,0,0,0,0,0
PT100907,2023-07-21,CL03,31.0,Female,19.9,101.0,68.0,56.0,75.0,4.9,203.0,Non-Smoker,6.0,,85.0,1.0,,Low,200.0,18-34,Normal,33.0,79.0,High (5-7),0,0,0,0,0,0,0
PT100555,2023-07-22,CL01,56.0,Male,34.5,144.0,83.0,74.0,98.0,5.8,258.0,Non-Smoker,3.0,,60.0,1.0,85.2,High,17.0,50-64,Obese,61.0,103.33333333333333,Moderate (3-4),0,0,0,0,0,0,1
PT100683,2023-07-22,CL01,50.0,Female,25.4,132.0,67.0,91.0,79.0,4.7,187.0,Smoker,1.0,0.0,,1.0,59.8,Moderate,78.0,50-64,Overweight,65.0,88.66666666666667,Low (1-2),0,0,0,0,1,1,0
PT100449,2023-07-24,CL01,48.0,Male,25.8,112.0,66.0,88.0,100.0,6.0,182.0,Non-Smoker,2.0,0.0,72.0,0.0,26.2,Low,247.0,35-49,Overweight,46.0,81.33333333333333,Low (1-2),0,0,0,0,0,0,1
PT100387,2023-07-26,CL04,58.0,Male,28.2,104.0,76.0,,137.0,7.0,216.0,Non-Smoker,1.0,0.0,34.0,1.0,71.5,High,27.0,50-64,Overweight,28.0,85.33333333333333,Low (1-2),0,0,0,0,0,0,1
PT100471,2023-07-26,CL02,61.0,Female,20.1,124.0,74.0,66.0,90.0,5.5,204.0,Non-Smoker,4.0,1.0,83.0,0.0,36.0,Moderate,75.0,50-64,Normal,50.0,90.66666666666667,Moderate (3-4),0,0,0,0,0,0,0
PT100639,2023-07-26,CL05,35.0,Female,,133.0,84.0,62.0,96.0,5.5,167.0,Non-Smoker,3.0,1.0,83.0,1.0,36.6,Moderate,76.0,35-49,,49.0,100.33333333333333,Moderate (3-4),0,1,0,0,0,0,0
PT100306,2023-07-27,CL03,56.0,Female,27.9,114.0,87.0,59.0,97.0,6.0,212.0,Non-Smoker,2.0,1.0,87.0,4.0,74.2,High,16.0,50-64,Overweight,27.0,96.0,Low (1-2),1,0,0,0,0,0,0
PT101020,2023-07-27,CL03,60.0,Female,31.8,129.0,75.0,74.0,83.0,5.5,112.0,Non-Smoker,2.0,0.0,76.0,2.0,74.3,High,24.0,50-64,Obese,54.0,93.0,Low (1-2),0,0,0,0,0,0,0
PT101199,2023-07-28,CL02,37.0,Male,25.1,121.0,85.0,77.0,89.0,5.6,181.0,Smoker,2.0,1.0,77.0,5.0,40.6,Moderate,69.0,35-49,Overweight,36.0,97.0,Low (1-2),1,0,0,0,0,1,1
PT100412,2023-07-29,CL04,41.0,Male,23.9,134.0,96.0,73.0,89.0,5.9,296.0,Non-Smoker,5.0,1.0,83.0,2.0,51.7,Moderate,88.0,35-49,Normal,38.0,108.66666666666667,High (5-7),0,0,0,0,0,0,1
PT100019,2023-07-30,CL05,56.0,Male,23.6,111.0,,72.0,95.0,5.1,192.0,Non-Smoker,4.0,0.0,70.0,1.0,20.5,Low,223.0,50-64,Normal,,,Moderate (3-4),0,0,0,0,0,0,1
PT100968,2023-07-30,CL01,43.0,Male,22.3,,82.0,79.0,87.0,5.4,164.0,,2.0,0.0,26.0,1.0,59.0,Moderate,70.0,35-49,Normal,,,Low (1-2),0,0,0,0,0,0,1
PT100141,2023-07-31,CL03,59.0,Female,41.2,134.0,78.0,84.0,157.0,7.7,,Smoker,1.0,0.0,51.0,5.0,98.4,High,17.0,50-64,Obese,56.0,96.66666666666667,Low (1-2),1,0,0,0,0,1,0
PT100407,2023-07-31,CL02,62.0,Female,30.5,116.0,73.0,69.0,,6.2,160.0,Non-Smoker,2.0,1.0,79.0,4.0,67.0,High,20.0,50-64,Obese,43.0,87.33333333333333,Low (1-2),1,0,1,0,0,0,0
PT100894,2023-07-31,CL01,36.0,Female,31.2,106.0,73.0,86.0,95.0,5.2,223.0,Smoker,3.0,,64.0,0.0,43.0,Moderate,76.0,35-49,Obese,33.0,84.0,Moderate (3-4),0,0,0,0,0,1,0
PT100989,2023-07-31,CL02,69.0,Male,25.7,141.0,82.0,92.0,91.0,5.9,232.0,Non-Smoker,4.0,0.0,68.0,2.0,77.3,High,21.0,65+,Overweight,59.0,101.66666666666667,Moderate (3-4),0,0,0,0,0,0,1
PT101196,2023-07-31,CL01,48.0,Male,24.7,121.0,78.0,70.0,99.0,5.8,226.0,Non-Smoker,4.0,0.0,91.0,0.0,63.2,Moderate,90.0,35-49,Normal,43.0,92.33333333333333,Moderate (3-4),0,0,0,0,0,0,1
PT100183,2023-08-01,CL03,40.0,Male,24.5,112.0,68.0,63.0,86.0,5.2,154.0,Non-Smoker,4.0,0.0,81.0,1.0,6.5,Low,280.0,35-49,Normal,44.0,82.66666666666667,Moderate (3-4),0,0,0,0,0,0,1
PT100642,2023-08-01,CL05,42.0,Male,20.9,106.0,67.0,73.0,78.0,5.1,183.0,Non-Smoker,3.0,0.0,84.0,1.0,5.4,Low,269.0,35-49,Normal,39.0,80.0,Moderate (3-4),0,0,0,0,0,0,1
PT101125,2023-08-01,CL03,65.0,Male,28.6,112.0,69.0,97.0,98.0,5.9,203.0,Smoker,1.0,0.0,69.0,2.0,67.4,High,17.0,65+,Overweight,43.0,83.33333333333333,Low (1-2),0,0,0,0,0,1,1
PT101037,2023-08-04,CL02,44.0,Female,25.5,108.0,69.0,65.0,91.0,5.5,171.0,Non-Smoker,4.0,0.0,79.0,5.0,20.4,Low,284.0,35-49,Overweight,39.0,82.0,Moderate (3-4),1,0,0,0,0,0,0
PT101192,2023-08-04,CL02,63.0,Female,28.9,143.0,89.0,82.0,105.0,5.7,200.0,Smoker,2.0,0.0,82.0,3.0,88.8,High,20.0,50-64,Overweight,54.0,107.0,Low (1-2),0,0,0,0,0,1,0
PT100778,2023-08-05,CL01,49.0,Male,34.8,121.0,83.0,92.0,93.0,5.5,216.0,Non-Smoker,3.0,0.0,97.0,1.0,63.5,Moderate,87.0,35-49,Obese,38.0,95.66666666666667,Moderate (3-4),0,0,0,0,0,0,1
PT101075,2023-08-06,CL05,67.0,Female,21.5,132.0,82.0,75.0,97.0,5.8,173.0,Smoker,2.0,0.0,79.0,1.0,68.8,High,29.0,65+,Normal,50.0,98.66666666666667,Low (1-2),0,0,0,0,0,1,0
PT100805,2023-08-07,CL01,53.0,Female,27.6,94.0,50.0,82.0,82.0,4.7,165.0,Smoker,2.0,0.0,75.0,2.0,28.5,Low,356.0,50-64,Overweight,44.0,64.66666666666667,Low (1-2),0,0,0,0,0,1,0
PT100433,2023-08-08,CL04,60.0,Female,31.9,141.0,83.0,59.0,107.0,5.9,230.0,Smoker,2.0,1.0,76.0,2.0,96.5,High,25.0,50-64,Obese,58.0,102.33333333333333,Low (1-2),0,0,0,0,0,1,0
PT100067,2023-08-09,CL03,62.0,Female,,139.0,83.0,73.0,98.0,5.0,229.0,Smoker,2.0,1.0,77.0,4.0,86.1,High,17.0,50-64,,56.0,101.66666666666667,Low (1-2),1,1,0,0,0,1,0
PT100376,2023-08-09,CL01,46.0,Male,23.2,111.0,62.0,59.0,93.0,5.4,209.0,Non-Smoker,3.0,0.0,64.0,0.0,21.1,Low,328.0,35-49,Normal,49.0,78.33333333333333,Moderate (3-4),0,0,0,0,0,0,1
PT100597,2023-08-09,CL04,55.0,Male,27.9,134.0,91.0,62.0,180.0,8.6,184.0,Non-Smoker,4.0,1.0,78.0,1.0,93.0,High,26.0,50-64,Overweight,43.0,105.33333333333333,Moderate (3-4),0,0,0,0,0,0,1
PT101030,2023-08-09,CL02,52.0,Female,20.1,119.0,73.0,61.0,89.0,,,Non-Smoker,3.0,1.0,89.0,0.0,52.3,Moderate,71.0,50-64,Normal,46.0,88.33333333333333,Moderate (3-4),0,0,0,1,0,0,0
PT100706,2023-08-10,CL03,50.0,Female,23.1,,56.0,69.0,94.0,4.9,170.0,Non-Smoker,2.0,1.0,80.0,3.0,37.8,Moderate,62.0,50-64,Normal,,,Low (1-2),0,0,0,0,0,0,0
PT100308,2023-08-11,CL04,47.0,Male,32.6,127.0,,65.0,94.0,5.6,162.0,Non-Smoker,4.0,0.0,86.0,1.0,31.7,Low,245.0,35-49,Obese,,,Moderate (3-4),0,0,0,0,0,0,1
PT100195,2023-08-12,CL01,56.0,Male,30.2,121.0,78.0,91.0,100.0,5.7,211.0,Non-Smoker,1.0,0.0,93.0,2.0,58.5,Moderate,80.0,50-64,Obese,43.0,92.33333333333333,Low (1-2),0,0,0,0,0,0,1
PT100942,2023-08-12,CL05,58.0,Female,19.6,88.0,,85.0,92.0,,251.0,Non-Smoker,2.0,1.0,91.0,2.0,29.3,Low,252.0,50-64,Normal,,,Low (1-2),0,0,0,1,0,0,0
PT101149,2023-08-13,CL03,53.0,Male,26.3,138.0,90.0,67.0,69.0,4.4,220.0,Non-Smoker,3.0,0.0,95.0,1.0,,Low,217.0,50-64,Overweight,48.0,106.0,Moderate (3-4),0,0,0,0,0,0,1
PT101184,2023-08-13,CL01,77.0,,34.2,137.0,83.0,78.0,121.0,6.5,183.0,Smoker,0.0,0.0,95.0,0.0,98.8,High,24.0,65+,Obese,54.0,101.0,None,0,0,0,0,0,1,0
PT100662,2023-08-14,CL06,61.0,Male,31.8,124.0,75.0,96.0,96.0,,266.0,Smoker,2.0,0.0,,0.0,77.8,High,22.0,50-64,Obese,49.0,91.33333333333333,Low (1-2),0,0,0,1,1,1,1
PT100973,2023-08-14,CL01,33.0,Male,34.6,121.0,89.0,79.0,103.0,5.7,189.0,Non-Smoker,2.0,0.0,72.0,1.0,74.5,High,28.0,18-34,Obese,32.0,99.66666666666667,Low (1-2),0,0,0,0,0,0,1
PT101103,2023-08-15,CL05,39.0,Male,25.3,109.0,72.0,73.0,79.0,,175.0,Non-Smoker,1.0,1.0,97.0,4.0,20.0,Low,298.0,35-49,Overweight,37.0,84.33333333333333,Low (1-2),1,0,0,1,0,0,1
PT100381,2023-08-16,CL03,65.0,Female,22.6,115.0,65.0,68.0,91.0,5.1,192.0,Non-Smoker,3.0,0.0,86.0,1.0,45.2,Moderate,67.0,65+,Normal,50.0,81.66666666666667,Moderate (3-4),0,0,0,0,0,0,0
PT100408,2023-08-16,CL05,61.0,Female,34.5,121.0,63.0,75.0,117.0,,228.0,Non-Smoker,2.0,1.0,86.0,4.0,82.9,High,16.0,50-64,Obese,58.0,82.33333333333333,Low (1-2),1,0,0,1,0,0,0
PT100698,2023-08-18,CL03,46.0,Female,38.4,123.0,75.0,70.0,91.0,5.3,253.0,Non-Smoker,4.0,0.0,80.0,1.0,66.4,High,20.0,35-49,Obese,48.0,91.0,Moderate (3-4),0,0,0,0,0,0,0
PT100764,2023-08-18,CL01,49.0,,28.2,121.0,74.0,72.0,95.0,5.2,242.0,Non-Smoker,3.0,1.0,83.0,3.0,28.3,Low,274.0,35-49,Overweight,47.0,89.66666666666667,Moderate (3-4),0,0,0,0,0,0,0
PT100034,2023-08-19,CL02,27.0,Male,23.4,112.0,81.0,93.0,84.0,5.4,228.0,Non-Smoker,,0.0,35.0,1.0,13.6,Low,185.0,18-34,Normal,31.0,91.33333333333333,,0,0,0,0,0,0,1
PT100467,2023-08-19,CL04,40.0,Male,21.7,111.0,77.0,79.0,,4.9,168.0,Smoker,3.0,0.0,67.0,1.0,22.4,Low,259.0,35-49,Normal,34.0,88.33333333333333,Moderate (3-4),0,0,1,0,0,1,1
PT100084,2023-08-23,CL01,43.0,Male,20.9,104.0,70.0,57.0,77.0,4.7,194.0,Non-Smoker,4.0,0.0,45.0,0.0,8.6,Low,293.0,35-49,Normal,34.0,81.33333333333333,Moderate (3-4),0,0,0,0,0,0,1
PT100152,2023-08-23,CL06,,Female,27.2,115.0,77.0,78.0,86.0,4.9,160.0,Non-Smoker,,0.0,72.0,0.0,29.0,Low,363.0,,Overweight,38.0,89.66666666666667,,0,0,0,0,0,0,0
PT100188,2023-08-23,CL01,46.0,Female,21.1,90.0,57.0,66.0,92.0,5.0,167.0,Non-Smoker,2.0,0.0,69.0,1.0,16.0,Low,307.0,35-49,Normal,33.0,68.0,Low (1-2),0,0,0,0,0,0,0
PT100528,2023-08-23,CL06,59.0,Male,40.4,127.0,71.0,73.0,107.0,,238.0,Non-Smoker,3.0,0.0,,2.0,91.2,High,19.0,50-64,Obese,56.0,89.66666666666667,Moderate (3-4),0,0,0,1,1,0,1
PT101047,2023-08-23,,37.0,Female,29.4,143.0,82.0,68.0,93.0,5.3,212.0,Non-Smoker,4.0,1.0,90.0,1.0,63.1,Moderate,60.0,35-49,Overweight,61.0,102.33333333333333,Moderate (3-4),0,0,0,0,0,0,0
PT100126,2023-08-25,CL03,45.0,Male,29.5,135.0,87.0,88.0,113.0,6.5,170.0,Smoker,2.0,1.0,66.0,1.0,87.0,High,15.0,35-49,Overweight,48.0,103.0,Low (1-2),0,0,0,0,0,1,1
PT100137,2023-08-27,CL06,20.0,Female,23.8,97.0,57.0,57.0,61.0,3.9,225.0,Non-Smoker,4.0,0.0,74.0,1.0,6.3,Low,341.0,18-34,Normal,40.0,70.33333333333333,Moderate (3-4),0,0,0,0,0,0,0
PT100521,2023-08-27,CL05,80.0,Male,28.4,126.0,79.0,75.0,110.0,6.1,171.0,Smoker,1.0,0.0,65.0,2.0,87.3,High,30.0,65+,Overweight,47.0,94.66666666666667,Low (1-2),0,0,0,0,0,1,1
PT100643,2023-08-28,CL01,61.0,Male,29.9,115.0,85.0,74.0,91.0,5.0,199.0,Smoker,1.0,0.0,83.0,1.0,56.3,Moderate,61.0,50-64,Overweight,30.0,95.0,Low (1-2),0,0,0,0,0,1,1
PT100176,2023-08-29,CL01,39.0,Female,24.4,102.0,67.0,73.0,86.0,4.8,220.0,Non-Smoker,3.0,0.0,66.0,1.0,35.2,Moderate,69.0,35-49,Normal,35.0,78.66666666666667,Moderate (3-4),0,0,0,0,0,0,0
PT100250,2023-08-30,CL03,51.0,Female,29.4,133.0,101.0,70.0,89.0,5.6,203.0,Non-Smoker,3.0,1.0,96.0,0.0,52.5,Moderate,65.0,50-64,Overweight,32.0,111.66666666666667,Moderate (3-4),0,0,0,0,0,0,0
PT101174,2023-08-30,CL05,41.0,Male,26.8,102.0,72.0,83.0,92.0,5.6,206.0,Non-Smoker,1.0,0.0,61.0,,15.4,Low,281.0,35-49,Overweight,30.0,82.0,Low (1-2),0,0,0,0,0,0,1
PT101122,2023-08-31,CL01,40.0,Male,21.2,124.0,76.0,93.0,87.0,5.4,197.0,Non-Smoker,1.0,0.0,95.0,1.0,20.3,Low,316.0,35-49,Normal,48.0,92.0,Low (1-2),0,0,0,0,0,0,1
PT100237,2023-09-03,CL03,66.0,Female,25.0,130.0,72.0,71.0,99.0,5.7,213.0,Non-Smoker,0.0,0.0,65.0,3.0,72.2,High,15.0,65+,Overweight,58.0,91.33333333333333,None,0,0,0,0,0,0,0
PT100995,2023-09-04,CL06,46.0,Female,27.1,130.0,79.0,83.0,,5.0,163.0,Smoker,3.0,0.0,89.0,0.0,77.0,High,23.0,35-49,Overweight,51.0,96.0,Moderate (3-4),0,0,1,0,0,1,0
PT101034,2023-09-04,CL06,74.0,Male,32.2,138.0,83.0,76.0,102.0,5.2,231.0,Non-Smoker,2.0,1.0,70.0,,89.1,High,27.0,65+,Obese,55.0,101.33333333333333,Low (1-2),0,0,0,0,0,0,1
PT100851,2023-09-05,CL01,49.0,Male,24.4,115.0,71.0,71.0,94.0,,211.0,Smoker,3.0,0.0,88.0,3.0,54.6,Moderate,83.0,35-49,Normal,44.0,85.66666666666667,Moderate (3-4),0,0,0,1,0,1,1
PT101197,2023-09-05,CL02,18.0,Male,24.4,109.0,,54.0,80.0,5.0,218.0,Non-Smoker,5.0,0.0,71.0,0.0,10.7,Low,309.0,18-34,Normal,,,High (5-7),0,0,0,0,0,0,1
PT100061,2023-09-06,CL04,66.0,Male,27.3,115.0,87.0,94.0,111.0,6.4,281.0,Smoker,4.0,0.0,66.0,2.0,77.0,High,25.0,65+,Overweight,28.0,96.33333333333333,Moderate (3-4),0,0,0,0,0,1,1
PT100685,2023-09-06,CL04,61.0,Female,21.3,126.0,,76.0,79.0,4.8,207.0,Non-Smoker,3.0,0.0,86.0,2.0,50.0,Moderate,61.0,50-64,Normal,,,Moderate (3-4),0,0,0,0,0,0,0
PT101087,2023-09-06,CL05,63.0,Female,21.7,126.0,79.0,78.0,70.0,4.6,197.0,Non-Smoker,1.0,0.0,,3.0,46.4,Moderate,64.0,50-64,Normal,47.0,94.66666666666667,Low (1-2),0,0,0,0,1,0,0
PT100091,2023-09-08,CL01,35.0,Female,31.9,103.0,56.0,55.0,,5.9,210.0,Non-Smoker,6.0,0.0,67.0,1.0,10.6,Low,223.0,35-49,Obese,47.0,71.66666666666667,High (5-7),0,0,1,0,0,0,0
PT100691,2023-09-08,CL02,45.0,Female,18.7,119.0,76.0,74.0,87.0,5.8,166.0,Non-Smoker,4.0,1.0,68.0,3.0,36.6,Moderate,78.0,35-49,Normal,43.0,90.33333333333333,Moderate (3-4),0,0,0,0,0,0,0
PT100813,2023-09-08,CL06,59.0,Male,22.2,142.0,88.0,68.0,94.0,5.5,196.0,Smoker,3.0,0.0,63.0,3.0,77.4,High,23.0,50-64,Normal,54.0,106.0,Moderate (3-4),0,0,0,0,0,1,1
PT100085,2023-09-09,CL01,52.0,Female,30.5,111.0,63.0,71.0,91.0,,231.0,,3.0,1.0,50.0,,77.7,High,24.0,50-64,Obese,48.0,79.0,Moderate (3-4),0,0,0,1,0,0,0
PT100340,2023-09-09,CL06,65.0,Male,31.8,133.0,87.0,61.0,115.0,6.0,204.0,Smoker,2.0,1.0,51.0,0.0,88.4,High,26.0,65+,Obese,46.0,102.33333333333333,Low (1-2),0,0,0,0,0,1,1
PT100774,2023-09-09,CL05,69.0,Male,28.3,123.0,68.0,70.0,97.0,5.2,242.0,Non-Smoker,2.0,0.0,88.0,4.0,72.9,High,18.0,65+,Overweight,55.0,86.33333333333333,Low (1-2),1,0,0,0,0,0,1
PT100190,2023-09-10,CL02,41.0,Male,31.9,124.0,89.0,74.0,114.0,6.5,213.0,Smoker,3.0,0.0,83.0,1.0,72.5,High,26.0,35-49,Obese,35.0,100.66666666666667,Moderate (3-4),0,0,0,0,0,1,1
PT101158,2023-09-10,CL01,57.0,Female,19.7,109.0,74.0,79.0,87.0,5.3,168.0,Non-Smoker,4.0,0.0,73.0,1.0,26.4,Low,315.0,50-64,Normal,35.0,85.66666666666667,Moderate (3-4),0,0,0,0,0,0,0
PT100025,2023-09-12,CL05,53.0,Male,21.3,129.0,83.0,62.0,74.0,4.8,186.0,Non-Smoker,3.0,0.0,71.0,2.0,44.8,Moderate,81.0,50-64,Normal,46.0,98.33333333333333,Moderate (3-4),0,0,0,0,0,0,1
PT100510,2023-09-12,,61.0,Female,26.6,114.0,75.0,59.0,,4.9,202.0,Non-Smoker,2.0,0.0,85.0,1.0,46.4,Moderate,82.0,50-64,Overweight,39.0,88.0,Low (1-2),0,0,1,0,0,0,0
PT100598,2023-09-12,CL04,34.0,Male,25.8,110.0,68.0,83.0,79.0,5.4,117.0,Non-Smoker,2.0,0.0,,1.0,12.0,Low,185.0,18-34,Overweight,42.0,82.0,Low (1-2),0,0,0,0,1,0,1
PT101054,2023-09-12,CL01,42.0,Male,24.5,103.0,80.0,,92.0,5.5,199.0,Smoker,2.0,0.0,72.0,3.0,29.6,Low,358.0,35-49,Normal,23.0,87.66666666666667,Low (1-2),0,0,0,0,0,1,1
PT100621,2023-09-13,CL05,42.0,Female,24.0,84.0,66.0,56.0,69.0,4.8,197.0,Non-Smoker,3.0,0.0,57.0,0.0,,Low,332.0,35-49,Normal,18.0,72.0,Moderate (3-4),0,0,0,0,0,0,0
PT101110,2023-09-13,CL01,60.0,Female,25.7,126.0,88.0,82.0,86.0,5.0,207.0,Non-Smoker,2.0,0.0,87.0,2.0,51.3,Moderate,79.0,50-64,Overweight,38.0,100.66666666666667,Low (1-2),0,0,0,0,0,0,0
PT100185,2023-09-14,CL05,53.0,Male,20.5,123.0,70.0,83.0,84.0,5.4,165.0,Smoker,3.0,0.0,70.0,3.0,45.4,Moderate,90.0,50-64,Normal,53.0,87.66666666666667,Moderate (3-4),0,0,0,0,0,1,1
PT101006,2023-09-15,CL02,44.0,Female,23.9,130.0,77.0,56.0,80.0,5.1,,Non-Smoker,,0.0,73.0,1.0,29.2,Low,245.0,35-49,Normal,53.0,94.66666666666667,,0,0,0,0,0,0,0
PT100485,2023-09-17,CL01,40.0,Male,,98.0,69.0,79.0,,5.8,151.0,Non-Smoker,2.0,1.0,87.0,2.0,,Low,192.0,35-49,,29.0,78.66666666666667,Low (1-2),0,1,1,0,0,0,1
PT101007,2023-09-17,CL06,65.0,Male,29.5,129.0,86.0,76.0,98.0,5.3,242.0,Non-Smoker,2.0,0.0,88.0,3.0,71.3,High,26.0,65+,Overweight,43.0,100.33333333333333,Low (1-2),0,0,0,0,0,0,1
PT100090,2023-09-19,CL03,52.0,Male,23.5,126.0,96.0,84.0,116.0,6.4,185.0,Smoker,1.0,0.0,77.0,0.0,78.6,High,26.0,50-64,Normal,30.0,106.0,Low (1-2),0,0,0,0,0,1,1
PT100654,2023-09-19,CL02,38.0,Male,32.1,127.0,94.0,93.0,,4.6,111.0,Non-Smoker,1.0,0.0,91.0,3.0,30.0,Low,222.0,35-49,Obese,33.0,105.0,Low (1-2),0,0,1,0,0,0,1
PT100162,2023-09-20,CL06,47.0,Female,21.1,145.0,77.0,,80.0,4.7,238.0,Non-Smoker,3.0,0.0,84.0,1.0,47.2,Moderate,64.0,35-49,Normal,68.0,99.66666666666667,Moderate (3-4),0,0,0,0,0,0,0
PT100731,2023-09-20,CL02,65.0,Male,22.6,133.0,78.0,73.0,98.0,5.7,157.0,Smoker,,0.0,76.0,2.0,81.9,High,24.0,65+,Normal,55.0,96.33333333333333,,0,0,0,0,0,1,1
PT100086,2023-09-21,CL01,65.0,Male,29.4,120.0,75.0,82.0,103.0,5.5,179.0,Non-Smoker,1.0,1.0,92.0,2.0,66.6,High,15.0,65+,Overweight,45.0,90.0,Low (1-2),0,0,0,0,0,0,1
PT100359,2023-09-21,CL03,48.0,Female,20.9,115.0,83.0,71.0,75.0,4.4,135.0,Non-Smoker,4.0,0.0,98.0,1.0,11.1,Low,254.0,35-49,Normal,32.0,93.66666666666667,Moderate (3-4),0,0,0,0,0,0,0
PT100686,2023-09-21,CL02,37.0,Female,34.5,122.0,,92.0,102.0,5.2,186.0,Smoker,1.0,0.0,63.0,2.0,76.8,High,25.0,35-49,Obese,,,Low (1-2),0,0,0,0,0,1,0
PT101065,2023-09-21,CL02,56.0,Male,27.5,117.0,,65.0,,5.6,169.0,Non-Smoker,6.0,0.0,63.0,1.0,33.9,Low,303.0,50-64,Overweight,,,High (5-7),0,0,1,0,0,0,1
PT100041,2023-09-22,CL03,50.0,Male,31.5,,86.0,67.0,93.0,5.7,238.0,Non-Smoker,4.0,0.0,77.0,3.0,46.3,Moderate,69.0,50-64,Obese,,,Moderate (3-4),0,0,0,0,0,0,1
PT100427,2023-09-22,CL02,37.0,Female,25.3,122.0,77.0,76.0,93.0,5.6,218.0,Non-Smoker,5.0,1.0,96.0,2.0,35.7,Moderate,61.0,35-49,Overweight,45.0,92.0,High (5-7),0,0,0,0,0,0,0
PT100450,2023-09-22,CL04,45.0,Female,29.6,129.0,87.0,76.0,102.0,5.6,193.0,Non-Smoker,2.0,0.0,77.0,3.0,50.9,Moderate,78.0,35-49,Overweight,42.0,101.0,Low (1-2),0,0,0,0,0,0,0
PT100837,2023-09-23,CL05,63.0,Male,27.7,138.0,73.0,66.0,79.0,4.7,186.0,Smoker,1.0,0.0,94.0,2.0,74.4,High,23.0,50-64,Overweight,65.0,94.66666666666667,Low (1-2),0,0,0,0,0,1,1
PT100363,2023-09-24,CL01,64.0,Female,36.4,138.0,88.0,77.0,108.0,6.0,194.0,Non-Smoker,4.0,1.0,68.0,3.0,76.8,High,16.0,50-64,Obese,50.0,104.66666666666667,Moderate (3-4),0,0,0,0,0,0,0
PT100493,2023-09-24,CL04,69.0,Male,26.3,133.0,77.0,63.0,81.0,4.9,175.0,Non-Smoker,3.0,0.0,68.0,2.0,68.5,High,30.0,65+,Overweight,56.0,95.66666666666667,Moderate (3-4),0,0,0,0,0,0,1
PT100715,2023-09-24,CL05,46.0,Male,,125.0,79.0,71.0,99.0,5.7,181.0,Smoker,2.0,0.0,82.0,2.0,80.1,High,14.0,35-49,,46.0,94.33333333333333,Low (1-2),0,1,0,0,0,1,1
PT100701,2023-09-25,CL02,43.0,Female,28.3,91.0,68.0,74.0,96.0,5.1,143.0,Non-Smoker,2.0,0.0,81.0,1.0,10.0,Low,355.0,35-49,Overweight,23.0,75.66666666666667,Low (1-2),0,0,0,0,0,0,0
PT100367,2023-09-27,CL05,53.0,Female,26.3,124.0,69.0,68.0,104.0,,237.0,Non-Smoker,3.0,1.0,69.0,3.0,80.0,High,18.0,50-64,Overweight,55.0,87.33333333333333,Moderate (3-4),0,0,0,1,0,0,0
PT100611,2023-09-27,CL03,46.0,Male,33.2,126.0,80.0,87.0,,5.2,162.0,Non-Smoker,5.0,0.0,94.0,0.0,20.1,Low,353.0,35-49,Obese,46.0,95.33333333333333,High (5-7),0,0,1,0,0,0,1
PT100708,2023-09-27,CL05,41.0,Female,21.5,93.0,70.0,74.0,91.0,5.0,138.0,Non-Smoker,4.0,0.0,72.0,1.0,5.7,Low,265.0,35-49,Normal,23.0,77.66666666666667,Moderate (3-4),0,0,0,0,0,0,0
PT100187,2023-09-28,CL02,19.0,Female,19.5,102.0,54.0,88.0,77.0,4.6,139.0,Smoker,,,85.0,0.0,5.4,Low,228.0,18-34,Normal,48.0,70.0,,0,0,0,0,0,1,0
PT100296,2023-09-28,CL06,69.0,Male,29.5,119.0,83.0,93.0,95.0,5.3,220.0,Smoker,3.0,0.0,76.0,4.0,70.9,High,19.0,65+,Overweight,36.0,95.0,Moderate (3-4),1,0,0,0,0,1,1
PT100007,2023-09-29,CL05,36.0,Male,20.0,99.0,63.0,77.0,87.0,4.8,170.0,Smoker,3.0,1.0,,0.0,13.1,Low,289.0,35-49,Normal,36.0,75.0,Moderate (3-4),0,0,0,0,1,1,1
PT100015,2023-09-29,CL03,53.0,Female,32.3,119.0,72.0,62.0,95.0,5.7,216.0,Non-Smoker,,,85.0,1.0,64.2,Moderate,80.0,50-64,Obese,47.0,87.66666666666667,,0,0,0,0,0,0,0
PT100606,2023-09-29,CL05,47.0,Male,28.6,111.0,71.0,94.0,101.0,5.2,173.0,Non-Smoker,,0.0,55.0,2.0,47.4,Moderate,73.0,35-49,Overweight,40.0,84.33333333333333,,0,0,0,0,0,0,1
PT100854,2023-09-29,CL06,27.0,Male,26.9,99.0,58.0,76.0,109.0,6.2,,Non-Smoker,3.0,0.0,85.0,1.0,13.5,Low,296.0,18-34,Overweight,41.0,71.66666666666667,Moderate (3-4),0,0,0,0,0,0,1
PT101093,2023-09-29,CL02,67.0,Female,28.8,123.0,,72.0,92.0,5.6,230.0,Non-Smoker,3.0,0.0,,1.0,67.3,High,22.0,65+,Overweight,,,Moderate (3-4),0,0,0,0,1,0,0
PT100254,2023-09-30,CL02,33.0,Male,30.2,110.0,66.0,72.0,92.0,5.4,170.0,Non-Smoker,4.0,0.0,82.0,1.0,25.4,Low,214.0,18-34,Obese,44.0,80.66666666666667,Moderate (3-4),0,0,0,0,0,0,1
PT100280,2023-10-01,CL05,45.0,Female,31.7,128.0,85.0,71.0,116.0,6.1,210.0,Smoker,3.0,0.0,75.0,1.0,81.3,High,22.0,35-49,Obese,43.0,99.33333333333333,Moderate (3-4),0,0,0,0,0,1,0
PT100324,2023-10-03,CL03,58.0,Female,27.4,115.0,77.0,67.0,104.0,5.2,238.0,Non-Smoker,5.0,0.0,73.0,3.0,51.1,Moderate,76.0,50-64,Overweight,38.0,89.66666666666667,High (5-7),0,0,0,0,0,0,0
PT100192,2023-10-04,CL02,39.0,Male,23.0,112.0,67.0,64.0,78.0,4.8,219.0,,3.0,0.0,83.0,1.0,30.1,Low,210.0,35-49,Normal,45.0,82.0,Moderate (3-4),0,0,0,0,0,0,1
PT100520,2023-10-04,CL05,33.0,Male,26.8,100.0,59.0,83.0,73.0,4.4,,Smoker,,0.0,83.0,0.0,22.3,Low,319.0,18-34,Overweight,41.0,72.66666666666667,,0,0,0,0,0,1,1
PT100828,2023-10-04,CL02,59.0,Male,23.2,129.0,79.0,65.0,83.0,4.4,196.0,Non-Smoker,2.0,0.0,77.0,0.0,35.3,Moderate,76.0,50-64,Normal,50.0,95.66666666666667,Low (1-2),0,0,0,0,0,0,1
PT100169,2023-10-05,CL02,34.0,Female,26.6,110.0,65.0,74.0,89.0,5.1,172.0,Non-Smoker,0.0,0.0,75.0,0.0,53.5,Moderate,67.0,18-34,Overweight,45.0,80.0,None,0,0,0,0,0,0,0
PT100144,2023-10-06,CL03,44.0,Male,21.8,107.0,78.0,67.0,75.0,4.5,257.0,Smoker,1.0,0.0,69.0,2.0,20.4,Low,212.0,35-49,Normal,29.0,87.66666666666667,Low (1-2),0,0,0,0,0,1,1
PT101131,2023-10-06,CL06,54.0,Male,27.2,120.0,77.0,68.0,79.0,5.2,201.0,Non-Smoker,2.0,0.0,65.0,0.0,34.6,Low,208.0,50-64,Overweight,43.0,91.33333333333333,Low (1-2),0,0,0,0,0,0,1
PT100663,2023-10-07,CL01,18.0,Female,28.6,113.0,81.0,79.0,101.0,5.5,195.0,Non-Smoker,5.0,1.0,75.0,0.0,33.5,Low,249.0,18-34,Overweight,32.0,91.66666666666667,High (5-7),0,0,0,0,0,0,0
PT101024,2023-10-07,CL03,75.0,Male,25.3,147.0,90.0,76.0,87.0,5.1,190.0,Smoker,2.0,0.0,,3.0,80.4,High,23.0,65+,Overweight,57.0,109.0,Low (1-2),0,0,0,0,1,1,1
PT100005,2023-10-08,CL01,40.0,Male,32.3,113.0,70.0,82.0,91.0,4.8,220.0,Smoker,3.0,0.0,62.0,0.0,73.1,High,20.0,35-49,Obese,43.0,84.33333333333333,Moderate (3-4),0,0,0,0,0,1,1
PT100181,2023-10-08,CL06,35.0,Male,27.3,99.0,55.0,72.0,74.0,4.6,169.0,Non-Smoker,,0.0,92.0,1.0,7.7,Low,285.0,35-49,Overweight,44.0,69.66666666666667,,0,0,0,0,0,0,1
PT100475,2023-10-08,CL02,36.0,Female,21.0,116.0,78.0,88.0,89.0,5.8,209.0,Non-Smoker,1.0,1.0,75.0,3.0,51.0,Moderate,81.0,35-49,Normal,38.0,90.66666666666667,Low (1-2),0,0,0,0,0,0,0
PT100028,2023-10-09,CL01,62.0,Female,24.7,107.0,68.0,77.0,83.0,5.1,208.0,Non-Smoker,3.0,0.0,97.0,1.0,53.8,Moderate,71.0,50-64,Normal,39.0,81.0,Moderate (3-4),0,0,0,0,0,0,0
PT100448,2023-10-10,CL04,68.0,Female,27.5,149.0,90.0,90.0,99.0,6.0,153.0,Smoker,1.0,0.0,63.0,2.0,68.4,High,29.0,65+,Overweight,59.0,109.66666666666667,Low (1-2),0,0,0,0,0,1,0
PT100623,2023-10-10,CL06,51.0,Male,29.8,118.0,69.0,65.0,89.0,5.3,,Non-Smoker,,1.0,,2.0,59.2,Moderate,63.0,50-64,Overweight,49.0,85.33333333333333,,0,0,0,0,1,0,1
PT100435,2023-10-11,CL01,38.0,Female,26.5,146.0,78.0,95.0,79.0,5.4,227.0,Smoker,2.0,0.0,61.0,3.0,81.0,High,14.0,35-49,Overweight,68.0,100.66666666666667,Low (1-2),0,0,0,0,0,1,0
PT100200,2023-10-12,CL02,66.0,Male,22.8,127.0,84.0,68.0,85.0,4.9,161.0,Non-Smoker,0.0,0.0,81.0,4.0,49.9,Moderate,77.0,65+,Normal,43.0,98.33333333333333,None,1,0,0,0,0,0,1
PT100283,2023-10-12,CL02,56.0,Male,28.1,123.0,74.0,74.0,92.0,5.2,179.0,Smoker,3.0,0.0,73.0,4.0,67.3,High,29.0,50-64,Overweight,49.0,90.33333333333333,Moderate (3-4),1,0,0,0,0,1,1
PT100379,2023-10-12,CL02,47.0,Female,33.2,133.0,86.0,81.0,104.0,6.0,220.0,Non-Smoker,3.0,0.0,77.0,1.0,73.7,High,24.0,35-49,Obese,47.0,101.66666666666667,Moderate (3-4),0,0,0,0,0,0,0
PT100659,2023-10-12,CL03,72.0,Female,37.7,121.0,77.0,62.0,104.0,5.6,270.0,Non-Smoker,1.0,1.0,97.0,0.0,92.5,High,19.0,65+,Obese,44.0,91.66666666666667,Low (1-2),0,0,0,0,0,0,0
PT100174,2023-10-14,CL06,26.0,Male,26.2,83.0,57.0,83.0,95.0,5.2,171.0,Smoker,3.0,0.0,78.0,0.0,8.9,Low,222.0,18-34,Overweight,26.0,65.66666666666667,Moderate (3-4),0,0,0,0,0,1,1
PT100222,2023-10-14,CL03,76.0,Male,43.0,139.0,78.0,66.0,116.0,6.3,282.0,Non-Smoker,2.0,1.0,88.0,3.0,97.8,High,24.0,65+,Obese,61.0,98.33333333333333,Low (1-2),0,0,0,0,0,0,1
PT100452,2023-10-14,CL06,61.0,Female,27.5,130.0,80.0,91.0,153.0,7.5,207.0,Smoker,2.0,1.0,91.0,7.0,92.3,High,23.0,50-64,Overweight,50.0,96.66666666666667,Low (1-2),1,0,0,0,0,1,0
PT100692,2023-10-14,CL06,64.0,Female,35.6,144.0,81.0,79.0,104.0,5.6,209.0,Non-Smoker,2.0,0.0,79.0,2.0,80.6,High,18.0,50-64,Obese,63.0,102.0,Low (1-2),0,0,0,0,0,0,0
PT101005,2023-10-14,CL04,28.0,Female,23.2,97.0,62.0,72.0,87.0,5.2,161.0,Non-Smoker,5.0,0.0,83.0,0.0,8.6,Low,303.0,18-34,Normal,35.0,73.66666666666667,High (5-7),0,0,0,0,0,0,0
PT100641,2023-10-16,CL04,49.0,Male,19.9,109.0,74.0,69.0,98.0,5.4,178.0,Smoker,4.0,1.0,59.0,1.0,38.9,Moderate,62.0,35-49,Normal,35.0,85.66666666666667,Moderate (3-4),0,0,0,0,0,1,1
PT100850,2023-10-16,CL06,37.0,Female,23.7,96.0,76.0,,120.0,6.3,166.0,Non-Smoker,1.0,0.0,81.0,1.0,41.4,Moderate,61.0,35-49,Normal,20.0,82.66666666666667,Low (1-2),0,0,0,0,0,0,0
PT100980,2023-10-16,CL01,38.0,Female,23.6,114.0,67.0,80.0,84.0,4.4,214.0,Non-Smoker,2.0,0.0,,0.0,32.1,Low,329.0,35-49,Normal,47.0,82.66666666666667,Low (1-2),0,0,0,0,1,0,0
PT101060,2023-10-17,CL04,30.0,Female,26.3,103.0,81.0,67.0,78.0,4.6,171.0,Non-Smoker,6.0,1.0,96.0,0.0,16.6,Low,256.0,18-34,Overweight,22.0,88.33333333333333,High (5-7),0,0,0,0,0,0,0
PT100146,2023-10-18,CL02,61.0,Female,37.2,105.0,54.0,80.0,104.0,,220.0,Non-Smoker,1.0,0.0,58.0,0.0,86.2,High,22.0,50-64,Obese,51.0,71.0,Low (1-2),0,0,0,1,0,0,0
PT100400,2023-10-18,CL03,57.0,Male,27.3,141.0,72.0,82.0,,5.8,222.0,Smoker,2.0,1.0,52.0,3.0,96.0,High,20.0,50-64,Overweight,69.0,95.0,Low (1-2),0,0,1,0,0,1,1
PT100918,2023-10-19,CL01,48.0,Male,35.8,125.0,62.0,71.0,117.0,6.5,174.0,Non-Smoker,5.0,0.0,65.0,2.0,84.2,High,29.0,35-49,Obese,63.0,83.0,High (5-7),0,0,0,0,0,0,1
PT100124,2023-10-21,CL02,63.0,Female,21.7,129.0,88.0,89.0,92.0,5.2,153.0,Non-Smoker,3.0,0.0,72.0,4.0,41.1,Moderate,80.0,50-64,Normal,41.0,101.66666666666667,Moderate (3-4),1,0,0,0,0,0,0
PT100766,2023-10-21,CL01,49.0,Male,35.1,113.0,75.0,65.0,96.0,5.3,,Smoker,4.0,1.0,62.0,2.0,87.6,High,17.0,35-49,Obese,38.0,87.66666666666667,Moderate (3-4),0,0,0,0,0,1,1
PT100912,2023-10-21,CL05,52.0,Male,33.3,156.0,93.0,77.0,,6.6,213.0,Smoker,2.0,0.0,87.0,1.0,95.3,High,23.0,50-64,Obese,63.0,114.0,Low (1-2),0,0,1,0,0,1,1
PT100788,2023-10-22,CL02,51.0,Female,37.0,113.0,60.0,72.0,93.0,5.4,210.0,Non-Smoker,2.0,1.0,89.0,1.0,68.9,High,15.0,50-64,Obese,53.0,77.66666666666667,Low (1-2),0,0,0,0,0,0,0
PT100874,2023-10-22,CL02,53.0,Male,27.9,122.0,78.0,80.0,104.0,6.1,205.0,Non-Smoker,,0.0,74.0,2.0,65.7,High,20.0,50-64,Overweight,44.0,92.66666666666667,,0,0,0,0,0,0,1
PT100891,2023-10-22,CL02,44.0,Male,21.0,122.0,80.0,68.0,79.0,5.0,169.0,Non-Smoker,3.0,0.0,67.0,1.0,35.4,Moderate,83.0,35-49,Normal,42.0,94.0,Moderate (3-4),0,0,0,0,0,0,1
PT100915,2023-10-22,CL06,74.0,Male,36.0,,66.0,62.0,126.0,6.9,145.0,Non-Smoker,3.0,1.0,95.0,5.0,89.8,High,24.0,65+,Obese,,,Moderate (3-4),1,0,0,0,0,0,1
PT100346,2023-10-24,CL05,41.0,Female,23.3,119.0,77.0,76.0,73.0,4.8,175.0,,4.0,0.0,64.0,2.0,8.4,Low,212.0,35-49,Normal,42.0,91.0,Moderate (3-4),0,0,0,0,0,0,0
PT100109,2023-10-25,CL01,54.0,Male,24.0,121.0,75.0,77.0,97.0,5.7,176.0,Non-Smoker,2.0,0.0,85.0,3.0,61.3,Moderate,71.0,50-64,Normal,46.0,90.33333333333333,Low (1-2),0,0,0,0,0,0,1
PT100515,2023-10-25,CL02,36.0,Male,23.4,109.0,58.0,63.0,95.0,5.5,194.0,Non-Smoker,5.0,1.0,,1.0,15.4,Low,192.0,35-49,Normal,51.0,75.0,High (5-7),0,0,0,0,1,0,1
PT100742,2023-10-25,CL01,44.0,Female,28.6,125.0,80.0,75.0,113.0,5.5,187.0,Non-Smoker,3.0,1.0,52.0,2.0,60.5,Moderate,83.0,35-49,Overweight,45.0,95.0,Moderate (3-4),0,0,0,0,0,0,0
PT101085,2023-10-25,CL06,68.0,Female,,115.0,68.0,60.0,81.0,4.5,208.0,Non-Smoker,3.0,0.0,93.0,4.0,12.7,Low,236.0,65+,,47.0,83.66666666666667,Moderate (3-4),1,1,0,0,0,0,0
PT100164,2023-10-26,CL01,36.0,Male,22.4,116.0,,61.0,86.0,4.8,208.0,Non-Smoker,3.0,0.0,78.0,4.0,29.1,Low,364.0,35-49,Normal,,,Moderate (3-4),1,0,0,0,0,0,1
PT100860,2023-10-27,CL03,52.0,Female,27.8,136.0,72.0,78.0,94.0,4.9,,Non-Smoker,4.0,1.0,90.0,2.0,59.5,Moderate,62.0,50-64,Overweight,64.0,93.33333333333333,Moderate (3-4),0,0,0,0,0,0,0
PT101079,2023-10-27,CL04,50.0,Male,26.7,129.0,77.0,60.0,85.0,5.2,136.0,Non-Smoker,4.0,0.0,70.0,2.0,13.9,Low,248.0,50-64,Overweight,52.0,94.33333333333333,Moderate (3-4),0,0,0,0,0,0,1
PT101147,2023-10-27,CL04,44.0,Female,30.4,118.0,82.0,68.0,101.0,4.9,166.0,Non-Smoker,,1.0,78.0,2.0,56.8,Moderate,68.0,35-49,Obese,36.0,94.0,,0,0,0,0,0,0,0
PT100872,2023-10-29,CL01,40.0,Male,27.3,126.0,79.0,,91.0,4.5,184.0,Non-Smoker,4.0,0.0,96.0,2.0,37.0,Moderate,64.0,35-49,Overweight,47.0,94.66666666666667,Moderate (3-4),0,0,0,0,0,0,1
PT101016,2023-10-29,CL01,48.0,Male,33.1,125.0,87.0,87.0,99.0,5.2,,Smoker,2.0,1.0,89.0,4.0,,High,14.0,35-49,Obese,38.0,99.66666666666667,Low (1-2),1,0,0,0,0,1,1
PT100073,2023-10-31,CL05,49.0,Male,25.9,116.0,77.0,83.0,107.0,6.2,189.0,Non-Smoker,2.0,1.0,63.0,3.0,40.3,Moderate,86.0,35-49,Overweight,39.0,90.0,Low (1-2),0,0,0,0,0,0,1
PT100349,2023-10-31,CL03,44.0,Male,30.3,131.0,81.0,79.0,74.0,5.0,258.0,Non-Smoker,3.0,0.0,63.0,1.0,58.0,Moderate,71.0,35-49,Obese,50.0,97.66666666666667,Moderate (3-4),0,0,0,0,0,0,1
PT101155,2023-10-31,CL03,,Female,29.4,130.0,77.0,54.0,139.0,6.7,,,4.0,0.0,64.0,4.0,86.0,High,17.0,,Overweight,53.0,94.66666666666667,Moderate (3-4),1,0,0,0,0,0,0
PT101061,2023-11-01,CL06,64.0,Female,34.9,128.0,75.0,,109.0,5.7,235.0,Smoker,3.0,0.0,72.0,2.0,,High,24.0,50-64,Obese,53.0,92.66666666666667,Moderate (3-4),0,0,0,0,0,1,0
PT100298,2023-11-02,CL05,57.0,Female,29.4,119.0,78.0,75.0,84.0,5.1,282.0,Non-Smoker,1.0,0.0,73.0,6.0,75.6,High,28.0,50-64,Overweight,41.0,91.66666666666667,Low (1-2),1,0,0,0,0,0,0
PT100020,2023-11-03,CL04,32.0,Female,19.9,111.0,66.0,55.0,77.0,4.9,163.0,Non-Smoker,6.0,0.0,94.0,3.0,2.9,Low,326.0,18-34,Normal,45.0,81.0,High (5-7),0,0,0,0,0,0,0
PT100095,2023-11-03,CL02,55.0,Male,25.6,102.0,69.0,69.0,,4.9,,Non-Smoker,3.0,0.0,46.0,0.0,54.3,Moderate,74.0,50-64,Overweight,33.0,80.0,Moderate (3-4),0,0,1,0,0,0,1
PT100809,2023-11-04,CL03,38.0,Male,25.7,119.0,61.0,87.0,88.0,,145.0,Non-Smoker,2.0,1.0,22.0,3.0,41.0,Moderate,76.0,35-49,Overweight,58.0,80.33333333333333,Low (1-2),0,0,0,1,0,0,1
PT101163,2023-11-04,CL05,66.0,Male,29.3,,70.0,68.0,99.0,5.4,241.0,Smoker,4.0,0.0,49.0,1.0,85.3,High,22.0,65+,Overweight,,,Moderate (3-4),0,0,0,0,0,1,1
PT100562,2023-11-05,CL02,86.0,Male,28.7,143.0,75.0,90.0,98.0,5.3,249.0,Non-Smoker,0.0,1.0,52.0,2.0,98.3,High,25.0,65+,Overweight,68.0,97.66666666666667,None,0,0,0,0,0,0,1
PT101167,2023-11-05,CL05,42.0,Female,25.2,113.0,62.0,67.0,76.0,5.2,169.0,Non-Smoker,4.0,0.0,92.0,3.0,15.2,Low,,35-49,Overweight,51.0,79.0,Moderate (3-4),0,0,0,0,0,0,0
PT100076,2023-11-06,CL02,35.0,Female,29.1,90.0,,68.0,97.0,5.7,220.0,Non-Smoker,2.0,1.0,90.0,1.0,40.1,Moderate,85.0,35-49,Overweight,,,Low (1-2),0,0,0,0,0,0,0
PT100525,2023-11-06,CL01,52.0,Female,21.7,114.0,80.0,68.0,84.0,5.2,138.0,Smoker,3.0,0.0,95.0,1.0,44.2,Moderate,75.0,50-64,Normal,34.0,91.33333333333333,Moderate (3-4),0,0,0,0,0,1,0
PT100671,2023-11-06,CL01,43.0,Male,27.7,110.0,79.0,74.0,78.0,4.5,179.0,Non-Smoker,3.0,0.0,,2.0,25.6,Low,306.0,35-49,Overweight,31.0,89.33333333333333,Moderate (3-4),0,0,0,0,1,0,1
PT100969,2023-11-06,CL03,46.0,Male,25.6,114.0,74.0,55.0,86.0,5.5,226.0,Non-Smoker,,0.0,77.0,1.0,29.1,Low,237.0,35-49,Overweight,40.0,87.33333333333333,,0,0,0,0,0,0,1
PT100294,2023-11-07,CL01,64.0,Male,24.2,138.0,79.0,80.0,168.0,8.1,200.0,Non-Smoker,1.0,1.0,76.0,1.0,98.0,High,26.0,50-64,Normal,59.0,98.66666666666667,Low (1-2),0,0,0,0,0,0,1
PT100608,2023-11-07,CL01,90.0,Female,32.3,161.0,96.0,68.0,147.0,7.7,227.0,Non-Smoker,1.0,1.0,72.0,3.0,96.2,High,24.0,65+,Obese,65.0,117.66666666666667,Low (1-2),0,0,0,0,0,0,0
PT100590,2023-11-09,CL01,49.0,Female,26.0,120.0,79.0,75.0,144.0,7.7,229.0,Non-Smoker,1.0,0.0,89.0,,69.9,High,22.0,35-49,Overweight,41.0,92.66666666666667,Low (1-2),0,0,0,0,0,0,0
PT100360,2023-11-10,CL03,53.0,Male,25.4,130.0,109.0,68.0,99.0,,199.0,Non-Smoker,2.0,0.0,57.0,2.0,66.2,High,20.0,50-64,Overweight,21.0,116.0,Low (1-2),0,0,0,1,0,0,1
PT100818,2023-11-11,CL03,51.0,Female,26.9,122.0,80.0,70.0,102.0,5.3,228.0,Non-Smoker,1.0,0.0,95.0,3.0,58.1,Moderate,86.0,50-64,Overweight,42.0,94.0,Low (1-2),0,0,0,0,0,0,0
PT100166,2023-11-12,CL02,23.0,Male,34.2,122.0,78.0,58.0,104.0,5.8,214.0,Smoker,,0.0,92.0,1.0,34.6,Low,310.0,18-34,Obese,44.0,92.66666666666667,,0,0,0,0,0,1,1
PT100362,2023-11-12,CL01,55.0,Female,19.2,112.0,80.0,62.0,75.0,4.5,141.0,Non-Smoker,4.0,0.0,95.0,2.0,13.5,Low,258.0,50-64,Normal,32.0,90.66666666666667,Moderate (3-4),0,0,0,0,0,0,0
PT100773,2023-11-12,CL03,44.0,Female,24.5,107.0,,69.0,97.0,5.2,175.0,Non-Smoker,2.0,0.0,90.0,1.0,29.3,Low,185.0,35-49,Normal,,,Low (1-2),0,0,0,0,0,0,0
PT100317,2023-11-13,CL02,48.0,Female,33.3,113.0,77.0,76.0,92.0,5.2,217.0,Smoker,3.0,0.0,67.0,1.0,71.5,High,24.0,35-49,Obese,36.0,89.0,Moderate (3-4),0,0,0,0,0,1,0
PT100820,2023-11-13,CL02,40.0,Female,25.6,128.0,81.0,84.0,130.0,6.7,186.0,Non-Smoker,2.0,1.0,73.0,0.0,72.1,High,23.0,35-49,Overweight,47.0,96.66666666666667,Low (1-2),0,0,0,0,0,0,0
PT100925,2023-11-13,CL01,49.0,Male,29.5,114.0,60.0,58.0,91.0,5.6,398.0,Non-Smoker,4.0,1.0,76.0,1.0,33.5,Low,202.0,35-49,Overweight,54.0,78.0,Moderate (3-4),0,0,0,0,0,0,1
PT100261,2023-11-14,CL01,42.0,Female,21.4,117.0,81.0,74.0,85.0,5.0,197.0,Non-Smoker,1.0,0.0,63.0,2.0,,Moderate,64.0,35-49,Normal,36.0,93.0,Low (1-2),0,0,0,0,0,0,0
PT100534,2023-11-14,CL04,59.0,Female,32.5,139.0,77.0,,,6.8,180.0,Smoker,3.0,1.0,,6.0,97.9,High,14.0,50-64,Obese,62.0,97.66666666666667,Moderate (3-4),1,0,1,0,1,1,0
PT100599,2023-11-14,CL06,19.0,Female,21.7,86.0,63.0,69.0,90.0,5.7,183.0,Non-Smoker,2.0,1.0,90.0,1.0,7.8,Low,285.0,18-34,Normal,23.0,70.66666666666667,Low (1-2),0,0,0,0,0,0,0
PT100861,2023-11-15,CL04,66.0,Male,27.4,123.0,79.0,53.0,189.0,8.7,247.0,Non-Smoker,3.0,0.0,87.0,1.0,95.2,High,22.0,65+,Overweight,44.0,93.66666666666667,Moderate (3-4),0,0,0,0,0,0,1
PT100554,2023-11-16,CL06,64.0,Female,24.4,141.0,87.0,72.0,87.0,5.0,226.0,Non-Smoker,1.0,0.0,66.0,3.0,68.4,High,19.0,50-64,Normal,54.0,105.0,Low (1-2),0,0,0,0,0,0,0
PT100441,2023-11-17,CL05,52.0,Female,25.5,121.0,75.0,73.0,83.0,5.0,181.0,Non-Smoker,2.0,0.0,69.0,,39.7,Moderate,87.0,50-64,Overweight,46.0,90.33333333333333,Low (1-2),0,0,0,0,0,0,0
PT100516,2023-11-17,CL01,61.0,Female,27.4,111.0,74.0,45.0,96.0,5.5,197.0,Non-Smoker,3.0,0.0,,0.0,47.6,Moderate,88.0,50-64,Overweight,37.0,86.33333333333333,Moderate (3-4),0,0,0,0,1,0,0
PT100704,2023-11-17,CL05,33.0,Female,29.0,140.0,81.0,72.0,93.0,5.2,166.0,Non-Smoker,4.0,1.0,64.0,0.0,26.9,Low,204.0,18-34,Overweight,59.0,100.66666666666667,Moderate (3-4),0,0,0,0,0,0,0
PT100165,2023-11-18,CL03,67.0,Male,29.7,120.0,78.0,71.0,80.0,5.0,264.0,Non-Smoker,3.0,0.0,77.0,1.0,46.7,Moderate,61.0,65+,Overweight,42.0,92.0,Moderate (3-4),0,0,0,0,0,0,1
PT100681,2023-11-18,CL01,56.0,Male,21.9,121.0,65.0,61.0,96.0,5.2,200.0,Non-Smoker,5.0,0.0,80.0,4.0,48.7,Moderate,70.0,50-64,Normal,56.0,83.66666666666667,High (5-7),1,0,0,0,0,0,1
PT101151,2023-11-18,CL01,52.0,Female,25.2,114.0,72.0,77.0,75.0,4.7,165.0,Non-Smoker,3.0,0.0,73.0,1.0,23.6,Low,191.0,50-64,Overweight,42.0,86.0,Moderate (3-4),0,0,0,0,0,0,0
PT100725,2023-11-19,CL01,39.0,Male,21.6,131.0,85.0,77.0,77.0,4.9,222.0,Non-Smoker,,1.0,82.0,0.0,25.3,Low,351.0,35-49,Normal,46.0,100.33333333333333,,0,0,0,0,0,0,1
PT100956,2023-11-19,CL06,51.0,Male,23.4,140.0,89.0,75.0,79.0,,,Non-Smoker,4.0,1.0,86.0,1.0,57.0,Moderate,70.0,50-64,Normal,51.0,106.0,Moderate (3-4),0,0,0,1,0,0,1
PT100121,2023-11-20,CL03,79.0,Female,31.7,126.0,77.0,69.0,104.0,5.9,208.0,Non-Smoker,1.0,1.0,95.0,3.0,81.9,High,25.0,65+,Obese,49.0,93.33333333333333,Low (1-2),0,0,0,0,0,0,0
PT101089,2023-11-20,CL03,36.0,Female,29.8,108.0,64.0,79.0,103.0,5.9,173.0,Non-Smoker,4.0,1.0,82.0,1.0,24.1,Low,259.0,35-49,Overweight,44.0,78.66666666666667,Moderate (3-4),0,0,0,0,0,0,0
PT100402,2023-11-22,CL06,62.0,Male,28.0,126.0,76.0,78.0,102.0,5.6,193.0,Non-Smoker,3.0,0.0,86.0,0.0,38.7,Moderate,80.0,50-64,Overweight,50.0,92.66666666666667,Moderate (3-4),0,0,0,0,0,0,1
PT100460,2023-11-23,CL04,52.0,Female,,114.0,77.0,89.0,90.0,5.3,206.0,Non-Smoker,3.0,0.0,94.0,1.0,42.5,Moderate,86.0,50-64,,37.0,89.33333333333333,Moderate (3-4),0,1,0,0,0,0,0
PT100335,2023-11-24,CL01,61.0,Female,30.1,110.0,69.0,71.0,96.0,6.1,197.0,Non-Smoker,1.0,0.0,77.0,1.0,59.8,Moderate,71.0,50-64,Obese,41.0,82.66666666666667,Low (1-2),0,0,0,0,0,0,0
PT100680,2023-11-24,CL02,37.0,Male,23.3,212.0,70.0,77.0,72.0,4.6,186.0,Non-Smoker,3.0,0.0,78.0,0.0,14.5,Low,304.0,35-49,Normal,142.0,117.33333333333333,Moderate (3-4),0,0,0,0,0,0,1
PT101156,2023-11-24,CL01,52.0,Female,21.3,114.0,77.0,56.0,86.0,5.6,159.0,Non-Smoker,4.0,0.0,74.0,2.0,15.8,Low,268.0,50-64,Normal,37.0,89.33333333333333,Moderate (3-4),0,0,0,0,0,0,0
PT101100,2023-11-25,CL01,51.0,Female,30.9,115.0,80.0,73.0,97.0,5.6,207.0,Smoker,2.0,0.0,85.0,1.0,62.6,Moderate,89.0,50-64,Obese,35.0,91.66666666666667,Low (1-2),0,0,0,0,0,1,0
PT100035,2023-11-26,CL03,52.0,Male,25.6,109.0,70.0,79.0,78.0,4.8,231.0,Non-Smoker,1.0,0.0,67.0,0.0,42.8,Moderate,61.0,50-64,Overweight,39.0,83.0,Low (1-2),0,0,0,0,0,0,1
PT100178,2023-11-26,CL06,32.0,Female,26.2,132.0,74.0,61.0,78.0,5.1,,Smoker,5.0,0.0,84.0,0.0,38.0,Moderate,63.0,18-34,Overweight,58.0,93.33333333333333,High (5-7),0,0,0,0,0,1,0
PT100743,2023-11-26,CL05,70.0,Male,29.5,,92.0,,116.0,6.4,191.0,Non-Smoker,2.0,0.0,88.0,2.0,93.7,High,,65+,Overweight,,,Low (1-2),0,0,0,0,0,0,1
PT100245,2023-11-27,CL04,42.0,Male,20.5,111.0,76.0,69.0,89.0,5.1,180.0,Smoker,4.0,0.0,53.0,2.0,12.0,Low,237.0,35-49,Normal,35.0,87.66666666666667,Moderate (3-4),0,0,0,0,0,1,1
PT101053,2023-11-27,CL02,31.0,Female,20.7,100.0,67.0,74.0,84.0,5.1,138.0,Non-Smoker,3.0,0.0,53.0,0.0,2.4,Low,216.0,18-34,Normal,33.0,78.0,Moderate (3-4),0,0,0,0,0,0,0
PT101187,2023-11-27,CL02,48.0,Male,21.7,136.0,81.0,60.0,88.0,5.1,208.0,Non-Smoker,2.0,0.0,71.0,1.0,68.0,High,15.0,35-49,Normal,55.0,99.33333333333333,Low (1-2),0,0,0,0,0,0,1
PT100997,2023-11-28,CL04,54.0,Male,,142.0,85.0,69.0,91.0,5.7,224.0,Non-Smoker,3.0,0.0,98.0,0.0,56.1,Moderate,71.0,50-64,,57.0,104.0,Moderate (3-4),0,1,0,0,0,0,1
PT101043,2023-11-29,CL04,42.0,Female,29.7,113.0,60.0,69.0,93.0,5.5,194.0,Non-Smoker,4.0,0.0,72.0,2.0,42.6,Moderate,68.0,35-49,Overweight,53.0,77.66666666666667,Moderate (3-4),0,0,0,0,0,0,0
PT100445,2023-11-30,CL02,49.0,Female,24.6,110.0,71.0,62.0,81.0,4.7,155.0,Non-Smoker,2.0,0.0,71.0,0.0,36.5,Moderate,63.0,35-49,Normal,39.0,84.0,Low (1-2),0,0,0,0,0,0,0
PT100446,2023-11-30,CL04,53.0,Male,26.3,120.0,76.0,67.0,92.0,4.9,237.0,Smoker,3.0,0.0,64.0,2.0,67.8,High,26.0,50-64,Overweight,44.0,90.66666666666667,Moderate (3-4),0,0,0,0,0,1,1
PT100591,2023-11-30,,42.0,Female,29.2,112.0,69.0,72.0,100.0,5.4,201.0,Smoker,1.0,1.0,78.0,5.0,71.0,High,26.0,35-49,Overweight,43.0,83.33333333333333,Low (1-2),1,0,0,0,0,1,0
PT100107,2023-12-03,CL03,67.0,Female,32.8,118.0,68.0,67.0,,5.4,230.0,Non-Smoker,4.0,0.0,61.0,0.0,74.5,High,29.0,65+,Obese,50.0,84.66666666666667,Moderate (3-4),0,0,1,0,0,0,0
PT100616,2023-12-03,CL04,50.0,Male,22.1,133.0,79.0,64.0,80.0,5.0,132.0,Non-Smoker,3.0,0.0,79.0,1.0,35.3,Moderate,90.0,50-64,Normal,54.0,97.0,Moderate (3-4),0,0,0,0,0,0,1
PT100732,2023-12-03,CL01,73.0,Male,23.2,129.0,70.0,78.0,,5.4,208.0,Non-Smoker,2.0,0.0,89.0,3.0,70.9,High,29.0,65+,Normal,59.0,89.66666666666667,Low (1-2),0,0,1,0,0,0,1
PT100182,2023-12-04,CL06,42.0,Male,,98.0,68.0,69.0,85.0,,188.0,Non-Smoker,1.0,0.0,41.0,0.0,24.2,Low,195.0,35-49,,30.0,78.0,Low (1-2),0,1,0,1,0,0,1
PT100330,2023-12-04,CL02,51.0,Female,25.5,137.0,79.0,75.0,82.0,4.9,185.0,Non-Smoker,1.0,0.0,69.0,1.0,67.1,High,18.0,50-64,Overweight,58.0,98.33333333333333,Low (1-2),0,0,0,0,0,0,0
PT100316,2023-12-05,CL02,22.0,Male,25.1,101.0,70.0,66.0,76.0,4.5,203.0,Smoker,4.0,0.0,88.0,0.0,13.9,Low,268.0,18-34,Overweight,31.0,80.33333333333333,Moderate (3-4),0,0,0,0,0,1,1
PT100009,2023-12-06,CL01,50.0,Male,26.0,108.0,58.0,67.0,85.0,5.3,208.0,Non-Smoker,3.0,0.0,86.0,1.0,35.0,Moderate,80.0,50-64,Overweight,50.0,74.66666666666667,Moderate (3-4),0,0,0,0,0,0,1
PT100065,2023-12-06,CL04,64.0,Female,26.5,133.0,91.0,67.0,84.0,5.1,238.0,Non-Smoker,3.0,0.0,71.0,0.0,64.9,Moderate,62.0,50-64,Overweight,42.0,105.0,Moderate (3-4),0,0,0,0,0,0,0
PT100892,2023-12-06,CL06,56.0,Female,22.8,121.0,78.0,89.0,98.0,5.2,169.0,Non-Smoker,3.0,0.0,61.0,1.0,45.4,Moderate,76.0,50-64,Normal,43.0,92.33333333333333,Moderate (3-4),0,0,0,0,0,0,0
PT100244,2023-12-07,CL03,45.0,Female,22.7,126.0,78.0,74.0,76.0,4.6,163.0,Non-Smoker,4.0,0.0,76.0,3.0,25.0,Low,208.0,35-49,Normal,48.0,94.0,Moderate (3-4),0,0,0,0,0,0,0
PT100690,2023-12-08,CL03,46.0,Female,28.4,122.0,77.0,61.0,85.0,5.7,148.0,Non-Smoker,3.0,0.0,74.0,1.0,38.2,Moderate,73.0,35-49,Overweight,45.0,92.0,Moderate (3-4),0,0,0,0,0,0,0
PT101160,2023-12-08,CL05,76.0,Female,26.8,135.0,78.0,66.0,91.0,5.4,175.0,Non-Smoker,2.0,,93.0,2.0,72.1,High,20.0,65+,Overweight,57.0,97.0,Low (1-2),0,0,0,0,0,0,0
PT100127,2023-12-09,CL02,54.0,Female,25.8,137.0,89.0,76.0,149.0,,206.0,Smoker,0.0,1.0,71.0,2.0,94.4,High,21.0,50-64,Overweight,48.0,105.0,None,0,0,0,1,0,1,0
PT100576,2023-12-09,CL03,56.0,Male,27.0,133.0,82.0,81.0,,4.3,179.0,Non-Smoker,,0.0,56.0,0.0,72.2,High,17.0,50-64,Overweight,51.0,99.0,,0,0,1,0,0,0,1
PT100739,2023-12-09,CL02,85.0,Male,25.1,145.0,88.0,77.0,91.0,5.7,256.0,Smoker,1.0,0.0,97.0,0.0,86.7,High,14.0,65+,Overweight,57.0,107.0,Low (1-2),0,0,0,0,0,1,1
PT100886,2023-12-09,CL02,37.0,Female,29.4,99.0,61.0,57.0,98.0,5.3,191.0,Non-Smoker,2.0,0.0,,1.0,58.0,Moderate,72.0,35-49,Overweight,38.0,73.66666666666667,Low (1-2),0,0,0,0,1,0,0
PT100054,2023-12-10,CL04,23.0,Female,,108.0,64.0,75.0,87.0,5.4,234.0,Non-Smoker,3.0,1.0,83.0,0.0,19.9,Low,212.0,18-34,,44.0,78.66666666666667,Moderate (3-4),0,1,0,0,0,0,0
PT100149,2023-12-10,CL03,35.0,Female,22.6,116.0,69.0,79.0,75.0,5.3,169.0,Smoker,4.0,0.0,66.0,3.0,19.6,Low,330.0,35-49,Normal,47.0,84.66666666666667,Moderate (3-4),0,0,0,0,0,1,0
PT100513,2023-12-11,CL01,45.0,Female,22.5,114.0,74.0,76.0,86.0,5.3,132.0,Smoker,2.0,1.0,86.0,0.0,31.7,Low,348.0,35-49,Normal,40.0,87.33333333333333,Low (1-2),0,0,0,0,0,1,0
PT100723,2023-12-11,CL01,48.0,Female,28.9,118.0,78.0,67.0,81.0,,249.0,Non-Smoker,2.0,0.0,82.0,0.0,46.4,Moderate,89.0,35-49,Overweight,40.0,91.33333333333333,Low (1-2),0,0,0,1,0,0,0
PT100059,2023-12-13,CL01,45.0,Female,26.5,97.0,76.0,68.0,88.0,5.2,128.0,Smoker,2.0,0.0,73.0,2.0,24.8,Low,219.0,35-49,Overweight,21.0,83.0,Low (1-2),0,0,0,0,0,1,0
PT100063,2023-12-13,CL03,48.0,Male,23.6,122.0,69.0,82.0,80.0,4.6,208.0,Smoker,1.0,0.0,60.0,0.0,67.3,High,18.0,35-49,Normal,53.0,86.66666666666667,Low (1-2),0,0,0,0,0,1,1
PT101010,2023-12-13,CL03,25.0,Male,28.1,110.0,,77.0,91.0,5.5,158.0,Non-Smoker,3.0,1.0,90.0,0.0,14.2,Low,198.0,18-34,Overweight,,,Moderate (3-4),0,0,0,0,0,0,1
PT101051,2023-12-13,CL04,23.0,Male,24.5,112.0,71.0,66.0,,5.2,161.0,Non-Smoker,6.0,0.0,77.0,2.0,25.9,Low,353.0,18-34,Normal,41.0,84.66666666666667,High (5-7),0,0,1,0,0,0,1
PT100580,2023-12-14,CL02,90.0,Female,38.2,143.0,86.0,70.0,117.0,6.1,254.0,Non-Smoker,0.0,0.0,76.0,3.0,97.7,High,20.0,65+,Obese,57.0,105.0,None,0,0,0,0,0,0,0
PT100056,2023-12-15,CL05,56.0,Male,30.7,107.0,62.0,79.0,106.0,6.0,,Smoker,0.0,0.0,60.0,0.0,76.4,High,20.0,50-64,Obese,45.0,77.0,None,0,0,0,0,0,1,1
PT100738,2023-12-15,CL02,68.0,Male,,137.0,88.0,74.0,74.0,4.9,206.0,Non-Smoker,2.0,0.0,73.0,5.0,44.1,Moderate,85.0,65+,,49.0,104.33333333333333,Low (1-2),1,1,0,0,0,0,1
PT101098,2023-12-15,CL05,40.0,Female,26.3,110.0,85.0,90.0,86.0,5.2,120.0,Non-Smoker,1.0,1.0,92.0,1.0,6.8,Low,213.0,35-49,Overweight,25.0,93.33333333333333,Low (1-2),0,0,0,0,0,0,0
PT100369,2023-12-16,CL02,55.0,Male,23.7,124.0,85.0,64.0,107.0,6.2,205.0,Smoker,1.0,0.0,89.0,3.0,71.9,High,15.0,50-64,Normal,39.0,98.0,Low (1-2),0,0,0,0,0,1,1
PT100560,2023-12-16,CL03,48.0,Female,27.4,118.0,69.0,66.0,110.0,4.9,242.0,Non-Smoker,4.0,1.0,86.0,1.0,52.5,Moderate,77.0,35-49,Overweight,49.0,85.33333333333333,Moderate (3-4),0,0,0,0,0,0,0
PT100656,2023-12-16,CL02,26.0,Female,21.9,115.0,81.0,62.0,88.0,5.7,177.0,Smoker,2.0,0.0,85.0,1.0,,Low,216.0,18-34,Normal,34.0,92.33333333333333,Low (1-2),0,0,0,0,0,1,0
PT100862,2023-12-17,CL04,40.0,Female,24.2,110.0,72.0,60.0,95.0,5.4,182.0,Non-Smoker,3.0,1.0,65.0,5.0,16.6,Low,318.0,35-49,Normal,38.0,84.66666666666667,Moderate (3-4),1,0,0,0,0,0,0
PT101027,2023-12-17,CL06,68.0,Female,,131.0,77.0,74.0,98.0,5.4,183.0,Smoker,1.0,1.0,41.0,1.0,94.6,High,30.0,65+,,54.0,95.0,Low (1-2),0,1,0,0,0,1,0
PT100672,2023-12-18,CL03,52.0,Male,28.7,114.0,74.0,60.0,125.0,,164.0,Smoker,1.0,,91.0,2.0,84.7,High,23.0,50-64,Overweight,40.0,87.33333333333333,Low (1-2),0,0,0,1,0,1,1
PT100286,2023-12-19,CL02,81.0,Female,,119.0,76.0,64.0,,4.9,233.0,Non-Smoker,3.0,0.0,81.0,1.0,77.1,High,30.0,65+,,43.0,90.33333333333333,Moderate (3-4),0,1,1,0,0,0,0
PT100444,2023-12-20,CL01,44.0,Male,26.9,121.0,,76.0,84.0,4.7,173.0,Non-Smoker,2.0,,96.0,1.0,13.3,Low,209.0,35-49,Overweight,,,Low (1-2),0,0,0,0,0,0,1
PT100016,2023-12-22,CL02,33.0,Male,23.5,90.0,48.0,61.0,87.0,4.9,200.0,Non-Smoker,2.0,1.0,83.0,1.0,,Low,223.0,18-34,Normal,42.0,62.0,Low (1-2),0,0,0,0,0,0,1
PT100558,2023-12-22,CL03,59.0,Male,21.6,108.0,81.0,71.0,88.0,,148.0,Non-Smoker,4.0,0.0,,2.0,41.5,Moderate,71.0,50-64,Normal,27.0,90.0,Moderate (3-4),0,0,0,1,1,0,1
PT100615,2023-12-25,CL02,48.0,Female,31.3,127.0,86.0,71.0,111.0,6.1,203.0,Smoker,2.0,0.0,44.0,1.0,89.0,High,22.0,35-49,Obese,41.0,99.66666666666667,Low (1-2),0,0,0,0,0,1,0
PT100339,2023-12-26,CL01,64.0,Female,21.8,140.0,86.0,72.0,86.0,4.7,202.0,Non-Smoker,4.0,0.0,63.0,0.0,69.6,High,18.0,50-64,Normal,54.0,104.0,Moderate (3-4),0,0,0,0,0,0,0
PT100741,2023-12-26,CL01,19.0,Female,25.6,114.0,75.0,84.0,87.0,5.2,159.0,Smoker,4.0,1.0,87.0,1.0,34.9,Low,310.0,18-34,Overweight,39.0,88.0,Moderate (3-4),0,0,0,0,0,1,0
PT100140,2023-12-27,CL01,29.0,Female,26.6,104.0,61.0,71.0,80.0,5.1,211.0,Non-Smoker,2.0,0.0,83.0,1.0,,Low,299.0,18-34,Overweight,43.0,75.33333333333333,Low (1-2),0,0,0,0,0,0,0
PT100577,2023-12-28,CL06,51.0,Male,29.2,137.0,85.0,85.0,98.0,5.4,157.0,Smoker,1.0,0.0,75.0,,70.2,High,26.0,50-64,Overweight,52.0,102.33333333333333,Low (1-2),0,0,0,0,0,1,1
PT100740,2023-12-28,CL02,50.0,Male,28.2,128.0,81.0,89.0,116.0,,212.0,Smoker,4.0,1.0,77.0,1.0,69.2,High,28.0,50-64,Overweight,47.0,96.66666666666667,Moderate (3-4),0,0,0,1,0,1,1
PT100242,2023-12-29,CL05,44.0,Male,30.2,117.0,87.0,101.0,86.0,4.9,208.0,Smoker,2.0,0.0,71.0,0.0,33.0,Low,279.0,35-49,Obese,30.0,97.0,Low (1-2),0,0,0,0,0,1,1
PT101050,2023-12-29,CL02,78.0,Male,42.3,156.0,105.0,72.0,118.0,6.0,219.0,Non-Smoker,1.0,0.0,69.0,3.0,97.8,High,27.0,65+,Obese,51.0,122.0,Low (1-2),0,0,0,0,0,0,1
PT100264,2023-12-30,CL01,52.0,Male,21.8,114.0,70.0,58.0,80.0,5.5,156.0,Non-Smoker,4.0,0.0,77.0,0.0,23.1,Low,283.0,50-64,Normal,44.0,84.66666666666667,Moderate (3-4),0,0,0,0,0,0,1
PT100548,2023-12-30,CL01,58.0,Male,31.7,136.0,82.0,75.0,109.0,5.8,108.0,Smoker,2.0,0.0,61.0,2.0,69.4,High,28.0,50-64,Obese,54.0,100.0,Low (1-2),0,0,0,0,0,1,1
PT100716,2023-12-30,CL01,57.0,Male,26.4,123.0,77.0,83.0,82.0,4.5,229.0,Non-Smoker,2.0,0.0,66.0,1.0,67.7,High,14.0,50-64,Overweight,46.0,92.33333333333333,Low (1-2),0,0,0,0,0,0,1
PT100138,2023-12-31,CL03,48.0,Male,55.8,113.0,72.0,74.0,94.0,5.5,206.0,Non-Smoker,1.0,0.0,96.0,0.0,12.3,Low,268.0,35-49,Obese,41.0,85.66666666666667,Low (1-2),0,0,0,0,0,0,1
PT100197,2024-01-01,CL03,42.0,Female,,,67.0,78.0,75.0,4.8,201.0,Non-Smoker,2.0,0.0,80.0,0.0,44.7,Moderate,65.0,35-49,,,,Low (1-2),0,1,0,0,0,0,0
PT100974,2024-01-03,CL06,34.0,Male,32.4,125.0,66.0,70.0,87.0,4.9,183.0,Non-Smoker,4.0,0.0,69.0,1.0,47.1,Moderate,79.0,18-34,Obese,59.0,85.66666666666667,Moderate (3-4),0,0,0,0,0,0,1
PT100729,2024-01-04,CL03,50.0,Female,25.1,105.0,87.0,74.0,,,172.0,Non-Smoker,2.0,0.0,73.0,,61.6,Moderate,60.0,50-64,Overweight,18.0,93.0,Low (1-2),0,0,1,1,0,0,0
PT100285,2024-01-05,CL03,62.0,Male,33.3,118.0,74.0,71.0,99.0,5.5,246.0,Non-Smoker,3.0,0.0,84.0,3.0,64.6,Moderate,72.0,50-64,Obese,44.0,88.66666666666667,Moderate (3-4),0,0,0,0,0,0,1
PT100612,2024-01-05,CL04,39.0,Female,27.6,132.0,89.0,86.0,83.0,4.9,196.0,Smoker,4.0,0.0,94.0,1.0,33.3,Low,271.0,35-49,Overweight,43.0,103.33333333333333,Moderate (3-4),0,0,0,0,0,1,0
PT100976,2024-01-05,CL04,78.0,Female,23.0,117.0,84.0,62.0,,6.1,187.0,Non-Smoker,1.0,0.0,68.0,2.0,55.4,Moderate,78.0,65+,Normal,33.0,95.0,Low (1-2),0,0,1,0,0,0,0
PT100977,2024-01-05,CL03,45.0,Male,27.4,115.0,72.0,73.0,98.0,6.0,195.0,Smoker,1.0,0.0,88.0,2.0,27.0,Low,187.0,35-49,Overweight,43.0,86.33333333333333,Low (1-2),0,0,0,0,0,1,1
PT100315,2024-01-06,CL02,31.0,Female,,106.0,74.0,69.0,93.0,5.5,188.0,Non-Smoker,3.0,1.0,83.0,3.0,32.9,Low,359.0,18-34,,32.0,84.66666666666667,Moderate (3-4),0,1,0,0,0,0,0
PT100501,2024-01-06,CL04,56.0,Male,24.0,134.0,78.0,61.0,95.0,,201.0,Non-Smoker,2.0,0.0,64.0,1.0,70.2,High,27.0,50-64,Normal,56.0,96.66666666666667,Low (1-2),0,0,0,1,0,0,1
PT100552,2024-01-07,CL01,71.0,Female,31.6,140.0,73.0,70.0,107.0,6.3,285.0,Non-Smoker,3.0,1.0,79.0,3.0,95.7,High,17.0,65+,Obese,67.0,95.33333333333333,Moderate (3-4),0,0,0,0,0,0,0
PT100343,2024-01-10,CL05,75.0,Female,39.2,124.0,71.0,98.0,106.0,5.4,236.0,Smoker,2.0,1.0,,6.0,97.2,High,23.0,65+,Obese,53.0,88.66666666666667,Low (1-2),1,0,0,0,1,1,0
PT100559,2024-01-10,CL03,57.0,Female,20.6,113.0,76.0,69.0,82.0,4.9,211.0,Non-Smoker,2.0,0.0,53.0,3.0,19.8,Low,220.0,50-64,Normal,37.0,88.33333333333333,Low (1-2),0,0,0,0,0,0,0
PT100411,2024-01-11,CL04,26.0,Female,22.7,115.0,77.0,67.0,72.0,4.5,182.0,Smoker,,0.0,58.0,2.0,16.8,Low,330.0,18-34,Normal,38.0,89.66666666666667,,0,0,0,0,0,1,0
PT100911,2024-01-11,,48.0,Male,25.0,94.0,69.0,67.0,88.0,,220.0,Non-Smoker,3.0,0.0,91.0,0.0,22.6,Low,317.0,35-49,Overweight,25.0,77.33333333333333,Moderate (3-4),0,0,0,1,0,0,1
PT100476,2024-01-13,CL02,33.0,Male,21.2,117.0,64.0,69.0,85.0,5.2,198.0,Non-Smoker,5.0,0.0,,1.0,8.2,Low,273.0,18-34,Normal,53.0,81.66666666666667,High (5-7),0,0,0,0,1,0,1
PT101021,2024-01-13,CL06,45.0,Male,32.2,105.0,74.0,94.0,,6.0,243.0,,2.0,1.0,96.0,1.0,72.6,High,23.0,35-49,Obese,31.0,84.33333333333333,Low (1-2),0,0,1,0,0,0,1
PT100550,2024-01-15,CL03,81.0,Male,28.2,139.0,94.0,65.0,106.0,5.9,207.0,Smoker,4.0,0.0,91.0,5.0,96.0,High,28.0,65+,Overweight,45.0,109.0,Moderate (3-4),1,0,0,0,0,1,1
PT100844,2024-01-15,CL02,44.0,Female,20.2,121.0,79.0,96.0,91.0,5.2,191.0,Non-Smoker,1.0,0.0,45.0,1.0,32.5,Low,184.0,35-49,Normal,42.0,93.0,Low (1-2),0,0,0,0,0,0,0
PT100314,2024-01-16,CL02,47.0,Male,20.6,100.0,76.0,65.0,91.0,5.2,159.0,Smoker,4.0,,77.0,5.0,37.3,Moderate,79.0,35-49,Normal,24.0,84.0,Moderate (3-4),1,0,0,0,0,1,1
PT100032,2024-01-17,CL06,57.0,Female,30.5,117.0,77.0,72.0,202.0,9.1,235.0,Smoker,1.0,0.0,,4.0,95.9,High,18.0,50-64,Obese,40.0,90.33333333333333,Low (1-2),1,0,0,0,1,1,0
PT100077,2024-01-17,CL02,58.0,Male,25.1,124.0,75.0,67.0,92.0,5.0,207.0,Non-Smoker,3.0,0.0,95.0,0.0,59.4,Moderate,81.0,50-64,Overweight,49.0,91.33333333333333,Moderate (3-4),0,0,0,0,0,0,1
PT100332,2024-01-17,CL01,43.0,Female,26.2,105.0,75.0,67.0,96.0,5.4,186.0,Non-Smoker,2.0,1.0,66.0,3.0,58.5,Moderate,62.0,35-49,Overweight,30.0,85.0,Low (1-2),0,0,0,0,0,0,0
PT100377,2024-01-17,CL06,57.0,Female,28.0,138.0,80.0,67.0,114.0,6.4,213.0,Non-Smoker,3.0,0.0,59.0,1.0,64.6,Moderate,86.0,50-64,Overweight,58.0,99.33333333333333,Moderate (3-4),0,0,0,0,0,0,0
PT101152,2024-01-17,CL05,34.0,Female,26.8,100.0,63.0,84.0,84.0,5.5,198.0,Non-Smoker,,1.0,76.0,3.0,30.5,Low,320.0,18-34,Overweight,37.0,75.33333333333333,,0,0,0,0,0,0,0
PT100937,2024-01-18,CL06,47.0,Male,30.8,118.0,,80.0,147.0,7.0,233.0,Non-Smoker,3.0,1.0,,4.0,88.5,High,17.0,35-49,Obese,,,Moderate (3-4),1,0,0,0,1,0,1
PT100992,2024-01-18,CL05,49.0,Male,37.5,127.0,87.0,62.0,121.0,6.3,230.0,Non-Smoker,3.0,1.0,84.0,3.0,88.2,High,26.0,35-49,Obese,40.0,100.33333333333333,Moderate (3-4),0,0,0,0,0,0,1
PT100089,2024-01-19,CL01,21.0,Female,,133.0,80.0,69.0,62.0,4.0,181.0,Non-Smoker,4.0,0.0,,0.0,8.2,Low,363.0,18-34,,53.0,97.66666666666667,Moderate (3-4),0,1,0,0,1,0,0
PT101069,2024-01-19,CL01,50.0,Male,19.7,137.0,84.0,79.0,96.0,,139.0,Non-Smoker,2.0,1.0,78.0,3.0,61.2,Moderate,90.0,50-64,Normal,53.0,101.66666666666667,Low (1-2),0,0,0,1,0,0,1
PT100118,2024-01-20,CL04,36.0,Female,23.2,140.0,83.0,60.0,75.0,4.7,207.0,Non-Smoker,4.0,1.0,90.0,2.0,50.7,Moderate,61.0,35-49,Normal,57.0,102.0,Moderate (3-4),0,0,0,0,0,0,0
PT100209,2024-01-20,CL01,59.0,Male,30.0,133.0,87.0,58.0,96.0,5.0,155.0,Non-Smoker,1.0,0.0,58.0,1.0,72.3,High,15.0,50-64,Obese,46.0,102.33333333333333,Low (1-2),0,0,0,0,0,0,1
PT100865,2024-01-20,CL01,42.0,Male,22.9,114.0,76.0,86.0,95.0,5.5,412.0,Non-Smoker,5.0,1.0,,2.0,32.3,Low,210.0,35-49,Normal,38.0,88.66666666666667,High (5-7),0,0,0,0,1,0,1
PT100960,2024-01-21,CL03,54.0,Male,33.1,117.0,66.0,72.0,402.0,6.3,167.0,,1.0,0.0,95.0,0.0,78.4,High,21.0,50-64,Obese,51.0,83.0,Low (1-2),0,0,0,0,0,0,1
PT101139,2024-01-21,CL01,34.0,Male,20.6,109.0,63.0,69.0,85.0,4.6,101.0,Non-Smoker,,1.0,42.0,2.0,22.0,Low,358.0,18-34,Normal,46.0,78.33333333333333,,0,0,0,0,0,0,1
PT100644,2024-01-22,CL02,45.0,Male,25.9,125.0,93.0,85.0,86.0,5.3,206.0,Non-Smoker,2.0,0.0,,1.0,61.9,Moderate,69.0,35-49,Overweight,32.0,103.66666666666667,Low (1-2),0,0,0,0,1,0,1
PT100011,2024-01-23,CL02,65.0,Female,25.9,139.0,82.0,62.0,107.0,5.7,226.0,Non-Smoker,1.0,1.0,84.0,5.0,84.2,High,20.0,65+,Overweight,57.0,101.0,Low (1-2),1,0,0,0,0,0,0
PT100139,2024-01-24,CL05,43.0,Female,24.6,114.0,70.0,75.0,82.0,4.8,173.0,Non-Smoker,2.0,0.0,96.0,3.0,33.4,Low,267.0,35-49,Normal,44.0,84.66666666666667,Low (1-2),0,0,0,0,0,0,0
PT100193,2024-01-24,CL01,82.0,Male,22.3,123.0,88.0,92.0,95.0,5.7,266.0,Smoker,3.0,1.0,78.0,4.0,82.0,High,18.0,65+,Normal,35.0,99.66666666666667,Moderate (3-4),1,0,0,0,0,1,1
PT100549,2024-01-24,CL05,45.0,Male,31.7,119.0,76.0,61.0,85.0,5.3,166.0,Non-Smoker,6.0,0.0,56.0,0.0,50.2,Moderate,62.0,35-49,Obese,43.0,90.33333333333333,High (5-7),0,0,0,0,0,0,1
PT101078,2024-01-24,CL03,59.0,Female,27.2,121.0,78.0,69.0,85.0,5.5,255.0,Non-Smoker,3.0,0.0,93.0,2.0,33.7,Low,325.0,50-64,Overweight,43.0,92.33333333333333,Moderate (3-4),0,0,0,0,0,0,0
PT101096,2024-01-24,CL02,73.0,Female,22.0,133.0,76.0,52.0,101.0,5.4,200.0,Smoker,4.0,1.0,66.0,2.0,90.6,High,18.0,65+,Normal,57.0,95.0,Moderate (3-4),0,0,0,0,0,1,0
PT100207,2024-01-25,CL01,48.0,Male,31.7,125.0,82.0,66.0,78.0,5.3,112.0,Non-Smoker,2.0,0.0,92.0,1.0,40.9,Moderate,65.0,35-49,Obese,43.0,96.33333333333333,Low (1-2),0,0,0,0,0,0,1
PT100617,2024-01-25,CL04,76.0,Male,30.5,138.0,76.0,90.0,102.0,5.4,,Non-Smoker,0.0,1.0,70.0,5.0,87.3,High,15.0,65+,Obese,62.0,96.66666666666667,None,1,0,0,0,0,0,1
PT100366,2024-01-26,CL02,,Male,23.5,110.0,64.0,77.0,78.0,4.5,217.0,Smoker,4.0,1.0,81.0,2.0,49.2,Moderate,63.0,,Normal,46.0,79.33333333333333,Moderate (3-4),0,0,0,0,0,1,1
PT100394,2024-01-27,CL04,51.0,Male,31.9,136.0,92.0,62.0,129.0,6.5,187.0,Non-Smoker,2.0,1.0,77.0,3.0,90.7,High,25.0,50-64,Obese,44.0,106.66666666666667,Low (1-2),0,0,0,0,0,0,1
PT100266,2024-01-28,CL01,54.0,Male,26.2,128.0,87.0,73.0,71.0,4.7,234.0,Non-Smoker,3.0,0.0,80.0,1.0,35.2,Moderate,65.0,50-64,Overweight,41.0,100.66666666666667,Moderate (3-4),0,0,0,0,0,0,1
PT100496,2024-01-28,CL03,62.0,Female,,131.0,63.0,69.0,97.0,,211.0,Non-Smoker,2.0,,78.0,2.0,80.4,High,27.0,50-64,,68.0,85.66666666666667,Low (1-2),0,1,0,1,0,0,0
PT100899,2024-01-29,CL01,43.0,Female,26.5,115.0,74.0,70.0,102.0,5.7,227.0,Non-Smoker,2.0,1.0,78.0,2.0,30.6,Low,180.0,35-49,Overweight,41.0,87.66666666666667,Low (1-2),0,0,0,0,0,0,0
PT100945,2024-01-29,CL03,35.0,Male,23.9,131.0,74.0,81.0,76.0,5.2,143.0,Non-Smoker,4.0,0.0,77.0,1.0,17.7,Low,244.0,35-49,Normal,57.0,93.0,Moderate (3-4),0,0,0,0,0,0,1
PT101067,2024-01-29,CL02,37.0,Female,31.0,118.0,70.0,76.0,83.0,4.6,137.0,Non-Smoker,4.0,0.0,94.0,1.0,25.8,Low,270.0,35-49,Obese,48.0,86.0,Moderate (3-4),0,0,0,0,0,0,0
PT100711,2024-01-30,CL06,72.0,Female,29.7,130.0,86.0,68.0,109.0,5.8,207.0,Smoker,1.0,0.0,87.0,2.0,86.1,High,14.0,65+,Overweight,44.0,100.66666666666667,Low (1-2),0,0,0,0,0,1,0
PT100421,2024-01-31,CL04,60.0,Male,27.4,125.0,69.0,68.0,99.0,5.6,239.0,,4.0,0.0,73.0,4.0,52.4,Moderate,75.0,50-64,Overweight,56.0,87.66666666666667,Moderate (3-4),1,0,0,0,0,0,1
PT100524,2024-01-31,CL04,71.0,Male,30.4,141.0,79.0,79.0,101.0,5.8,244.0,Non-Smoker,2.0,0.0,77.0,2.0,91.7,High,23.0,65+,Obese,62.0,99.66666666666667,Low (1-2),0,0,0,0,0,0,1
PT100941,2024-01-31,CL02,54.0,Male,25.6,113.0,79.0,,90.0,5.0,137.0,Non-Smoker,2.0,0.0,65.0,0.0,22.8,Low,352.0,50-64,Overweight,34.0,90.33333333333333,Low (1-2),0,0,0,0,0,0,1
PT100436,2024-02-02,CL01,37.0,Male,22.6,115.0,71.0,64.0,83.0,5.3,,Non-Smoker,4.0,1.0,,0.0,25.2,Low,230.0,35-49,Normal,44.0,85.66666666666667,Moderate (3-4),0,0,0,0,1,0,1
PT100375,2024-02-03,CL01,87.0,Female,27.4,130.0,76.0,66.0,189.0,8.6,178.0,Non-Smoker,2.0,0.0,86.0,5.0,97.1,High,20.0,65+,Overweight,54.0,94.0,Low (1-2),1,0,0,0,0,0,0
PT100434,2024-02-03,CL05,63.0,Male,34.7,137.0,98.0,60.0,102.0,6.0,203.0,Non-Smoker,3.0,0.0,88.0,2.0,61.7,Moderate,78.0,50-64,Obese,39.0,111.0,Moderate (3-4),0,0,0,0,0,0,1
PT101077,2024-02-05,CL03,37.0,Female,23.4,117.0,66.0,65.0,76.0,5.2,222.0,Non-Smoker,3.0,0.0,88.0,3.0,20.2,Low,320.0,35-49,Normal,51.0,83.0,Moderate (3-4),0,0,0,0,0,0,0
PT100004,2024-02-07,CL04,34.0,Female,21.8,132.0,79.0,57.0,84.0,5.1,161.0,Non-Smoker,5.0,1.0,82.0,1.0,30.2,Low,304.0,18-34,Normal,53.0,96.66666666666667,High (5-7),0,0,0,0,0,0,0
PT100666,2024-02-07,CL04,75.0,Male,27.6,147.0,86.0,85.0,96.0,5.3,238.0,Smoker,0.0,0.0,57.0,3.0,95.8,High,20.0,65+,Overweight,61.0,106.33333333333333,None,0,0,0,0,0,1,1
PT100746,2024-02-08,CL03,67.0,Female,27.8,137.0,78.0,60.0,148.0,7.3,179.0,Non-Smoker,5.0,1.0,66.0,4.0,93.9,High,25.0,65+,Overweight,59.0,97.66666666666667,High (5-7),1,0,0,0,0,0,0
PT100186,2024-02-10,CL04,34.0,Male,23.7,105.0,76.0,73.0,92.0,5.7,156.0,Non-Smoker,1.0,1.0,94.0,3.0,17.0,Low,326.0,18-34,Normal,29.0,85.66666666666667,Low (1-2),0,0,0,0,0,0,1
PT101198,2024-02-10,CL04,20.0,Male,,106.0,72.0,65.0,87.0,5.3,,Non-Smoker,7.0,0.0,75.0,0.0,5.3,Low,241.0,18-34,,34.0,83.33333333333333,High (5-7),0,1,0,0,0,0,1
PT100776,2024-02-12,CL05,56.0,Male,31.9,114.0,68.0,88.0,87.0,5.5,164.0,Smoker,2.0,0.0,28.0,2.0,73.1,High,29.0,50-64,Obese,46.0,83.33333333333333,Low (1-2),0,0,0,0,0,1,1
PT100026,2024-02-15,CL01,18.0,Female,25.8,,71.0,58.0,77.0,4.8,261.0,Non-Smoker,,0.0,81.0,0.0,7.6,Low,269.0,18-34,Overweight,,,,0,0,0,0,0,0,0
PT100815,2024-02-15,CL01,62.0,Male,23.9,115.0,66.0,67.0,87.0,5.2,164.0,Non-Smoker,3.0,0.0,83.0,3.0,11.6,Low,264.0,50-64,Normal,49.0,82.33333333333333,Moderate (3-4),0,0,0,0,0,0,1
PT100204,2024-02-16,CL01,54.0,Female,21.1,128.0,,92.0,84.0,,215.0,Non-Smoker,1.0,0.0,66.0,3.0,29.8,Low,323.0,50-64,Normal,,,Low (1-2),0,0,0,1,0,0,0
PT100483,2024-02-16,CL03,47.0,Female,26.3,122.0,93.0,78.0,,4.9,180.0,Non-Smoker,3.0,0.0,68.0,0.0,54.2,Moderate,60.0,35-49,Overweight,29.0,102.66666666666667,Moderate (3-4),0,0,1,0,0,0,0
PT100633,2024-02-16,CL01,51.0,Male,29.7,134.0,83.0,71.0,91.0,4.9,180.0,Non-Smoker,3.0,0.0,72.0,1.0,43.3,Moderate,64.0,50-64,Overweight,51.0,100.0,Moderate (3-4),0,0,0,0,0,0,1
PT101048,2024-02-16,CL05,39.0,Male,,112.0,66.0,60.0,69.0,4.9,199.0,Non-Smoker,6.0,0.0,69.0,0.0,5.5,Low,358.0,35-49,,46.0,81.33333333333333,High (5-7),0,1,0,0,0,0,1
PT100036,2024-02-17,CL01,56.0,Female,22.3,126.0,84.0,70.0,82.0,4.6,,Non-Smoker,3.0,0.0,88.0,1.0,14.1,Low,257.0,50-64,Normal,42.0,98.0,Moderate (3-4),0,0,0,0,0,0,0
PT100288,2024-02-17,CL02,31.0,Female,,108.0,75.0,78.0,80.0,5.0,164.0,Non-Smoker,6.0,0.0,51.0,0.0,20.8,Low,355.0,18-34,,33.0,86.0,High (5-7),0,1,0,0,0,0,0
PT100859,2024-02-17,CL02,42.0,Male,24.5,110.0,62.0,81.0,93.0,5.0,205.0,Smoker,1.0,0.0,84.0,0.0,60.0,Moderate,63.0,35-49,Normal,48.0,78.0,Low (1-2),0,0,0,0,0,1,1
PT100256,2024-02-18,CL04,62.0,Female,25.2,124.0,68.0,56.0,365.0,5.6,258.0,Non-Smoker,4.0,1.0,81.0,4.0,72.9,High,23.0,50-64,Overweight,56.0,86.66666666666667,Moderate (3-4),1,0,0,0,0,0,0
PT100002,2024-02-19,CL03,37.0,Male,26.0,,77.0,68.0,83.0,5.2,159.0,Non-Smoker,5.0,0.0,60.0,1.0,22.8,Low,293.0,35-49,Overweight,,,High (5-7),0,0,0,0,0,0,1
PT100398,2024-02-19,CL02,55.0,Female,26.2,121.0,75.0,68.0,95.0,5.2,155.0,Non-Smoker,4.0,0.0,64.0,1.0,35.9,Moderate,82.0,50-64,Overweight,46.0,90.33333333333333,Moderate (3-4),0,0,0,0,0,0,0
PT100180,2024-02-20,CL04,52.0,Female,38.3,221.0,79.0,76.0,102.0,6.0,170.0,Non-Smoker,3.0,0.0,95.0,1.0,77.2,High,15.0,50-64,Obese,142.0,126.33333333333333,Moderate (3-4),0,0,0,0,0,0,0
PT100247,2024-02-20,CL04,56.0,Female,23.4,140.0,88.0,79.0,82.0,4.7,182.0,Non-Smoker,4.0,0.0,,0.0,47.3,Moderate,68.0,50-64,Normal,52.0,105.33333333333333,Moderate (3-4),0,0,0,0,1,0,0
PT100457,2024-02-20,CL06,79.0,Female,36.1,142.0,82.0,75.0,124.0,6.2,254.0,,1.0,0.0,73.0,0.0,96.7,High,29.0,65+,Obese,60.0,102.0,Low (1-2),0,0,0,0,0,0,0
PT100492,2024-02-20,CL04,51.0,Female,26.2,134.0,80.0,43.0,79.0,4.9,205.0,Non-Smoker,4.0,0.0,74.0,1.0,32.6,Low,343.0,50-64,Overweight,54.0,98.0,Moderate (3-4),0,0,0,0,0,0,0
PT100744,2024-02-20,CL01,60.0,Female,31.6,128.0,87.0,71.0,186.0,8.2,219.0,Smoker,2.0,0.0,,2.0,,High,14.0,50-64,Obese,41.0,100.66666666666667,Low (1-2),0,0,0,0,1,1,0
PT101194,2024-02-20,CL06,34.0,Female,27.1,90.0,58.0,85.0,86.0,5.0,176.0,Smoker,2.0,0.0,71.0,0.0,25.2,Low,335.0,18-34,Overweight,32.0,68.66666666666667,Low (1-2),0,0,0,0,0,1,0
PT100836,2024-02-22,CL03,59.0,Male,25.8,113.0,81.0,64.0,99.0,5.9,194.0,Smoker,4.0,0.0,93.0,2.0,52.9,Moderate,64.0,50-64,Overweight,32.0,91.66666666666667,Moderate (3-4),0,0,0,0,0,1,1
PT100835,2024-02-23,CL04,84.0,Male,24.7,161.0,88.0,76.0,109.0,6.1,,Smoker,1.0,0.0,83.0,3.0,97.1,High,17.0,65+,Normal,73.0,112.33333333333333,Low (1-2),0,0,0,0,0,1,1
PT100337,2024-02-24,CL01,64.0,Male,21.5,126.0,80.0,78.0,87.0,4.7,204.0,Smoker,4.0,1.0,51.0,2.0,84.5,High,22.0,50-64,Normal,46.0,95.33333333333333,Moderate (3-4),0,0,0,0,0,1,1
PT100130,2024-02-26,CL03,36.0,Male,29.3,126.0,65.0,65.0,83.0,,231.0,Non-Smoker,4.0,0.0,,,40.5,Moderate,67.0,35-49,Overweight,61.0,85.33333333333333,Moderate (3-4),0,0,0,1,1,0,1
PT100161,2024-02-27,CL01,67.0,Male,25.0,122.0,78.0,66.0,,4.8,194.0,Non-Smoker,5.0,0.0,90.0,1.0,54.7,Moderate,64.0,65+,Overweight,44.0,92.66666666666667,High (5-7),0,0,1,0,0,0,1
PT101112,2024-02-27,CL03,53.0,Female,25.8,117.0,65.0,77.0,96.0,5.4,189.0,Non-Smoker,1.0,0.0,76.0,3.0,47.7,Moderate,76.0,50-64,Overweight,52.0,82.33333333333333,Low (1-2),0,0,0,0,0,0,0
PT100226,2024-02-28,CL06,52.0,Female,28.8,125.0,76.0,69.0,90.0,5.4,141.0,Non-Smoker,4.0,0.0,87.0,1.0,,Moderate,82.0,50-64,Overweight,49.0,92.33333333333333,Moderate (3-4),0,0,0,0,0,0,0
PT100279,2024-02-28,CL05,63.0,Female,29.3,109.0,67.0,96.0,108.0,6.2,176.0,Non-Smoker,3.0,0.0,46.0,4.0,68.2,High,18.0,50-64,Overweight,42.0,81.0,Moderate (3-4),1,0,0,0,0,0,0
PT100319,2024-02-28,CL02,33.0,Male,27.1,134.0,77.0,66.0,85.0,5.5,206.0,Non-Smoker,5.0,0.0,,0.0,45.9,Moderate,89.0,18-34,Overweight,57.0,96.0,High (5-7),0,0,0,0,1,0,1
PT100827,2024-02-28,CL03,57.0,Male,27.6,125.0,85.0,80.0,90.0,5.2,227.0,Non-Smoker,2.0,0.0,90.0,2.0,67.5,High,27.0,50-64,Overweight,40.0,98.33333333333333,Low (1-2),0,0,0,0,0,0,1
PT100329,2024-02-29,CL04,64.0,Male,25.9,138.0,84.0,78.0,88.0,5.2,270.0,Non-Smoker,3.0,0.0,60.0,3.0,64.4,Moderate,73.0,50-64,Overweight,54.0,102.0,Moderate (3-4),0,0,0,0,0,0,1
PT100737,2024-02-29,CL01,41.0,Male,33.8,128.0,84.0,75.0,92.0,5.3,224.0,Smoker,3.0,0.0,90.0,0.0,73.1,High,17.0,35-49,Obese,44.0,98.66666666666667,Moderate (3-4),0,0,0,0,0,1,1
PT101142,2024-02-29,CL05,39.0,Male,52.3,109.0,64.0,68.0,80.0,4.8,187.0,Non-Smoker,3.0,0.0,84.0,1.0,28.2,Low,194.0,35-49,Obese,45.0,79.0,Moderate (3-4),0,0,0,0,0,0,1
PT100353,2024-03-01,CL03,55.0,Female,26.4,146.0,76.0,100.0,,5.7,160.0,Smoker,2.0,1.0,98.0,0.0,93.4,High,28.0,50-64,Overweight,70.0,99.33333333333333,Low (1-2),0,0,1,0,0,1,0
PT100675,2024-03-01,CL03,67.0,Male,,142.0,85.0,80.0,94.0,5.2,209.0,Non-Smoker,1.0,0.0,84.0,2.0,84.4,High,23.0,65+,,57.0,104.0,Low (1-2),0,1,0,0,0,0,1
PT100978,2024-03-01,CL02,52.0,Female,27.4,114.0,72.0,79.0,95.0,5.6,240.0,Non-Smoker,0.0,0.0,84.0,1.0,39.3,Moderate,71.0,50-64,Overweight,42.0,86.0,None,0,0,0,0,0,0,0
PT100148,2024-03-03,CL03,61.0,Female,23.8,115.0,80.0,69.0,84.0,4.9,172.0,Non-Smoker,3.0,0.0,80.0,4.0,30.5,Low,193.0,50-64,Normal,35.0,91.66666666666667,Moderate (3-4),1,0,0,0,0,0,0
PT100064,2024-03-04,CL05,20.0,Female,27.1,99.0,62.0,73.0,73.0,4.7,217.0,Non-Smoker,4.0,0.0,,0.0,9.9,Low,201.0,18-34,Overweight,37.0,74.33333333333333,Moderate (3-4),0,0,0,0,1,0,0
PT100160,2024-03-06,CL05,43.0,Male,27.1,117.0,72.0,83.0,91.0,5.4,198.0,Non-Smoker,4.0,0.0,89.0,2.0,20.6,Low,234.0,35-49,Overweight,45.0,87.0,Moderate (3-4),0,0,0,0,0,0,1
PT100547,2024-03-06,CL02,45.0,Male,28.8,134.0,86.0,78.0,89.0,5.7,217.0,Non-Smoker,1.0,0.0,87.0,1.0,71.1,High,25.0,35-49,Overweight,48.0,102.0,Low (1-2),0,0,0,0,0,0,1
PT100566,2024-03-09,CL04,69.0,Female,25.1,116.0,79.0,84.0,96.0,5.5,199.0,Non-Smoker,1.0,0.0,60.0,2.0,46.3,Moderate,85.0,65+,Overweight,37.0,91.33333333333333,Low (1-2),0,0,0,0,0,0,0
PT100276,2024-03-10,CL02,62.0,Female,36.5,143.0,86.0,93.0,106.0,6.1,209.0,Smoker,3.0,0.0,91.0,2.0,92.5,High,26.0,50-64,Obese,57.0,105.0,Moderate (3-4),0,0,0,0,0,1,0
PT100214,2024-03-12,CL05,48.0,Male,29.6,120.0,86.0,73.0,109.0,5.3,123.0,Non-Smoker,1.0,0.0,87.0,2.0,42.0,Moderate,81.0,35-49,Overweight,34.0,97.33333333333333,Low (1-2),0,0,0,0,0,0,1
PT101015,2024-03-12,CL02,61.0,Female,30.7,119.0,74.0,93.0,104.0,,127.0,Non-Smoker,3.0,0.0,69.0,0.0,60.1,Moderate,66.0,50-64,Obese,45.0,89.0,Moderate (3-4),0,0,0,1,0,0,0
PT100045,2024-03-13,CL05,59.0,Male,36.4,117.0,74.0,79.0,179.0,8.4,208.0,Non-Smoker,1.0,0.0,,2.0,96.1,High,14.0,50-64,Obese,43.0,88.33333333333333,Low (1-2),0,0,0,0,1,0,1
PT100573,2024-03-13,CL03,,Female,21.3,124.0,73.0,77.0,89.0,5.0,198.0,Non-Smoker,4.0,0.0,67.0,0.0,54.9,Moderate,81.0,,Normal,51.0,90.0,Moderate (3-4),0,0,0,0,0,0,0
PT100607,2024-03-13,CL05,59.0,Female,22.8,107.0,59.0,56.0,90.0,5.0,156.0,Non-Smoker,3.0,1.0,93.0,0.0,14.7,Low,315.0,50-64,Normal,48.0,75.0,Moderate (3-4),0,0,0,0,0,0,0
PT100619,2024-03-13,,18.0,Male,26.5,106.0,72.0,75.0,90.0,5.2,163.0,Non-Smoker,,0.0,57.0,0.0,23.3,Low,188.0,18-34,Overweight,34.0,83.33333333333333,,0,0,0,0,0,0,1
PT100014,2024-03-15,CL05,45.0,Male,22.0,140.0,83.0,75.0,93.0,5.0,205.0,Non-Smoker,5.0,0.0,73.0,1.0,43.2,Moderate,82.0,35-49,Normal,57.0,102.0,High (5-7),0,0,0,0,0,0,1
PT100903,2024-03-15,CL01,59.0,Female,23.6,110.0,,,93.0,5.5,194.0,Non-Smoker,3.0,0.0,86.0,1.0,23.9,Low,317.0,50-64,Normal,,,Moderate (3-4),0,0,0,0,0,0,0
PT101023,2024-03-15,CL06,37.0,Male,45.1,132.0,87.0,90.0,115.0,6.6,405.0,Smoker,3.0,0.0,88.0,2.0,84.4,High,29.0,35-49,Obese,45.0,102.0,Moderate (3-4),0,0,0,0,0,1,1
PT100947,2024-03-16,CL04,70.0,Male,32.9,148.0,85.0,84.0,99.0,5.4,184.0,,0.0,0.0,75.0,2.0,,High,28.0,65+,Obese,63.0,106.0,None,0,0,0,0,0,0,1
PT101049,2024-03-18,CL05,54.0,Male,32.8,130.0,,66.0,110.0,6.3,215.0,,3.0,0.0,70.0,3.0,75.7,High,16.0,50-64,Obese,,,Moderate (3-4),0,0,0,0,0,0,1
PT100292,2024-03-19,CL01,54.0,Female,30.0,118.0,72.0,61.0,107.0,,206.0,Non-Smoker,4.0,0.0,81.0,2.0,54.9,Moderate,83.0,50-64,Obese,46.0,87.33333333333333,Moderate (3-4),0,0,0,1,0,0,0
PT100770,2024-03-19,CL04,51.0,Female,25.7,131.0,71.0,66.0,76.0,4.6,219.0,Non-Smoker,1.0,0.0,91.0,0.0,46.6,Moderate,71.0,50-64,Overweight,60.0,91.0,Low (1-2),0,0,0,0,0,0,0
PT101036,2024-03-19,CL04,40.0,Female,33.9,123.0,80.0,81.0,99.0,,181.0,Non-Smoker,2.0,0.0,68.0,1.0,46.7,Moderate,60.0,35-49,Obese,43.0,94.33333333333333,Low (1-2),0,0,0,1,0,0,0
PT100825,2024-03-20,CL05,67.0,Male,22.6,109.0,50.0,76.0,89.0,5.1,179.0,Non-Smoker,2.0,0.0,77.0,0.0,42.9,Moderate,74.0,65+,Normal,59.0,69.66666666666667,Low (1-2),0,0,0,0,0,0,1
PT101025,2024-03-21,CL04,42.0,Female,29.1,131.0,75.0,58.0,86.0,4.9,,Non-Smoker,4.0,0.0,65.0,0.0,21.9,Low,245.0,35-49,Overweight,56.0,93.66666666666667,Moderate (3-4),0,0,0,0,0,0,0
PT100094,2024-03-22,CL02,42.0,Male,26.4,126.0,91.0,80.0,95.0,5.2,230.0,Non-Smoker,2.0,0.0,,4.0,29.5,Low,227.0,35-49,Overweight,35.0,102.66666666666667,Low (1-2),1,0,0,0,1,0,1
PT100571,2024-03-22,CL02,74.0,Female,27.4,142.0,86.0,81.0,91.0,5.6,213.0,Non-Smoker,2.0,0.0,,3.0,93.1,High,23.0,65+,Overweight,56.0,104.66666666666667,Low (1-2),0,0,0,0,1,0,0
PT100464,2024-03-23,CL02,53.0,Male,25.3,118.0,88.0,70.0,76.0,5.4,150.0,Non-Smoker,4.0,1.0,76.0,3.0,22.7,Low,206.0,50-64,Overweight,30.0,98.0,Moderate (3-4),0,0,0,0,0,0,1
PT100724,2024-03-24,CL06,79.0,Male,24.4,116.0,73.0,70.0,95.0,5.7,209.0,Non-Smoker,4.0,1.0,71.0,3.0,53.9,Moderate,63.0,65+,Normal,43.0,87.33333333333333,Moderate (3-4),0,0,0,0,0,0,1
PT100777,2024-03-25,,54.0,Male,24.6,117.0,64.0,,,4.9,125.0,Non-Smoker,3.0,1.0,93.0,2.0,34.9,Low,349.0,50-64,Normal,53.0,81.66666666666667,Moderate (3-4),0,0,1,0,0,0,1
PT100931,2024-03-25,CL02,48.0,Female,26.6,88.0,53.0,97.0,94.0,4.9,183.0,Smoker,2.0,0.0,,2.0,62.7,Moderate,62.0,35-49,Overweight,35.0,64.66666666666667,Low (1-2),0,0,0,0,1,1,0
PT101017,2024-03-25,CL04,50.0,Female,25.9,117.0,72.0,71.0,89.0,4.9,180.0,Non-Smoker,5.0,0.0,78.0,1.0,50.2,Moderate,90.0,50-64,Overweight,45.0,87.0,High (5-7),0,0,0,0,0,0,0
PT100229,2024-03-26,CL04,48.0,Female,27.1,127.0,83.0,65.0,85.0,4.8,208.0,Non-Smoker,2.0,0.0,94.0,2.0,26.1,Low,264.0,35-49,Overweight,44.0,97.66666666666667,Low (1-2),0,0,0,0,0,0,0
PT100527,2024-03-26,CL06,56.0,,33.9,137.0,87.0,,101.0,5.6,232.0,Non-Smoker,3.0,0.0,,2.0,88.8,High,22.0,50-64,Obese,50.0,103.66666666666667,Moderate (3-4),0,0,0,0,1,0,0
PT100504,2024-03-27,CL03,18.0,Female,26.9,78.0,57.0,63.0,92.0,5.5,195.0,,2.0,0.0,66.0,0.0,8.0,Low,208.0,18-34,Overweight,21.0,64.0,Low (1-2),0,0,0,0,0,0,0
PT100017,2024-03-28,CL03,78.0,Female,39.9,152.0,95.0,68.0,123.0,5.9,196.0,Non-Smoker,3.0,0.0,61.0,1.0,92.5,High,17.0,65+,Obese,57.0,114.0,Moderate (3-4),0,0,0,0,0,0,0
PT100108,2024-03-28,CL02,56.0,Male,21.4,121.0,85.0,78.0,82.0,4.9,183.0,Smoker,2.0,0.0,46.0,3.0,71.0,High,15.0,50-64,Normal,36.0,97.0,Low (1-2),0,0,0,0,0,1,1
PT100326,2024-03-28,CL04,35.0,Male,30.2,116.0,65.0,74.0,83.0,5.7,200.0,Smoker,1.0,0.0,74.0,0.0,35.6,Moderate,89.0,35-49,Obese,51.0,82.0,Low (1-2),0,0,0,0,0,1,1
PT100425,2024-03-28,CL04,56.0,Female,25.0,116.0,69.0,74.0,161.0,7.4,189.0,Non-Smoker,4.0,1.0,,6.0,82.0,High,22.0,50-64,Overweight,47.0,84.66666666666667,Moderate (3-4),1,0,0,0,1,0,0
PT100944,2024-03-28,CL02,65.0,Male,25.5,147.0,81.0,82.0,79.0,4.9,173.0,Smoker,2.0,0.0,93.0,1.0,76.7,High,17.0,65+,Overweight,66.0,103.0,Low (1-2),0,0,0,0,0,1,1
PT100517,2024-03-29,,66.0,Female,29.6,139.0,74.0,83.0,97.0,4.9,,Non-Smoker,3.0,0.0,72.0,1.0,80.3,High,19.0,65+,Overweight,65.0,95.66666666666667,Moderate (3-4),0,0,0,0,0,0,0
PT100967,2024-03-29,CL06,55.0,Male,25.3,141.0,89.0,52.0,75.0,5.5,180.0,,3.0,0.0,97.0,0.0,60.7,Moderate,73.0,50-64,Overweight,52.0,106.33333333333333,Moderate (3-4),0,0,0,0,0,0,1
PT101200,2024-03-30,CL04,60.0,Male,,105.0,68.0,78.0,94.0,5.4,173.0,Non-Smoker,0.0,0.0,58.0,0.0,48.1,Moderate,83.0,50-64,,37.0,80.33333333333333,None,0,1,0,0,0,0,1
PT100721,2024-03-31,CL03,55.0,Female,21.0,112.0,67.0,69.0,86.0,5.0,,Non-Smoker,3.0,0.0,71.0,3.0,37.5,Moderate,73.0,50-64,Normal,45.0,82.0,Moderate (3-4),0,0,0,0,0,0,0
PT100507,2024-04-01,CL02,49.0,Male,29.0,110.0,77.0,79.0,86.0,,226.0,Non-Smoker,,0.0,63.0,2.0,36.5,Moderate,80.0,35-49,Overweight,33.0,88.0,,0,0,0,1,0,0,1
PT100429,2024-04-02,CL01,52.0,Male,24.6,135.0,84.0,72.0,100.0,6.2,166.0,Smoker,1.0,0.0,75.0,0.0,86.8,High,26.0,50-64,Normal,51.0,101.0,Low (1-2),0,0,0,0,0,1,1
PT100498,2024-04-02,CL04,68.0,Male,24.6,112.0,72.0,61.0,86.0,4.9,194.0,Smoker,3.0,0.0,66.0,2.0,57.4,Moderate,82.0,65+,Normal,40.0,85.33333333333333,Moderate (3-4),0,0,0,0,0,1,1
PT100321,2024-04-03,CL06,53.0,Female,33.0,114.0,84.0,71.0,100.0,5.9,252.0,Non-Smoker,1.0,0.0,79.0,0.0,60.5,Moderate,72.0,50-64,Obese,30.0,94.0,Low (1-2),0,0,0,0,0,0,0
PT100626,2024-04-03,CL02,29.0,Male,22.6,,79.0,69.0,96.0,6.1,186.0,Smoker,,,,0.0,43.0,Moderate,66.0,18-34,Normal,,,,0,0,0,0,1,1,1
PT100609,2024-04-04,CL04,74.0,Male,,146.0,78.0,75.0,109.0,6.1,202.0,Non-Smoker,,0.0,72.0,4.0,94.0,High,30.0,65+,,68.0,100.66666666666667,,1,1,0,0,0,0,1
PT100717,2024-04-04,CL03,61.0,Male,31.9,118.0,86.0,70.0,98.0,5.9,,Smoker,1.0,1.0,65.0,2.0,85.5,High,16.0,50-64,Obese,32.0,96.66666666666667,Low (1-2),0,0,0,0,0,1,1
PT100771,2024-04-04,CL02,46.0,Female,,119.0,73.0,59.0,80.0,5.3,177.0,Non-Smoker,3.0,0.0,62.0,2.0,36.6,Moderate,71.0,35-49,,46.0,88.33333333333333,Moderate (3-4),0,1,0,0,0,0,0
PT100785,2024-04-05,CL06,58.0,Female,35.1,153.0,83.0,87.0,106.0,5.7,230.0,Non-Smoker,,1.0,85.0,4.0,81.6,High,17.0,50-64,Obese,70.0,106.33333333333333,,1,0,0,0,0,0,0
PT100596,2024-04-06,CL02,51.0,Female,20.0,,73.0,56.0,79.0,5.2,196.0,Non-Smoker,6.0,1.0,66.0,3.0,43.8,Moderate,81.0,50-64,Normal,,,High (5-7),0,0,0,0,0,0,0
PT101146,2024-04-06,CL02,67.0,Female,23.8,117.0,81.0,76.0,106.0,,187.0,Smoker,2.0,1.0,81.0,0.0,61.4,Moderate,66.0,65+,Normal,36.0,93.0,Low (1-2),0,0,0,1,0,1,0
PT100168,2024-04-07,CL05,51.0,Female,29.4,113.0,69.0,65.0,118.0,6.1,153.0,Non-Smoker,,0.0,89.0,1.0,42.4,Moderate,64.0,50-64,Overweight,44.0,83.66666666666667,,0,0,0,0,0,0,0
PT100917,2024-04-07,CL01,59.0,Male,,131.0,80.0,83.0,94.0,4.8,189.0,Non-Smoker,4.0,0.0,86.0,1.0,52.4,Moderate,84.0,50-64,,51.0,97.0,Moderate (3-4),0,1,0,0,0,0,1
PT100358,2024-04-08,CL05,59.0,Female,27.8,124.0,72.0,,94.0,5.4,175.0,Non-Smoker,3.0,1.0,64.0,3.0,69.8,High,24.0,50-64,Overweight,52.0,89.33333333333333,Moderate (3-4),0,0,0,0,0,0,0
PT101092,2024-04-09,CL04,64.0,Female,27.2,133.0,92.0,88.0,81.0,,183.0,Smoker,3.0,0.0,93.0,0.0,77.3,High,18.0,50-64,Overweight,41.0,105.66666666666667,Moderate (3-4),0,0,0,1,0,1,0
PT100901,2024-04-10,CL03,38.0,Female,22.8,,73.0,77.0,88.0,5.6,152.0,Smoker,2.0,1.0,,1.0,51.2,Moderate,88.0,35-49,Normal,,,Low (1-2),0,0,0,0,1,1,0
PT100289,2024-04-11,CL03,37.0,Female,28.6,124.0,81.0,85.0,175.0,8.4,279.0,Smoker,3.0,0.0,84.0,4.0,90.6,High,15.0,35-49,Overweight,43.0,95.33333333333333,Moderate (3-4),1,0,0,0,0,1,0
PT100570,2024-04-11,CL03,19.0,Male,25.4,112.0,76.0,75.0,73.0,4.6,171.0,Non-Smoker,4.0,0.0,58.0,0.0,8.7,Low,283.0,18-34,Overweight,36.0,88.0,Moderate (3-4),0,0,0,0,0,0,1
PT100592,2024-04-11,CL03,75.0,Male,38.7,141.0,84.0,86.0,178.0,8.8,211.0,Smoker,1.0,0.0,81.0,4.0,99.8,High,18.0,65+,Obese,57.0,103.0,Low (1-2),1,0,0,0,0,1,1
PT101008,2024-04-11,CL02,44.0,Female,22.5,97.0,67.0,74.0,79.0,5.5,183.0,Non-Smoker,2.0,0.0,57.0,0.0,15.8,Low,265.0,35-49,Normal,30.0,77.0,Low (1-2),0,0,0,0,0,0,0
PT101150,2024-04-11,CL06,69.0,Female,22.2,121.0,75.0,64.0,80.0,4.6,215.0,Non-Smoker,2.0,0.0,76.0,1.0,48.0,Moderate,82.0,65+,Normal,46.0,90.33333333333333,Low (1-2),0,0,0,0,0,0,0
PT100037,2024-04-12,CL01,47.0,Male,,107.0,58.0,68.0,85.0,4.8,,Non-Smoker,1.0,0.0,,2.0,52.4,Moderate,62.0,35-49,,49.0,74.33333333333333,Low (1-2),0,1,0,0,1,0,1
PT100924,2024-04-12,CL03,70.0,Female,25.7,140.0,81.0,58.0,179.0,9.1,221.0,Non-Smoker,2.0,1.0,56.0,3.0,99.0,High,14.0,65+,Overweight,59.0,100.66666666666667,Low (1-2),0,0,0,0,0,0,0
PT101102,2024-04-13,CL02,47.0,Female,21.9,95.0,67.0,81.0,104.0,5.4,156.0,Non-Smoker,2.0,1.0,84.0,1.0,15.2,Low,359.0,35-49,Normal,28.0,76.33333333333333,Low (1-2),0,0,0,0,0,0,0
PT100747,2024-04-14,CL02,59.0,Female,23.9,117.0,74.0,78.0,93.0,4.9,196.0,,2.0,0.0,75.0,2.0,38.9,Moderate,82.0,50-64,Normal,43.0,88.33333333333333,Low (1-2),0,0,0,0,0,0,0
PT100866,2024-04-14,CL06,75.0,Male,24.5,143.0,96.0,70.0,97.0,5.7,267.0,Non-Smoker,3.0,0.0,26.0,5.0,85.3,High,15.0,65+,Normal,47.0,111.66666666666667,Moderate (3-4),1,0,0,0,0,0,1
PT100718,2024-04-15,CL01,38.0,Female,28.3,97.0,66.0,94.0,91.0,5.6,167.0,Non-Smoker,2.0,0.0,66.0,2.0,38.6,Moderate,89.0,35-49,Overweight,31.0,76.33333333333333,Low (1-2),0,0,0,0,0,0,0
PT100048,2024-04-17,CL02,53.0,Female,24.9,136.0,89.0,68.0,,5.8,255.0,Non-Smoker,5.0,0.0,78.0,2.0,53.9,Moderate,67.0,50-64,Normal,47.0,104.66666666666667,High (5-7),0,0,1,0,0,0,0
PT101177,2024-04-17,CL03,68.0,Female,32.5,113.0,73.0,84.0,98.0,6.0,192.0,Non-Smoker,1.0,0.0,,1.0,76.9,High,22.0,65+,Obese,40.0,86.33333333333333,Low (1-2),0,0,0,0,1,0,0
PT100586,2024-04-18,CL04,21.0,Female,24.0,111.0,71.0,68.0,77.0,,168.0,Non-Smoker,3.0,0.0,60.0,0.0,,Low,250.0,18-34,Normal,40.0,84.33333333333333,Moderate (3-4),0,0,0,1,0,0,0
PT101189,2024-04-20,CL01,55.0,Male,35.2,120.0,76.0,76.0,101.0,5.8,174.0,Smoker,1.0,1.0,77.0,2.0,92.9,High,19.0,50-64,Obese,44.0,90.66666666666667,Low (1-2),0,0,0,0,0,1,1
PT100081,2024-04-21,CL04,48.0,Female,23.3,145.0,,92.0,79.0,4.9,198.0,Smoker,2.0,,92.0,4.0,68.4,High,15.0,35-49,Normal,,,Low (1-2),1,0,0,0,0,1,0
PT100354,2024-04-21,CL03,58.0,Male,34.6,152.0,103.0,70.0,113.0,5.9,213.0,Non-Smoker,3.0,0.0,67.0,1.0,90.3,High,27.0,50-64,Obese,49.0,119.33333333333333,Moderate (3-4),0,0,0,0,0,0,1
PT100505,2024-04-21,CL03,40.0,Female,31.2,118.0,84.0,57.0,100.0,5.5,187.0,Non-Smoker,1.0,0.0,83.0,1.0,55.2,Moderate,83.0,35-49,Obese,34.0,95.33333333333333,Low (1-2),0,0,0,0,0,0,0
PT100530,2024-04-22,CL02,62.0,Male,25.6,106.0,77.0,79.0,96.0,5.8,211.0,Non-Smoker,2.0,0.0,74.0,4.0,46.6,Moderate,89.0,50-64,Overweight,29.0,86.66666666666667,Low (1-2),1,0,0,0,0,0,1
PT100873,2024-04-22,CL06,51.0,Male,25.6,110.0,62.0,91.0,93.0,5.4,233.0,Non-Smoker,,0.0,93.0,0.0,23.4,Low,312.0,50-64,Overweight,48.0,78.0,,0,0,0,0,0,0,1
PT100151,2024-04-23,CL05,54.0,Male,31.0,122.0,71.0,78.0,105.0,,,Smoker,1.0,,75.0,0.0,66.6,High,28.0,50-64,Obese,51.0,88.0,Low (1-2),0,0,0,1,0,1,1
PT100219,2024-04-24,CL06,64.0,Male,28.0,111.0,58.0,67.0,92.0,5.6,,Non-Smoker,2.0,0.0,95.0,3.0,45.9,Moderate,82.0,50-64,Overweight,53.0,75.66666666666667,Low (1-2),0,0,0,0,0,0,1
PT100184,2024-04-26,CL02,33.0,Male,23.9,115.0,67.0,71.0,80.0,5.3,,Non-Smoker,3.0,0.0,88.0,2.0,8.4,Low,316.0,18-34,Normal,48.0,83.0,Moderate (3-4),0,0,0,0,0,0,1
PT101009,2024-04-26,CL04,42.0,Female,29.9,115.0,74.0,73.0,104.0,5.2,,Non-Smoker,,0.0,81.0,4.0,26.6,Low,247.0,35-49,Overweight,41.0,87.66666666666667,,1,0,0,0,0,0,0
PT101038,2024-04-26,CL02,69.0,Male,28.4,121.0,70.0,79.0,,,,Smoker,2.0,0.0,86.0,1.0,77.1,High,21.0,65+,Overweight,51.0,87.0,Low (1-2),0,0,1,1,0,1,1
PT100371,2024-04-27,CL05,44.0,Female,33.0,101.0,68.0,85.0,107.0,5.9,,Non-Smoker,4.0,0.0,75.0,0.0,47.3,Moderate,79.0,35-49,Obese,33.0,79.0,Moderate (3-4),0,0,0,0,0,0,0
PT100497,2024-04-27,CL03,18.0,Female,19.6,92.0,61.0,44.0,,5.4,148.0,Non-Smoker,7.0,1.0,91.0,0.0,3.6,Low,231.0,18-34,Normal,31.0,71.33333333333333,High (5-7),0,0,1,0,0,0,0
PT100600,2024-04-29,CL04,54.0,Female,29.3,134.0,88.0,59.0,100.0,5.6,153.0,Non-Smoker,4.0,0.0,88.0,1.0,73.9,High,22.0,50-64,Overweight,46.0,103.33333333333333,Moderate (3-4),0,0,0,0,0,0,0
PT100477,2024-04-30,CL03,76.0,Female,27.9,133.0,76.0,82.0,,8.9,204.0,Non-Smoker,0.0,1.0,84.0,1.0,98.4,High,14.0,65+,Overweight,57.0,95.0,None,0,0,1,0,0,0,0
PT100163,2024-05-02,CL02,30.0,Female,22.2,104.0,64.0,89.0,95.0,5.7,180.0,Smoker,2.0,0.0,60.0,1.0,30.1,Low,257.0,18-34,Normal,40.0,77.33333333333333,Low (1-2),0,0,0,0,0,1,0
PT100322,2024-05-03,CL03,20.0,Female,20.8,78.0,56.0,74.0,82.0,5.0,165.0,Non-Smoker,5.0,0.0,,0.0,3.8,Low,338.0,18-34,Normal,22.0,63.333333333333336,High (5-7),0,0,0,0,1,0,0
PT100759,2024-05-03,CL01,43.0,Male,27.7,116.0,67.0,73.0,139.0,6.1,179.0,,3.0,1.0,87.0,1.0,83.4,High,25.0,35-49,Overweight,49.0,83.33333333333333,Moderate (3-4),0,0,0,0,0,0,1
PT100216,2024-05-04,CL04,54.0,Female,22.9,,69.0,74.0,98.0,5.7,185.0,Smoker,,0.0,,2.0,36.2,Moderate,83.0,50-64,Normal,,,,0,0,0,0,1,1,0
PT100793,2024-05-05,CL02,59.0,Male,32.8,128.0,85.0,80.0,94.0,5.3,226.0,Non-Smoker,3.0,0.0,76.0,0.0,74.2,High,18.0,50-64,Obese,43.0,99.33333333333333,Moderate (3-4),0,0,0,0,0,0,1
PT100259,2024-05-06,CL01,54.0,Male,32.4,125.0,85.0,87.0,101.0,5.3,192.0,Smoker,,0.0,66.0,0.0,78.4,High,26.0,50-64,Obese,40.0,98.33333333333333,,0,0,0,0,0,1,1
PT100532,2024-05-06,CL04,67.0,Female,26.1,137.0,78.0,68.0,98.0,5.8,188.0,Non-Smoker,3.0,0.0,51.0,2.0,66.2,High,22.0,65+,Overweight,59.0,97.66666666666667,Moderate (3-4),0,0,0,0,0,0,0
PT100602,2024-05-06,CL05,70.0,Female,27.3,110.0,56.0,,100.0,6.0,151.0,Non-Smoker,1.0,1.0,89.0,3.0,61.2,Moderate,64.0,65+,Overweight,54.0,74.0,Low (1-2),0,0,0,0,0,0,0
PT100975,2024-05-06,CL02,32.0,,20.9,110.0,70.0,,,4.7,182.0,Non-Smoker,5.0,0.0,86.0,1.0,5.7,Low,313.0,18-34,Normal,40.0,83.33333333333333,High (5-7),0,0,1,0,0,0,0
PT100417,2024-05-07,CL01,34.0,,29.7,115.0,74.0,79.0,80.0,4.3,206.0,Smoker,2.0,1.0,61.0,0.0,64.7,Moderate,,18-34,Overweight,41.0,87.66666666666667,Low (1-2),0,0,0,0,0,1,0
PT100038,2024-05-09,CL03,24.0,Male,29.8,98.0,55.0,58.0,100.0,5.9,130.0,Non-Smoker,5.0,1.0,96.0,1.0,19.2,Low,267.0,18-34,Overweight,43.0,69.33333333333333,High (5-7),0,0,0,0,0,0,1
PT100833,2024-05-09,,61.0,Male,32.8,121.0,85.0,71.0,96.0,5.6,201.0,Non-Smoker,1.0,0.0,53.0,1.0,52.6,Moderate,77.0,50-64,Obese,36.0,97.0,Low (1-2),0,0,0,0,0,0,1
PT100806,2024-05-10,CL01,72.0,Male,29.8,132.0,93.0,69.0,102.0,5.7,200.0,Smoker,3.0,0.0,,3.0,94.2,High,23.0,65+,Overweight,39.0,106.0,Moderate (3-4),0,0,0,0,1,1,1
PT100990,2024-05-10,CL05,68.0,Female,30.4,143.0,79.0,,84.0,4.9,188.0,Non-Smoker,2.0,0.0,72.0,1.0,51.8,Moderate,75.0,65+,Obese,64.0,100.33333333333333,Low (1-2),0,0,0,0,0,0,0
PT101119,2024-05-10,CL02,18.0,Male,20.6,84.0,57.0,64.0,85.0,5.1,86.0,Non-Smoker,4.0,0.0,63.0,0.0,4.2,Low,260.0,18-34,Normal,27.0,66.0,Moderate (3-4),0,0,0,0,0,0,1
PT100068,2024-05-11,CL02,39.0,Female,24.3,110.0,66.0,74.0,96.0,4.8,243.0,Smoker,2.0,0.0,85.0,1.0,46.2,Moderate,71.0,35-49,Normal,44.0,80.66666666666667,Low (1-2),0,0,0,0,0,1,0
PT100232,2024-05-12,CL02,40.0,Male,35.5,131.0,,78.0,107.0,5.7,218.0,Smoker,4.0,1.0,70.0,0.0,88.3,High,18.0,35-49,Obese,,,Moderate (3-4),0,0,0,0,0,1,1
PT100792,2024-05-13,CL02,26.0,Male,22.5,130.0,80.0,83.0,76.0,4.3,149.0,Non-Smoker,4.0,1.0,60.0,0.0,32.1,Low,310.0,18-34,Normal,50.0,96.66666666666667,Moderate (3-4),0,0,0,0,0,0,1
PT101176,2024-05-16,CL05,70.0,Male,24.7,131.0,80.0,74.0,83.0,4.9,228.0,Non-Smoker,0.0,1.0,49.0,3.0,76.0,High,20.0,65+,Normal,51.0,97.0,None,0,0,0,0,0,0,1
PT101173,2024-05-18,CL02,47.0,Female,26.1,,57.0,78.0,92.0,5.6,,Non-Smoker,2.0,0.0,,1.0,17.0,Low,203.0,35-49,Overweight,,,Low (1-2),0,0,0,0,1,0,0
PT101188,2024-05-18,CL06,50.0,Male,30.3,144.0,97.0,68.0,76.0,4.9,180.0,Non-Smoker,3.0,0.0,77.0,1.0,66.5,High,30.0,50-64,Obese,47.0,112.66666666666667,Moderate (3-4),0,0,0,0,0,0,1
PT100318,2024-05-19,CL04,53.0,Male,24.5,114.0,78.0,71.0,86.0,5.2,208.0,Non-Smoker,,0.0,63.0,0.0,41.9,Moderate,69.0,50-64,Normal,36.0,90.0,,0,0,0,0,0,0,1
PT100868,2024-05-19,CL05,44.0,Female,32.2,116.0,75.0,53.0,116.0,6.8,204.0,Non-Smoker,5.0,0.0,89.0,2.0,46.2,Moderate,85.0,35-49,Obese,41.0,88.66666666666667,High (5-7),0,0,0,0,0,0,0
PT100117,2024-05-20,CL05,34.0,Male,25.0,112.0,66.0,68.0,84.0,4.8,412.0,Smoker,3.0,0.0,77.0,0.0,43.6,Moderate,73.0,18-34,Overweight,46.0,81.33333333333333,Moderate (3-4),0,0,0,0,0,1,1
PT100101,2024-05-26,CL06,68.0,Male,25.4,133.0,87.0,83.0,94.0,,218.0,Non-Smoker,4.0,0.0,84.0,1.0,74.1,High,29.0,65+,Overweight,46.0,102.33333333333333,Moderate (3-4),0,0,0,1,0,0,1
PT100821,2024-05-26,CL01,38.0,,28.3,126.0,70.0,82.0,76.0,5.1,195.0,Non-Smoker,2.0,0.0,69.0,0.0,44.1,Moderate,60.0,35-49,Overweight,56.0,88.66666666666667,Low (1-2),0,0,0,0,0,0,0
PT100705,2024-05-27,CL02,32.0,Female,21.3,127.0,72.0,82.0,92.0,5.2,155.0,Non-Smoker,2.0,0.0,77.0,1.0,22.6,Low,289.0,18-34,Normal,55.0,90.33333333333333,Low (1-2),0,0,0,0,0,0,0
PT100374,2024-05-30,CL02,53.0,Female,37.4,109.0,66.0,74.0,129.0,6.2,230.0,Non-Smoker,3.0,0.0,80.0,1.0,69.9,High,17.0,50-64,Obese,43.0,80.33333333333333,Moderate (3-4),0,0,0,0,0,0,0
PT100442,2024-05-30,CL01,49.0,Female,30.4,126.0,84.0,88.0,95.0,5.3,238.0,Non-Smoker,4.0,0.0,81.0,2.0,39.4,Moderate,81.0,35-49,Obese,42.0,98.0,Moderate (3-4),0,0,0,0,0,0,0
PT100605,2024-05-30,CL06,37.0,Male,24.7,113.0,70.0,75.0,74.0,4.3,220.0,,2.0,0.0,,0.0,26.8,Low,332.0,35-49,Normal,43.0,84.33333333333333,Low (1-2),0,0,0,0,1,0,1
PT100668,2024-05-30,CL06,54.0,Male,26.0,122.0,78.0,61.0,92.0,5.3,195.0,Non-Smoker,3.0,0.0,79.0,0.0,35.5,Moderate,70.0,50-64,Overweight,44.0,92.66666666666667,Moderate (3-4),0,0,0,0,0,0,1
PT101157,2024-05-30,CL01,18.0,Male,26.1,,81.0,65.0,103.0,6.2,,Non-Smoker,4.0,1.0,,2.0,33.5,Low,195.0,18-34,Overweight,,,Moderate (3-4),0,0,0,0,1,0,1
PT100307,2024-05-31,CL02,58.0,Male,22.6,112.0,73.0,87.0,89.0,5.5,217.0,Non-Smoker,4.0,0.0,75.0,1.0,44.6,Moderate,72.0,50-64,Normal,39.0,86.0,Moderate (3-4),0,0,0,0,0,0,1
PT100665,2024-05-31,CL02,48.0,Male,23.4,116.0,68.0,82.0,71.0,5.0,186.0,Non-Smoker,4.0,1.0,71.0,0.0,47.4,Moderate,62.0,35-49,Normal,48.0,84.0,Moderate (3-4),0,0,0,0,0,0,1
PT100399,2024-06-01,CL03,61.0,,37.1,139.0,77.0,91.0,195.0,9.2,171.0,Non-Smoker,1.0,0.0,96.0,3.0,98.7,High,16.0,50-64,Obese,62.0,97.66666666666667,Low (1-2),0,0,0,0,0,0,0
PT100420,2024-06-01,CL06,59.0,Female,28.4,135.0,80.0,83.0,82.0,4.9,243.0,Non-Smoker,,0.0,,3.0,55.7,Moderate,81.0,50-64,Overweight,55.0,98.33333333333333,,0,0,0,0,1,0,0
PT100650,2024-06-01,CL01,56.0,Female,24.1,118.0,75.0,72.0,70.0,4.1,203.0,Non-Smoker,4.0,0.0,63.0,3.0,17.5,Low,205.0,50-64,Normal,43.0,89.33333333333333,Moderate (3-4),0,0,0,0,0,0,0
PT100008,2024-06-03,CL05,36.0,Male,20.3,101.0,60.0,64.0,80.0,5.1,,Non-Smoker,4.0,0.0,29.0,2.0,4.8,Low,300.0,35-49,Normal,41.0,73.66666666666667,Moderate (3-4),0,0,0,0,0,0,1
PT100735,2024-06-03,CL01,41.0,Male,24.0,120.0,71.0,70.0,73.0,5.1,168.0,Non-Smoker,5.0,0.0,88.0,0.0,38.8,Moderate,80.0,35-49,Normal,49.0,87.33333333333333,High (5-7),0,0,0,0,0,0,1
PT101090,2024-06-03,CL03,43.0,Female,21.2,114.0,82.0,86.0,87.0,,125.0,Non-Smoker,2.0,1.0,,1.0,25.7,Low,291.0,35-49,Normal,32.0,92.66666666666667,Low (1-2),0,0,0,1,1,0,0
PT101046,2024-06-04,CL02,65.0,Male,24.1,88.0,63.0,65.0,93.0,5.6,185.0,Non-Smoker,2.0,0.0,68.0,3.0,24.6,Low,277.0,65+,Normal,25.0,71.33333333333333,Low (1-2),0,0,0,0,0,0,1
PT100751,2024-06-05,CL02,57.0,Female,25.0,105.0,76.0,,94.0,5.6,141.0,Non-Smoker,6.0,1.0,75.0,2.0,22.4,Low,338.0,50-64,Overweight,29.0,85.66666666666667,High (5-7),0,0,0,0,0,0,0
PT101154,2024-06-05,CL01,45.0,Female,23.9,110.0,68.0,70.0,89.0,4.8,159.0,,6.0,1.0,80.0,2.0,10.3,Low,279.0,35-49,Normal,42.0,82.0,High (5-7),0,0,0,0,0,0,0
PT100541,2024-06-06,CL06,41.0,Female,21.8,123.0,76.0,71.0,90.0,,191.0,Non-Smoker,2.0,0.0,75.0,2.0,34.0,Low,217.0,35-49,Normal,47.0,91.66666666666667,Low (1-2),0,0,0,1,0,0,0
PT100581,2024-06-08,CL03,65.0,Male,25.7,123.0,95.0,75.0,98.0,,,,2.0,0.0,70.0,2.0,46.5,Moderate,76.0,65+,Overweight,28.0,104.33333333333333,Low (1-2),0,0,0,1,0,0,1
PT100693,2024-06-09,CL02,64.0,Female,26.1,129.0,82.0,50.0,99.0,6.3,188.0,Non-Smoker,1.0,0.0,99.0,1.0,62.0,Moderate,90.0,50-64,Overweight,47.0,97.66666666666667,Low (1-2),0,0,0,0,0,0,0
PT100569,2024-06-10,CL02,60.0,Male,27.3,130.0,78.0,69.0,91.0,,,Non-Smoker,4.0,0.0,87.0,1.0,26.9,Low,280.0,50-64,Overweight,52.0,95.33333333333333,Moderate (3-4),0,0,0,1,0,0,1
PT100585,2024-06-10,CL06,49.0,Male,31.7,129.0,81.0,60.0,89.0,4.8,151.0,Non-Smoker,4.0,0.0,78.0,1.0,53.1,Moderate,65.0,35-49,Obese,48.0,97.0,Moderate (3-4),0,0,0,0,0,0,1
PT100393,2024-06-11,CL03,54.0,Female,31.5,110.0,62.0,82.0,110.0,5.8,177.0,Non-Smoker,2.0,1.0,,2.0,73.4,High,25.0,50-64,Obese,48.0,78.0,Low (1-2),0,0,0,0,1,0,0
PT100538,2024-06-11,CL01,69.0,Female,24.9,146.0,92.0,78.0,87.0,5.3,156.0,Non-Smoker,2.0,0.0,82.0,1.0,57.5,Moderate,73.0,65+,Normal,54.0,110.0,Low (1-2),0,0,0,0,0,0,0
PT101000,2024-06-11,CL02,62.0,Female,36.9,148.0,83.0,82.0,106.0,6.1,183.0,Non-Smoker,1.0,0.0,65.0,0.0,87.7,High,30.0,50-64,Obese,65.0,104.66666666666667,Low (1-2),0,0,0,0,0,0,0
PT100198,2024-06-12,CL05,55.0,Female,27.8,106.0,74.0,84.0,95.0,5.2,195.0,Non-Smoker,3.0,0.0,82.0,2.0,22.5,Low,362.0,50-64,Overweight,32.0,84.66666666666667,Moderate (3-4),0,0,0,0,0,0,0
PT100455,2024-06-13,CL01,67.0,Female,31.4,117.0,61.0,,147.0,7.7,268.0,Non-Smoker,2.0,0.0,80.0,1.0,84.3,High,16.0,65+,Obese,56.0,79.66666666666667,Low (1-2),0,0,0,0,0,0,0
PT100459,2024-06-13,CL05,52.0,Female,25.8,135.0,96.0,82.0,99.0,5.4,143.0,Non-Smoker,5.0,1.0,93.0,2.0,66.1,High,24.0,50-64,Overweight,39.0,109.0,High (5-7),0,0,0,0,0,0,0
PT100647,2024-06-15,CL01,42.0,Female,29.8,118.0,64.0,66.0,75.0,5.1,253.0,Non-Smoker,1.0,0.0,90.0,1.0,46.9,Moderate,85.0,35-49,Overweight,54.0,82.0,Low (1-2),0,0,0,0,0,0,0
PT100845,2024-06-16,CL01,73.0,Male,22.5,105.0,75.0,,95.0,5.0,187.0,Non-Smoker,0.0,0.0,73.0,3.0,39.6,Moderate,82.0,65+,Normal,30.0,85.0,None,0,0,0,0,0,0,1
PT100954,2024-06-16,CL01,51.0,Female,28.6,108.0,69.0,67.0,99.0,5.5,210.0,Non-Smoker,2.0,1.0,63.0,2.0,72.2,High,14.0,50-64,Overweight,39.0,82.0,Low (1-2),0,0,0,0,0,0,0
PT100173,2024-06-17,CL02,63.0,Male,23.9,117.0,74.0,78.0,91.0,5.0,207.0,Non-Smoker,2.0,1.0,83.0,3.0,73.7,High,19.0,50-64,Normal,43.0,88.33333333333333,Low (1-2),0,0,0,0,0,0,1
PT100291,2024-06-17,CL05,59.0,Male,,121.0,76.0,56.0,,6.0,219.0,Non-Smoker,2.0,0.0,,3.0,37.3,Moderate,65.0,50-64,,45.0,91.0,Low (1-2),0,1,1,0,1,0,1
PT100309,2024-06-17,,49.0,Male,22.8,116.0,68.0,84.0,78.0,4.2,231.0,Non-Smoker,5.0,0.0,77.0,0.0,22.4,Low,350.0,35-49,Normal,48.0,84.0,High (5-7),0,0,0,0,0,0,1
PT100880,2024-06-17,CL03,47.0,Male,42.9,106.0,84.0,81.0,144.0,7.3,202.0,Non-Smoker,4.0,0.0,71.0,2.0,85.9,High,21.0,35-49,Obese,22.0,91.33333333333333,Moderate (3-4),0,0,0,0,0,0,1
PT100631,2024-06-19,CL06,62.0,Male,25.7,,67.0,68.0,72.0,5.0,216.0,Non-Smoker,0.0,1.0,90.0,1.0,66.2,High,29.0,50-64,Overweight,,,None,0,0,0,0,0,0,1
PT100565,2024-06-20,CL04,71.0,Male,33.6,126.0,69.0,80.0,86.0,4.9,172.0,Non-Smoker,2.0,0.0,82.0,4.0,50.8,Moderate,89.0,65+,Obese,57.0,88.0,Low (1-2),1,0,0,0,0,0,1
PT101073,2024-06-21,CL03,89.0,Female,28.9,129.0,77.0,76.0,101.0,5.9,249.0,Non-Smoker,2.0,0.0,96.0,3.0,90.3,High,15.0,65+,Overweight,52.0,94.33333333333333,Low (1-2),0,0,0,0,0,0,0
PT101141,2024-06-21,CL02,53.0,Male,27.4,135.0,73.0,74.0,88.0,5.0,173.0,Non-Smoker,,1.0,93.0,1.0,,High,14.0,50-64,Overweight,62.0,93.66666666666667,,0,0,0,0,0,0,1
PT100614,2024-06-22,CL06,35.0,Female,21.5,112.0,83.0,70.0,83.0,4.8,173.0,Smoker,2.0,0.0,52.0,1.0,35.1,Moderate,65.0,35-49,Normal,29.0,92.66666666666667,Low (1-2),0,0,0,0,0,1,0
PT100988,2024-06-22,CL01,67.0,Female,32.1,,79.0,75.0,93.0,4.9,226.0,Non-Smoker,,0.0,85.0,1.0,69.4,High,18.0,65+,Obese,,,,0,0,0,0,0,0,0
PT100829,2024-06-23,CL05,67.0,Male,27.6,117.0,72.0,90.0,98.0,5.9,247.0,Smoker,1.0,0.0,59.0,0.0,76.3,High,23.0,65+,Overweight,45.0,87.0,Low (1-2),0,0,0,0,0,1,1
PT100867,2024-06-23,CL05,55.0,Female,20.3,108.0,65.0,63.0,92.0,5.5,221.0,Non-Smoker,5.0,,83.0,1.0,19.6,Low,201.0,50-64,Normal,43.0,79.33333333333333,High (5-7),0,0,0,0,0,0,0
PT100795,2024-06-24,CL01,50.0,Female,33.0,128.0,83.0,85.0,105.0,6.1,169.0,Non-Smoker,3.0,1.0,79.0,,78.5,High,17.0,50-64,Obese,45.0,98.0,Moderate (3-4),0,0,0,0,0,0,0
PT100863,2024-06-25,CL05,77.0,Female,21.8,128.0,76.0,65.0,92.0,5.7,276.0,Non-Smoker,5.0,1.0,68.0,3.0,91.5,High,17.0,65+,Normal,52.0,93.33333333333333,High (5-7),0,0,0,0,0,0,0
PT100238,2024-06-27,CL05,53.0,Male,29.9,129.0,66.0,63.0,99.0,4.9,194.0,Non-Smoker,3.0,1.0,74.0,2.0,72.9,High,30.0,50-64,Overweight,63.0,87.0,Moderate (3-4),0,0,0,0,0,0,1
PT101094,2024-06-27,CL02,50.0,Male,26.6,111.0,77.0,88.0,90.0,5.0,188.0,Non-Smoker,2.0,,65.0,4.0,44.4,Moderate,71.0,50-64,Overweight,34.0,88.33333333333333,Low (1-2),1,0,0,0,0,0,1
PT100620,2024-06-28,CL01,60.0,Male,31.0,107.0,65.0,80.0,98.0,5.2,219.0,Non-Smoker,3.0,0.0,70.0,4.0,54.3,Moderate,72.0,50-64,Obese,42.0,79.0,Moderate (3-4),1,0,0,0,0,0,1
PT100962,2024-06-28,CL03,68.0,Male,30.5,155.0,95.0,84.0,94.0,5.9,,Smoker,,1.0,83.0,2.0,95.8,High,17.0,65+,Obese,60.0,115.0,,0,0,0,0,0,1,1
PT100003,2024-06-29,CL05,53.0,Female,30.1,128.0,64.0,79.0,100.0,5.7,192.0,Non-Smoker,,0.0,75.0,1.0,60.6,Moderate,65.0,50-64,Obese,64.0,85.33333333333333,,0,0,0,0,0,0,0
PT100783,2024-06-29,CL03,61.0,Female,27.1,121.0,75.0,81.0,97.0,5.7,249.0,Non-Smoker,2.0,0.0,70.0,4.0,58.0,Moderate,70.0,50-64,Overweight,46.0,90.33333333333333,Low (1-2),1,0,0,0,0,0,0
PT101072,2024-06-29,CL04,27.0,Female,27.5,106.0,85.0,80.0,92.0,5.5,,Non-Smoker,4.0,0.0,64.0,0.0,17.2,Low,360.0,18-34,Overweight,21.0,92.0,Moderate (3-4),0,0,0,0,0,0,0
PT100587,2024-06-30,CL01,49.0,Male,29.8,107.0,,72.0,88.0,5.7,213.0,Non-Smoker,4.0,,77.0,0.0,31.4,Low,322.0,35-49,Overweight,,,Moderate (3-4),0,0,0,0,0,0,1
PT100676,2024-06-30,CL02,37.0,Female,19.8,101.0,71.0,85.0,87.0,5.5,132.0,Non-Smoker,3.0,0.0,,0.0,8.5,Low,324.0,35-49,Normal,30.0,81.0,Moderate (3-4),0,0,0,0,1,0,0
PT100852,2024-06-30,CL01,64.0,Male,21.6,,81.0,61.0,69.0,4.5,153.0,Non-Smoker,1.0,0.0,38.0,2.0,,Moderate,72.0,50-64,Normal,,,Low (1-2),0,0,0,0,0,0,1
PT100767,2024-07-01,CL01,25.0,Male,31.3,107.0,69.0,55.0,98.0,5.2,196.0,Non-Smoker,5.0,1.0,84.0,2.0,19.8,Low,253.0,18-34,Obese,38.0,81.66666666666667,High (5-7),0,0,0,0,0,0,1
PT100966,2024-07-01,CL03,26.0,Female,24.7,112.0,71.0,59.0,87.0,5.1,188.0,Non-Smoker,5.0,0.0,61.0,2.0,5.6,Low,322.0,18-34,Normal,41.0,84.66666666666667,High (5-7),0,0,0,0,0,0,0
PT101057,2024-07-02,,44.0,Male,27.0,110.0,66.0,64.0,93.0,5.2,208.0,Non-Smoker,,0.0,76.0,0.0,18.5,Low,196.0,35-49,Overweight,44.0,80.66666666666667,,0,0,0,0,0,0,1
PT101066,2024-07-02,CL06,62.0,Male,19.4,123.0,65.0,54.0,89.0,5.1,179.0,Non-Smoker,2.0,1.0,89.0,3.0,69.8,High,25.0,50-64,Normal,58.0,84.33333333333333,Low (1-2),0,0,0,0,0,0,1
PT100653,2024-07-03,CL04,44.0,Female,24.7,114.0,81.0,74.0,101.0,5.6,199.0,Non-Smoker,,0.0,,3.0,58.5,Moderate,84.0,35-49,Normal,33.0,92.0,,0,0,0,0,1,0,0
PT100696,2024-07-03,CL03,60.0,Female,25.0,116.0,91.0,76.0,77.0,4.0,171.0,Non-Smoker,1.0,1.0,70.0,1.0,62.1,Moderate,90.0,50-64,Overweight,25.0,99.33333333333333,Low (1-2),0,0,0,0,0,0,0
PT100103,2024-07-04,CL02,31.0,Male,23.3,118.0,82.0,88.0,97.0,6.0,167.0,Non-Smoker,2.0,1.0,61.0,0.0,64.5,Moderate,82.0,18-34,Normal,36.0,94.0,Low (1-2),0,0,0,0,0,0,1
PT101185,2024-07-04,CL01,71.0,Male,29.0,118.0,67.0,66.0,99.0,5.0,,Non-Smoker,0.0,1.0,75.0,3.0,78.2,High,18.0,65+,Overweight,51.0,84.0,None,0,0,0,0,0,0,1
PT100029,2024-07-05,CL01,70.0,Female,31.3,,75.0,,109.0,6.2,246.0,Non-Smoker,1.0,0.0,80.0,1.0,79.6,High,28.0,65+,Obese,,,Low (1-2),0,0,0,0,0,0,0
PT100114,2024-07-05,CL03,65.0,Female,26.9,119.0,76.0,47.0,93.0,5.6,158.0,Non-Smoker,2.0,0.0,63.0,1.0,49.3,Moderate,74.0,65+,Overweight,43.0,90.33333333333333,Low (1-2),0,0,0,0,0,0,0
PT100882,2024-07-05,CL04,62.0,Female,27.2,131.0,73.0,76.0,,5.0,205.0,Smoker,3.0,0.0,54.0,3.0,92.9,High,24.0,50-64,Overweight,58.0,92.33333333333333,Moderate (3-4),0,0,1,0,0,1,0
PT100206,2024-07-06,CL02,48.0,Male,22.6,106.0,79.0,67.0,85.0,5.5,224.0,Non-Smoker,3.0,0.0,96.0,0.0,22.7,Low,319.0,35-49,Normal,27.0,88.0,Moderate (3-4),0,0,0,0,0,0,1
PT101169,2024-07-06,CL05,65.0,Female,24.9,118.0,73.0,81.0,79.0,4.8,189.0,Non-Smoker,4.0,0.0,63.0,1.0,59.7,Moderate,69.0,65+,Normal,45.0,88.0,Moderate (3-4),0,0,0,0,0,0,0
PT100022,2024-07-08,CL02,35.0,Male,22.1,108.0,78.0,61.0,66.0,4.6,138.0,Non-Smoker,5.0,1.0,85.0,1.0,2.7,Low,349.0,35-49,Normal,30.0,88.0,High (5-7),0,0,0,0,0,0,1
PT100205,2024-07-08,CL01,42.0,Female,28.1,121.0,76.0,81.0,104.0,6.1,,Smoker,2.0,0.0,,2.0,44.0,Moderate,86.0,35-49,Overweight,45.0,91.0,Low (1-2),0,0,0,0,1,1,0
PT100648,2024-07-09,CL03,39.0,Male,28.2,121.0,67.0,72.0,90.0,5.1,218.0,Non-Smoker,1.0,1.0,70.0,5.0,29.3,Low,215.0,35-49,Overweight,54.0,85.0,Low (1-2),1,0,0,0,0,0,1
PT100733,2024-07-09,CL01,52.0,Male,33.1,133.0,91.0,79.0,112.0,6.4,191.0,Smoker,0.0,1.0,92.0,1.0,82.5,High,28.0,50-64,Obese,42.0,105.0,None,0,0,0,0,0,1,1
PT100946,2024-07-09,,65.0,Female,29.3,139.0,86.0,54.0,102.0,5.7,187.0,Non-Smoker,4.0,0.0,47.0,2.0,59.8,Moderate,67.0,65+,Overweight,53.0,103.66666666666667,Moderate (3-4),0,0,0,0,0,0,0
PT100383,2024-07-10,CL05,71.0,Male,29.2,143.0,99.0,71.0,85.0,5.3,183.0,Smoker,3.0,1.0,57.0,5.0,88.3,High,15.0,65+,Overweight,44.0,113.66666666666667,Moderate (3-4),1,0,0,0,0,1,1
PT100543,2024-07-11,CL05,47.0,Female,55.8,110.0,67.0,72.0,98.0,5.1,229.0,Non-Smoker,2.0,1.0,75.0,1.0,34.5,Low,185.0,35-49,Obese,43.0,81.33333333333333,Low (1-2),0,0,0,0,0,0,0
PT100712,2024-07-11,CL04,62.0,Male,21.2,119.0,79.0,84.0,92.0,6.0,194.0,Non-Smoker,5.0,0.0,92.0,2.0,39.0,Moderate,70.0,50-64,Normal,40.0,92.33333333333333,High (5-7),0,0,0,0,0,0,1
PT100443,2024-07-12,CL04,40.0,Male,19.4,124.0,90.0,83.0,77.0,5.3,224.0,Non-Smoker,4.0,0.0,81.0,1.0,21.3,Low,355.0,35-49,Normal,34.0,101.33333333333333,Moderate (3-4),0,0,0,0,0,0,1
PT100745,2024-07-12,CL03,56.0,Female,21.9,119.0,76.0,89.0,100.0,5.6,190.0,Non-Smoker,3.0,0.0,91.0,2.0,40.6,Moderate,62.0,50-64,Normal,43.0,90.33333333333333,Moderate (3-4),0,0,0,0,0,0,0
PT100787,2024-07-13,CL05,64.0,Male,23.2,113.0,75.0,81.0,88.0,5.4,193.0,Non-Smoker,3.0,0.0,93.0,1.0,31.2,Low,209.0,50-64,Normal,38.0,87.66666666666667,Moderate (3-4),0,0,0,0,0,0,1
PT101182,2024-07-13,CL01,46.0,Male,22.8,123.0,72.0,46.0,98.0,4.9,193.0,Non-Smoker,5.0,,90.0,5.0,37.0,Moderate,79.0,35-49,Normal,51.0,89.0,High (5-7),1,0,0,0,0,0,1
PT100537,2024-07-15,CL03,46.0,Female,26.6,114.0,72.0,81.0,85.0,5.1,163.0,Non-Smoker,2.0,0.0,90.0,3.0,11.6,Low,245.0,35-49,Overweight,42.0,86.0,Low (1-2),0,0,0,0,0,0,0
PT100847,2024-07-15,CL02,55.0,Male,36.2,123.0,87.0,70.0,113.0,5.7,245.0,Non-Smoker,2.0,0.0,86.0,1.0,65.9,High,15.0,50-64,Obese,36.0,99.0,Low (1-2),0,0,0,0,0,0,1
PT100803,2024-07-16,CL06,74.0,Male,27.4,120.0,79.0,81.0,87.0,,197.0,Non-Smoker,2.0,1.0,80.0,4.0,41.1,Moderate,73.0,65+,Overweight,41.0,92.66666666666667,Low (1-2),1,0,0,1,0,0,1
PT100522,2024-07-17,CL02,44.0,Female,32.7,126.0,80.0,72.0,88.0,5.4,212.0,Non-Smoker,1.0,0.0,88.0,1.0,56.6,Moderate,63.0,35-49,Obese,46.0,95.33333333333333,Low (1-2),0,0,0,0,0,0,0
PT100595,2024-07-17,CL01,61.0,Female,21.3,101.0,66.0,67.0,84.0,4.8,173.0,Non-Smoker,5.0,1.0,88.0,1.0,24.7,Low,255.0,50-64,Normal,35.0,77.66666666666667,High (5-7),0,0,0,0,0,0,0
PT100757,2024-07-17,CL02,64.0,Female,20.9,115.0,76.0,72.0,78.0,5.3,221.0,Non-Smoker,3.0,0.0,75.0,2.0,31.0,Low,345.0,50-64,Normal,39.0,89.0,Moderate (3-4),0,0,0,0,0,0,0
PT101032,2024-07-17,CL04,43.0,Male,31.3,119.0,76.0,83.0,91.0,5.4,196.0,Non-Smoker,3.0,0.0,93.0,2.0,62.7,Moderate,81.0,35-49,Obese,43.0,90.33333333333333,Moderate (3-4),0,0,0,0,0,0,1
PT100826,2024-07-18,CL01,51.0,Male,20.2,127.0,80.0,64.0,87.0,4.5,268.0,Smoker,4.0,1.0,98.0,2.0,58.4,Moderate,88.0,50-64,Normal,47.0,95.66666666666667,Moderate (3-4),0,0,0,0,0,1,1
PT100047,2024-07-19,CL02,46.0,Female,23.2,134.0,94.0,65.0,81.0,4.5,221.0,Non-Smoker,1.0,0.0,78.0,5.0,51.3,Moderate,62.0,35-49,Normal,40.0,107.33333333333333,Low (1-2),1,0,0,0,0,0,0
PT100175,2024-07-19,CL01,46.0,Female,25.8,,,69.0,84.0,5.2,151.0,Non-Smoker,3.0,1.0,85.0,2.0,27.9,Low,263.0,35-49,Overweight,,,Moderate (3-4),0,0,0,0,0,0,0
PT100262,2024-07-20,CL05,61.0,Female,29.8,,85.0,74.0,99.0,6.1,166.0,Non-Smoker,1.0,0.0,,5.0,73.4,High,23.0,50-64,Overweight,,,Low (1-2),1,0,0,0,1,0,0
PT100823,2024-07-20,CL02,73.0,Female,22.5,124.0,96.0,62.0,95.0,5.6,173.0,Non-Smoker,5.0,0.0,46.0,1.0,69.4,High,30.0,65+,Normal,28.0,105.33333333333333,High (5-7),0,0,0,0,0,0,0
PT100987,2024-07-20,CL02,25.0,Male,28.6,113.0,70.0,,198.0,8.7,228.0,Smoker,4.0,0.0,92.0,2.0,90.7,High,30.0,18-34,Overweight,43.0,84.33333333333333,Moderate (3-4),0,0,0,0,0,1,1
PT101144,2024-07-20,CL05,44.0,Female,24.1,123.0,73.0,59.0,168.0,8.0,150.0,,3.0,0.0,88.0,0.0,88.1,High,17.0,35-49,Normal,50.0,89.66666666666667,Moderate (3-4),0,0,0,0,0,0,0
PT100824,2024-07-21,CL04,37.0,Male,25.1,113.0,84.0,80.0,,4.6,175.0,Smoker,3.0,,80.0,0.0,15.9,Low,194.0,35-49,Overweight,29.0,93.66666666666667,Moderate (3-4),0,0,1,0,0,1,1
PT100049,2024-07-22,CL04,23.0,Female,21.0,106.0,72.0,76.0,84.0,5.1,164.0,Non-Smoker,5.0,0.0,76.0,0.0,11.6,Low,348.0,18-34,Normal,34.0,83.33333333333333,High (5-7),0,0,0,0,0,0,0
PT100601,2024-07-22,CL03,57.0,Female,29.3,128.0,83.0,79.0,103.0,6.7,206.0,Non-Smoker,4.0,1.0,36.0,4.0,86.3,High,20.0,50-64,Overweight,45.0,98.0,Moderate (3-4),1,0,0,0,0,0,0
PT101080,2024-07-23,CL02,60.0,Female,29.3,142.0,87.0,83.0,109.0,5.8,175.0,Smoker,,0.0,80.0,1.0,93.8,High,29.0,50-64,Overweight,55.0,105.33333333333333,,0,0,0,0,0,1,0
PT100203,2024-07-24,CL03,43.0,Male,26.6,129.0,77.0,68.0,76.0,4.7,236.0,Smoker,3.0,0.0,85.0,4.0,37.0,Moderate,70.0,35-49,Overweight,52.0,94.33333333333333,Moderate (3-4),1,0,0,0,0,1,1
PT100458,2024-07-24,CL03,39.0,Female,23.6,124.0,80.0,64.0,75.0,4.7,135.0,Non-Smoker,4.0,0.0,84.0,1.0,8.8,Low,286.0,35-49,Normal,44.0,94.66666666666667,Moderate (3-4),0,0,0,0,0,0,0
PT100950,2024-07-24,CL02,58.0,Male,22.3,124.0,84.0,101.0,85.0,5.3,,Smoker,1.0,1.0,72.0,0.0,63.8,Moderate,79.0,50-64,Normal,40.0,97.33333333333333,Low (1-2),0,0,0,0,0,1,1
PT101029,2024-07-24,CL04,53.0,Male,21.3,100.0,80.0,73.0,94.0,5.1,253.0,Non-Smoker,2.0,1.0,,3.0,41.8,Moderate,70.0,50-64,Normal,20.0,86.66666666666667,Low (1-2),0,0,0,0,1,0,1
PT100588,2024-07-25,CL02,64.0,Female,26.6,113.0,84.0,69.0,365.0,5.4,228.0,Non-Smoker,0.0,0.0,,1.0,,High,28.0,50-64,Overweight,29.0,93.66666666666667,None,0,0,0,0,1,0,0
PT100674,2024-07-25,CL04,29.0,Male,21.6,119.0,78.0,71.0,62.0,4.2,145.0,Non-Smoker,3.0,0.0,97.0,0.0,3.5,Low,263.0,18-34,Normal,41.0,91.66666666666667,Moderate (3-4),0,0,0,0,0,0,1
PT101165,2024-07-25,CL01,55.0,Female,26.4,115.0,61.0,69.0,85.0,4.9,178.0,Non-Smoker,3.0,1.0,77.0,3.0,64.9,Moderate,60.0,50-64,Overweight,54.0,79.0,Moderate (3-4),0,0,0,0,0,0,0
PT100926,2024-07-26,CL02,67.0,Male,,145.0,96.0,63.0,81.0,5.0,190.0,Non-Smoker,3.0,0.0,74.0,2.0,57.1,Moderate,90.0,65+,,49.0,112.33333333333333,Moderate (3-4),0,1,0,0,0,0,1
PT100248,2024-07-29,CL02,31.0,Female,24.8,99.0,69.0,56.0,78.0,4.5,240.0,Non-Smoker,3.0,0.0,90.0,1.0,7.1,Low,239.0,18-34,Normal,30.0,79.0,Moderate (3-4),0,0,0,0,0,0,0
PT100655,2024-07-29,CL05,76.0,Male,33.7,130.0,89.0,58.0,111.0,5.7,199.0,Non-Smoker,4.0,0.0,,2.0,85.8,High,24.0,65+,Obese,41.0,102.66666666666667,Moderate (3-4),0,0,0,0,1,0,1
PT100923,2024-07-29,CL04,59.0,Male,25.4,137.0,83.0,61.0,102.0,5.8,193.0,Non-Smoker,3.0,1.0,78.0,3.0,78.8,High,30.0,50-64,Overweight,54.0,101.0,Moderate (3-4),0,0,0,0,0,0,1
PT100982,2024-07-29,CL05,89.0,Female,27.1,150.0,85.0,74.0,,,176.0,Smoker,3.0,0.0,71.0,4.0,93.7,High,23.0,65+,Overweight,65.0,106.66666666666667,Moderate (3-4),1,0,1,1,0,1,0
PT101022,2024-07-29,CL04,59.0,Male,21.1,113.0,67.0,64.0,75.0,5.3,222.0,Non-Smoker,3.0,1.0,97.0,5.0,23.5,Low,195.0,50-64,Normal,46.0,82.33333333333333,Moderate (3-4),1,0,0,0,0,0,1
PT100325,2024-07-31,CL05,58.0,Male,24.1,114.0,69.0,60.0,75.0,,171.0,Non-Smoker,5.0,,99.0,2.0,10.6,Low,357.0,50-64,Normal,45.0,84.0,High (5-7),0,0,0,1,0,0,1
PT100271,2024-08-01,CL01,18.0,Female,21.8,108.0,71.0,78.0,70.0,4.4,142.0,Non-Smoker,5.0,1.0,45.0,2.0,7.7,Low,215.0,18-34,Normal,37.0,83.33333333333333,High (5-7),0,0,0,0,0,0,0
PT100409,2024-08-01,CL01,71.0,Male,22.3,115.0,79.0,66.0,98.0,5.1,187.0,Non-Smoker,3.0,1.0,95.0,4.0,41.9,Moderate,83.0,65+,Normal,36.0,91.0,Moderate (3-4),1,0,0,0,0,0,1
PT100730,2024-08-01,CL03,54.0,Male,24.6,124.0,79.0,88.0,92.0,5.4,197.0,Smoker,,0.0,78.0,1.0,57.3,Moderate,60.0,50-64,Normal,45.0,94.0,,0,0,0,0,0,1,1
PT100401,2024-08-02,CL02,40.0,Female,23.7,124.0,73.0,56.0,87.0,5.2,141.0,Non-Smoker,2.0,0.0,63.0,1.0,21.2,Low,266.0,35-49,Normal,51.0,90.0,Low (1-2),0,0,0,0,0,0,0
PT100754,2024-08-02,CL03,43.0,Female,29.1,97.0,66.0,84.0,78.0,4.7,241.0,Non-Smoker,3.0,0.0,88.0,1.0,35.0,Moderate,61.0,35-49,Overweight,31.0,76.33333333333333,Moderate (3-4),0,0,0,0,0,0,0
PT100302,2024-08-03,CL01,43.0,Male,27.5,124.0,74.0,57.0,90.0,5.7,246.0,,4.0,1.0,,2.0,50.9,Moderate,82.0,35-49,Overweight,50.0,90.66666666666667,Moderate (3-4),0,0,0,0,1,0,1
PT100147,2024-08-04,CL02,50.0,Female,22.3,115.0,69.0,93.0,80.0,5.1,231.0,Smoker,0.0,0.0,95.0,1.0,34.9,Low,215.0,50-64,Normal,46.0,84.33333333333333,None,0,0,0,0,0,1,0
PT100432,2024-08-04,CL05,82.0,Female,26.0,126.0,73.0,64.0,82.0,5.2,241.0,Non-Smoker,2.0,0.0,68.0,2.0,53.7,Moderate,76.0,65+,Overweight,53.0,90.66666666666667,Low (1-2),0,0,0,0,0,0,0
PT100896,2024-08-04,CL06,71.0,Male,26.5,137.0,84.0,58.0,110.0,6.2,225.0,Non-Smoker,1.0,1.0,72.0,3.0,90.4,High,18.0,65+,Overweight,53.0,101.66666666666667,Low (1-2),0,0,0,0,0,0,1
PT100996,2024-08-04,CL03,28.0,Male,28.2,108.0,56.0,90.0,107.0,6.0,168.0,Smoker,2.0,0.0,95.0,0.0,20.6,Low,324.0,18-34,Overweight,52.0,73.33333333333333,Low (1-2),0,0,0,0,0,1,1
PT101083,2024-08-04,CL06,53.0,Female,26.4,109.0,80.0,70.0,77.0,4.4,190.0,Non-Smoker,1.0,0.0,90.0,1.0,38.8,Moderate,60.0,50-64,Overweight,29.0,89.66666666666667,Low (1-2),0,0,0,0,0,0,0
PT100499,2024-08-05,CL02,34.0,Male,25.0,113.0,63.0,82.0,77.0,4.7,194.0,Non-Smoker,3.0,0.0,75.0,0.0,15.3,Low,358.0,18-34,Overweight,50.0,79.66666666666667,Moderate (3-4),0,0,0,0,0,0,1
PT100993,2024-08-05,CL05,63.0,Male,28.6,120.0,77.0,90.0,,5.0,194.0,Smoker,1.0,0.0,81.0,2.0,80.0,High,30.0,50-64,Overweight,43.0,91.33333333333333,Low (1-2),0,0,1,0,0,1,1
PT101164,2024-08-05,CL01,41.0,Male,22.1,127.0,77.0,86.0,75.0,4.6,215.0,Non-Smoker,5.0,0.0,72.0,0.0,29.1,Low,329.0,35-49,Normal,50.0,93.66666666666667,High (5-7),0,0,0,0,0,0,1
PT100157,2024-08-06,CL02,18.0,Male,33.9,121.0,85.0,67.0,84.0,4.6,202.0,Non-Smoker,4.0,0.0,55.0,0.0,26.6,Low,283.0,18-34,Obese,36.0,97.0,Moderate (3-4),0,0,0,0,0,0,1
PT100985,2024-08-06,CL01,62.0,Female,30.6,148.0,83.0,78.0,104.0,5.3,187.0,Smoker,1.0,0.0,67.0,2.0,83.3,High,25.0,50-64,Obese,65.0,104.66666666666667,Low (1-2),0,0,0,0,0,1,0
PT101081,2024-08-07,CL02,55.0,Male,30.8,135.0,92.0,70.0,365.0,4.9,199.0,Non-Smoker,1.0,0.0,71.0,3.0,62.1,Moderate,82.0,50-64,Obese,43.0,106.33333333333333,Low (1-2),0,0,0,0,0,0,1
PT101171,2024-08-07,CL02,56.0,Female,26.2,115.0,82.0,66.0,79.0,,194.0,Non-Smoker,,0.0,67.0,2.0,30.8,Low,334.0,50-64,Overweight,33.0,93.0,,0,0,0,1,0,0,0
PT100097,2024-08-08,CL02,62.0,Male,39.7,,77.0,74.0,114.0,6.1,166.0,Non-Smoker,2.0,0.0,89.0,2.0,90.4,High,23.0,50-64,Obese,,,Low (1-2),0,0,0,0,0,0,1
PT100135,2024-08-08,CL03,40.0,Male,21.6,122.0,66.0,61.0,176.0,8.2,158.0,,2.0,1.0,88.0,3.0,67.5,High,14.0,35-49,Normal,56.0,84.66666666666667,Low (1-2),0,0,0,0,0,0,1
PT100167,2024-08-08,CL05,69.0,Male,28.9,140.0,88.0,71.0,112.0,6.4,169.0,Non-Smoker,3.0,0.0,64.0,1.0,83.6,High,15.0,65+,Overweight,52.0,105.33333333333333,Moderate (3-4),0,0,0,0,0,0,1
PT100502,2024-08-08,CL06,68.0,Male,23.8,121.0,75.0,64.0,96.0,5.5,253.0,Non-Smoker,4.0,0.0,61.0,4.0,41.6,Moderate,90.0,65+,Normal,46.0,90.33333333333333,Moderate (3-4),1,0,0,0,0,0,1
PT100583,2024-08-08,CL01,65.0,Male,27.8,143.0,89.0,59.0,84.0,5.4,158.0,Non-Smoker,4.0,1.0,64.0,4.0,44.3,Moderate,70.0,65+,Overweight,54.0,107.0,Moderate (3-4),1,0,0,0,0,0,1
PT100171,2024-08-09,CL02,37.0,Male,27.7,101.0,60.0,86.0,,5.4,,Non-Smoker,4.0,0.0,74.0,2.0,20.1,Low,339.0,35-49,Overweight,41.0,73.66666666666667,Moderate (3-4),0,0,1,0,0,0,1
PT100637,2024-08-09,CL04,57.0,Female,21.9,108.0,78.0,89.0,82.0,4.6,204.0,Non-Smoker,2.0,0.0,95.0,1.0,25.6,Low,277.0,50-64,Normal,30.0,88.0,Low (1-2),0,0,0,0,0,0,0
PT100657,2024-08-09,CL05,30.0,Male,26.2,93.0,65.0,67.0,93.0,5.6,165.0,Non-Smoker,1.0,1.0,61.0,3.0,15.4,Low,334.0,18-34,Overweight,28.0,74.33333333333333,Low (1-2),0,0,0,0,0,0,1
PT100900,2024-08-09,CL03,56.0,Male,22.0,121.0,77.0,62.0,103.0,5.2,166.0,Non-Smoker,3.0,,76.0,0.0,57.7,Moderate,60.0,50-64,Normal,44.0,91.66666666666667,Moderate (3-4),0,0,0,0,0,0,1
PT100145,2024-08-11,CL03,68.0,Female,23.4,,81.0,68.0,98.0,5.1,228.0,Non-Smoker,4.0,0.0,77.0,2.0,65.1,High,20.0,65+,Normal,,,Moderate (3-4),0,0,0,0,0,0,0
PT100132,2024-08-12,CL06,29.0,Male,29.3,104.0,72.0,79.0,82.0,5.4,170.0,Non-Smoker,4.0,0.0,63.0,1.0,24.6,Low,265.0,18-34,Overweight,32.0,82.66666666666667,Moderate (3-4),0,0,0,0,0,0,1
PT100535,2024-08-13,CL01,69.0,Female,33.5,103.0,64.0,77.0,,5.3,,Non-Smoker,2.0,1.0,71.0,5.0,61.6,Moderate,65.0,65+,Obese,39.0,77.0,Low (1-2),1,0,1,0,0,0,0
PT100348,2024-08-14,CL02,48.0,Female,27.7,109.0,68.0,,114.0,5.7,130.0,Smoker,2.0,1.0,82.0,1.0,75.6,High,28.0,35-49,Overweight,41.0,81.66666666666667,Low (1-2),0,0,0,0,0,1,0
PT100284,2024-08-15,CL02,66.0,Female,29.9,141.0,87.0,96.0,100.0,5.8,235.0,Non-Smoker,1.0,0.0,97.0,2.0,89.1,High,29.0,65+,Overweight,54.0,105.0,Low (1-2),0,0,0,0,0,0,0
PT100846,2024-08-15,CL06,51.0,Male,24.3,114.0,89.0,69.0,91.0,5.7,224.0,Non-Smoker,3.0,1.0,83.0,2.0,59.1,Moderate,77.0,50-64,Normal,25.0,97.33333333333333,Moderate (3-4),0,0,0,0,0,0,1
PT100610,2024-08-16,CL03,69.0,Female,18.6,138.0,82.0,87.0,77.0,,216.0,Non-Smoker,6.0,0.0,73.0,1.0,31.3,Low,245.0,65+,Normal,56.0,100.66666666666667,High (5-7),0,0,0,1,0,0,0
PT100798,2024-08-16,CL01,58.0,Female,23.1,109.0,91.0,80.0,80.0,5.1,,Non-Smoker,3.0,1.0,74.0,1.0,62.3,Moderate,82.0,50-64,Normal,18.0,97.0,Moderate (3-4),0,0,0,0,0,0,0
PT101108,2024-08-16,CL02,36.0,Male,25.0,112.0,71.0,69.0,81.0,4.5,183.0,Smoker,3.0,0.0,88.0,1.0,39.8,Moderate,77.0,35-49,Overweight,41.0,84.66666666666667,Moderate (3-4),0,0,0,0,0,1,1
PT100678,2024-08-18,CL03,48.0,Female,19.4,104.0,,61.0,84.0,4.7,144.0,Non-Smoker,4.0,0.0,,1.0,20.8,Low,271.0,35-49,Normal,,,Moderate (3-4),0,0,0,0,1,0,0
PT100808,2024-08-18,CL01,69.0,Male,24.9,140.0,94.0,,95.0,5.4,191.0,Smoker,3.0,0.0,79.0,2.0,76.6,High,27.0,65+,Normal,46.0,109.33333333333333,Moderate (3-4),0,0,0,0,0,1,1
PT101001,2024-08-18,CL01,57.0,Female,27.8,111.0,69.0,56.0,99.0,5.7,188.0,Non-Smoker,0.0,1.0,42.0,0.0,60.4,Moderate,60.0,50-64,Overweight,42.0,83.0,None,0,0,0,0,0,0,0
PT100473,2024-08-21,CL01,56.0,Female,20.3,108.0,63.0,76.0,73.0,4.9,205.0,Non-Smoker,4.0,0.0,88.0,0.0,12.7,Low,192.0,50-64,Normal,45.0,78.0,Moderate (3-4),0,0,0,0,0,0,0
PT101055,2024-08-21,CL02,47.0,Male,31.5,125.0,64.0,86.0,103.0,,191.0,Non-Smoker,2.0,0.0,74.0,0.0,37.7,Moderate,68.0,35-49,Obese,61.0,84.33333333333333,Low (1-2),0,0,0,1,0,0,1
PT100116,2024-08-22,CL05,43.0,Male,24.9,111.0,74.0,70.0,92.0,5.5,181.0,Smoker,5.0,0.0,67.0,1.0,56.4,Moderate,66.0,35-49,Normal,37.0,86.33333333333333,High (5-7),0,0,0,0,0,1,1
PT100682,2024-08-22,CL01,67.0,Male,29.4,123.0,77.0,78.0,90.0,5.4,144.0,Non-Smoker,5.0,1.0,58.0,4.0,69.7,High,16.0,65+,Overweight,46.0,92.33333333333333,High (5-7),1,0,0,0,0,0,1
PT100964,2024-08-22,CL01,55.0,Female,18.4,120.0,,65.0,64.0,4.3,178.0,Non-Smoker,5.0,,74.0,4.0,9.4,Low,363.0,50-64,Underweight,,,High (5-7),1,0,0,0,0,0,0
PT100545,2024-08-23,CL01,39.0,Male,33.0,101.0,62.0,58.0,97.0,5.6,176.0,Non-Smoker,4.0,1.0,88.0,4.0,50.2,Moderate,75.0,35-49,Obese,39.0,75.0,Moderate (3-4),1,0,0,0,0,0,1
PT100584,2024-08-24,CL02,74.0,Male,,132.0,101.0,78.0,91.0,4.7,206.0,Non-Smoker,3.0,1.0,96.0,3.0,88.1,High,27.0,65+,,31.0,111.33333333333333,Moderate (3-4),0,1,0,0,0,0,1
PT100769,2024-08-24,CL01,62.0,Male,28.8,114.0,67.0,78.0,103.0,,212.0,Non-Smoker,3.0,0.0,62.0,3.0,60.6,Moderate,62.0,50-64,Overweight,47.0,82.66666666666667,Moderate (3-4),0,0,0,1,0,0,1
PT101121,2024-08-26,CL04,44.0,Male,23.7,107.0,62.0,70.0,77.0,,207.0,Smoker,4.0,0.0,87.0,0.0,21.9,Low,249.0,35-49,Normal,45.0,77.0,Moderate (3-4),0,0,0,1,0,1,1
PT100024,2024-08-27,CL06,64.0,Female,20.9,120.0,84.0,89.0,96.0,4.7,220.0,Non-Smoker,3.0,0.0,61.0,1.0,64.2,Moderate,75.0,50-64,Normal,36.0,96.0,Moderate (3-4),0,0,0,0,0,0,0
PT100210,2024-08-27,CL03,56.0,Male,27.8,132.0,87.0,71.0,81.0,5.2,210.0,Non-Smoker,1.0,0.0,75.0,0.0,80.5,High,28.0,50-64,Overweight,45.0,102.0,Low (1-2),0,0,0,0,0,0,1
PT101140,2024-08-27,CL04,67.0,Female,25.7,121.0,82.0,90.0,92.0,5.2,177.0,Non-Smoker,2.0,0.0,87.0,1.0,80.8,High,24.0,65+,Overweight,39.0,95.0,Low (1-2),0,0,0,0,0,0,0
PT100006,2024-08-28,CL06,43.0,Female,33.4,100.0,,67.0,89.0,5.5,,Non-Smoker,3.0,0.0,73.0,1.0,25.0,Low,291.0,35-49,Obese,,,Moderate (3-4),0,0,0,0,0,0,0
PT101123,2024-08-28,CL05,58.0,Female,,111.0,63.0,79.0,97.0,5.0,149.0,,3.0,0.0,,3.0,55.2,Moderate,76.0,50-64,,48.0,79.0,Moderate (3-4),0,1,0,0,1,0,0
PT100055,2024-08-29,CL04,22.0,Male,25.8,100.0,66.0,,92.0,5.7,,Non-Smoker,0.0,0.0,96.0,0.0,10.8,Low,358.0,18-34,Overweight,34.0,77.33333333333333,None,0,0,0,0,0,0,1
PT100422,2024-08-29,CL01,61.0,Female,26.6,113.0,76.0,79.0,96.0,5.4,153.0,Non-Smoker,5.0,0.0,83.0,2.0,33.0,Low,203.0,50-64,Overweight,37.0,88.33333333333333,High (5-7),0,0,0,0,0,0,0
PT100667,2024-08-29,CL05,45.0,Female,25.7,121.0,73.0,69.0,95.0,5.6,167.0,Non-Smoker,2.0,1.0,55.0,2.0,67.7,High,24.0,35-49,Overweight,48.0,89.0,Low (1-2),0,0,0,0,0,0,0
PT101040,2024-08-29,CL01,60.0,Male,25.2,136.0,84.0,58.0,89.0,4.8,136.0,Non-Smoker,3.0,1.0,70.0,2.0,53.2,Moderate,81.0,50-64,Overweight,52.0,101.33333333333333,Moderate (3-4),0,0,0,0,0,0,1
PT100727,2024-08-31,CL02,51.0,Female,23.0,124.0,79.0,80.0,104.0,,210.0,Non-Smoker,4.0,1.0,72.0,2.0,69.7,High,17.0,50-64,Normal,45.0,94.0,Moderate (3-4),0,0,0,1,0,0,0
PT100981,2024-08-31,CL06,48.0,Male,26.1,126.0,66.0,85.0,75.0,4.4,149.0,Smoker,3.0,0.0,91.0,0.0,37.7,Moderate,80.0,35-49,Overweight,60.0,86.0,Moderate (3-4),0,0,0,0,0,1,1
PT100790,2024-09-01,CL04,47.0,Male,32.5,121.0,68.0,76.0,105.0,5.9,197.0,Smoker,2.0,0.0,86.0,1.0,84.4,High,20.0,35-49,Obese,53.0,85.66666666666667,Low (1-2),0,0,0,0,0,1,1
PT100390,2024-09-02,CL05,38.0,Male,29.7,138.0,85.0,62.0,103.0,5.5,134.0,Non-Smoker,3.0,1.0,84.0,1.0,63.3,Moderate,86.0,35-49,Overweight,53.0,102.66666666666667,Moderate (3-4),0,0,0,0,0,0,1
PT100463,2024-09-02,CL06,30.0,Female,24.7,94.0,72.0,67.0,79.0,4.5,182.0,Non-Smoker,2.0,1.0,78.0,0.0,18.0,Low,360.0,18-34,Normal,22.0,79.33333333333333,Low (1-2),0,0,0,0,0,0,0
PT100830,2024-09-02,CL02,53.0,Female,26.3,123.0,76.0,74.0,94.0,5.9,230.0,Non-Smoker,,0.0,76.0,1.0,27.5,Low,221.0,50-64,Overweight,47.0,91.66666666666667,,0,0,0,0,0,0,0
PT100651,2024-09-03,CL02,47.0,Female,23.5,110.0,70.0,92.0,123.0,5.8,173.0,Non-Smoker,3.0,0.0,,1.0,54.7,Moderate,67.0,35-49,Normal,40.0,83.33333333333333,Moderate (3-4),0,0,0,0,1,0,0
PT100748,2024-09-03,CL03,70.0,Female,21.3,107.0,75.0,75.0,87.0,5.3,209.0,Non-Smoker,2.0,0.0,85.0,4.0,42.1,Moderate,79.0,65+,Normal,32.0,85.66666666666667,Low (1-2),1,0,0,0,0,0,0
PT101107,2024-09-03,CL01,90.0,Female,30.2,122.0,78.0,77.0,97.0,5.8,195.0,Non-Smoker,5.0,0.0,79.0,4.0,56.3,Moderate,84.0,65+,Obese,44.0,92.66666666666667,High (5-7),1,0,0,0,0,0,0
PT100384,2024-09-04,CL03,51.0,Female,30.9,139.0,77.0,80.0,,6.0,168.0,,1.0,1.0,87.0,2.0,84.3,High,19.0,50-64,Obese,62.0,97.66666666666667,Low (1-2),0,0,1,0,0,0,0
PT100051,2024-09-05,CL01,52.0,Female,25.5,102.0,66.0,82.0,99.0,5.7,201.0,Smoker,1.0,1.0,70.0,3.0,72.2,High,21.0,50-64,Overweight,36.0,78.0,Low (1-2),0,0,0,0,0,1,0
PT100057,2024-09-06,CL03,52.0,Male,23.5,135.0,90.0,84.0,82.0,5.1,173.0,Non-Smoker,0.0,0.0,87.0,2.0,42.8,Moderate,89.0,50-64,Normal,45.0,105.0,None,0,0,0,0,0,0,1
PT100831,2024-09-06,CL04,73.0,Male,21.2,129.0,84.0,59.0,100.0,5.7,152.0,Non-Smoker,4.0,0.0,65.0,2.0,51.6,Moderate,81.0,65+,Normal,45.0,99.0,Moderate (3-4),0,0,0,0,0,0,1
PT101059,2024-09-06,CL03,44.0,Male,22.6,129.0,77.0,73.0,98.0,5.7,153.0,Non-Smoker,4.0,0.0,87.0,0.0,19.7,Low,199.0,35-49,Normal,52.0,94.33333333333333,Moderate (3-4),0,0,0,0,0,0,1
PT100426,2024-09-07,CL05,24.0,Female,27.7,101.0,69.0,87.0,78.0,5.0,187.0,Non-Smoker,0.0,0.0,76.0,1.0,25.3,Low,321.0,18-34,Overweight,32.0,79.66666666666667,None,0,0,0,0,0,0,0
PT101172,2024-09-07,CL04,32.0,Male,25.1,105.0,74.0,82.0,85.0,5.8,,Non-Smoker,3.0,1.0,90.0,1.0,36.4,Moderate,62.0,18-34,Overweight,31.0,84.33333333333333,Moderate (3-4),0,0,0,0,0,0,1
PT100039,2024-09-09,CL02,47.0,Female,23.0,116.0,58.0,77.0,80.0,4.9,233.0,Non-Smoker,4.0,0.0,75.0,1.0,32.0,Low,303.0,35-49,Normal,58.0,77.33333333333333,Moderate (3-4),0,0,0,0,0,0,0
PT100916,2024-09-10,CL06,45.0,Male,26.4,,87.0,69.0,84.0,5.0,155.0,Non-Smoker,5.0,0.0,93.0,0.0,52.6,Moderate,72.0,35-49,Overweight,,,High (5-7),0,0,0,0,0,0,1
PT100221,2024-09-11,CL02,55.0,Female,34.4,117.0,89.0,,112.0,5.7,192.0,Non-Smoker,2.0,,85.0,0.0,75.7,High,23.0,50-64,Obese,28.0,98.33333333333333,Low (1-2),0,0,0,0,0,0,0
PT100756,2024-09-11,CL02,55.0,Male,26.9,92.0,61.0,70.0,115.0,6.3,229.0,Non-Smoker,1.0,0.0,,1.0,28.8,Low,228.0,50-64,Overweight,31.0,71.33333333333333,Low (1-2),0,0,0,0,1,0,1
PT100519,2024-09-12,CL01,18.0,Male,27.7,94.0,65.0,59.0,94.0,5.5,,Non-Smoker,3.0,1.0,87.0,1.0,7.0,Low,225.0,18-34,Overweight,29.0,74.66666666666667,Moderate (3-4),0,0,0,0,0,0,1
PT100934,2024-09-12,CL05,33.0,Male,21.9,128.0,76.0,73.0,70.0,4.7,180.0,Non-Smoker,3.0,0.0,55.0,0.0,14.3,Low,237.0,18-34,Normal,52.0,93.33333333333333,Moderate (3-4),0,0,0,0,0,0,1
PT100240,2024-09-14,CL01,57.0,Male,25.5,133.0,75.0,76.0,88.0,5.2,197.0,Smoker,1.0,0.0,85.0,0.0,64.3,Moderate,82.0,50-64,Overweight,58.0,94.33333333333333,Low (1-2),0,0,0,0,0,1,1
PT100255,2024-09-14,CL02,79.0,Male,27.1,149.0,92.0,85.0,101.0,5.7,269.0,Non-Smoker,2.0,,61.0,1.0,98.1,High,25.0,65+,Overweight,57.0,111.0,Low (1-2),0,0,0,0,0,0,1
PT100273,2024-09-14,CL01,45.0,Female,26.2,99.0,66.0,68.0,91.0,5.3,212.0,Non-Smoker,5.0,1.0,69.0,1.0,12.4,Low,266.0,35-49,Overweight,33.0,77.0,High (5-7),0,0,0,0,0,0,0
PT100932,2024-09-14,CL02,71.0,Female,27.8,126.0,80.0,58.0,90.0,5.2,164.0,Non-Smoker,2.0,1.0,75.0,1.0,89.9,High,23.0,65+,Overweight,46.0,95.33333333333333,Low (1-2),0,0,0,0,0,0,0
PT100112,2024-09-15,CL01,46.0,Female,22.8,126.0,79.0,84.0,86.0,5.0,173.0,Smoker,2.0,1.0,,3.0,41.9,Moderate,81.0,35-49,Normal,47.0,94.66666666666667,Low (1-2),0,0,0,0,1,1,0
PT100272,2024-09-17,CL01,55.0,Female,26.5,135.0,86.0,81.0,96.0,5.7,178.0,Non-Smoker,1.0,0.0,75.0,2.0,75.6,High,30.0,50-64,Overweight,49.0,102.33333333333333,Low (1-2),0,0,0,0,0,0,0
PT100594,2024-09-17,CL03,62.0,Male,24.8,135.0,92.0,92.0,84.0,5.1,223.0,,3.0,1.0,86.0,6.0,60.9,Moderate,86.0,50-64,Normal,43.0,106.33333333333333,Moderate (3-4),1,0,0,0,0,0,1
PT100979,2024-09-18,CL03,46.0,Male,28.5,109.0,65.0,72.0,67.0,5.2,223.0,Non-Smoker,3.0,0.0,71.0,4.0,13.2,Low,271.0,35-49,Overweight,44.0,79.66666666666667,Moderate (3-4),1,0,0,0,0,0,1
PT101178,2024-09-18,CL02,41.0,Male,30.3,127.0,81.0,83.0,98.0,5.7,174.0,Non-Smoker,2.0,0.0,,7.0,77.3,High,30.0,35-49,Obese,46.0,96.33333333333333,Low (1-2),1,0,0,0,1,0,1
PT100939,2024-09-19,CL06,66.0,Male,33.3,124.0,72.0,88.0,181.0,8.7,181.0,Non-Smoker,1.0,0.0,66.0,5.0,97.3,High,26.0,65+,Obese,52.0,89.33333333333333,Low (1-2),1,0,0,0,0,0,1
PT100082,2024-09-20,CL02,74.0,Male,24.6,116.0,78.0,79.0,112.0,6.0,177.0,Non-Smoker,1.0,1.0,83.0,0.0,57.1,Moderate,64.0,65+,Normal,38.0,90.66666666666667,Low (1-2),0,0,0,0,0,0,1
PT100469,2024-09-20,CL01,56.0,Female,22.5,143.0,88.0,68.0,89.0,,146.0,Non-Smoker,4.0,0.0,84.0,1.0,42.9,Moderate,71.0,50-64,Normal,55.0,106.33333333333333,Moderate (3-4),0,0,0,1,0,0,0
PT100707,2024-09-20,CL05,34.0,Female,28.0,113.0,70.0,58.0,90.0,5.3,172.0,Non-Smoker,4.0,0.0,82.0,2.0,31.9,Low,345.0,18-34,Overweight,43.0,84.33333333333333,Moderate (3-4),0,0,0,0,0,0,0
PT100864,2024-09-21,CL03,42.0,Female,24.0,139.0,81.0,81.0,91.0,5.5,202.0,Non-Smoker,3.0,1.0,66.0,2.0,52.4,Moderate,68.0,35-49,Normal,58.0,100.33333333333333,Moderate (3-4),0,0,0,0,0,0,0
PT100447,2024-09-22,CL06,61.0,Male,35.5,115.0,74.0,67.0,117.0,5.9,155.0,Non-Smoker,2.0,1.0,83.0,1.0,85.0,High,22.0,50-64,Obese,41.0,87.66666666666667,Low (1-2),0,0,0,0,0,0,1
PT100503,2024-09-22,CL06,60.0,Male,27.5,149.0,85.0,76.0,90.0,5.3,163.0,Smoker,3.0,0.0,63.0,2.0,87.5,High,18.0,50-64,Overweight,64.0,106.33333333333333,Moderate (3-4),0,0,0,0,0,1,1
PT100201,2024-09-23,CL05,34.0,Female,20.6,123.0,64.0,75.0,90.0,4.8,202.0,Non-Smoker,4.0,0.0,84.0,1.0,17.6,Low,341.0,18-34,Normal,59.0,83.66666666666667,Moderate (3-4),0,0,0,0,0,0,0
PT100506,2024-09-23,CL05,54.0,Male,22.7,136.0,100.0,66.0,,5.5,172.0,Non-Smoker,6.0,0.0,59.0,2.0,70.6,High,21.0,50-64,Normal,36.0,112.0,High (5-7),0,0,1,0,0,0,1
PT100158,2024-09-25,CL04,70.0,Female,28.7,114.0,68.0,93.0,167.0,8.0,245.0,Non-Smoker,2.0,0.0,86.0,3.0,96.1,High,19.0,65+,Overweight,46.0,83.33333333333333,Low (1-2),0,0,0,0,0,0,0
PT100418,2024-09-25,CL05,57.0,Male,23.9,112.0,64.0,80.0,98.0,5.6,163.0,Non-Smoker,2.0,1.0,87.0,4.0,56.8,Moderate,70.0,50-64,Normal,48.0,80.0,Low (1-2),1,0,0,0,0,0,1
PT100720,2024-09-25,CL06,22.0,Male,29.9,117.0,79.0,88.0,91.0,4.3,248.0,Non-Smoker,3.0,0.0,,0.0,55.8,Moderate,75.0,18-34,Overweight,38.0,91.66666666666667,Moderate (3-4),0,0,0,0,1,0,1
PT101063,2024-09-25,CL02,65.0,Female,36.2,130.0,89.0,79.0,104.0,,213.0,Non-Smoker,3.0,0.0,67.0,0.0,84.0,High,24.0,65+,Obese,41.0,102.66666666666667,Moderate (3-4),0,0,0,1,0,0,0
PT101070,2024-09-25,CL02,80.0,Male,21.3,148.0,91.0,75.0,81.0,4.7,234.0,Non-Smoker,3.0,1.0,,1.0,86.7,High,23.0,65+,Normal,57.0,110.0,Moderate (3-4),0,0,0,0,1,0,1
PT100940,2024-09-26,CL01,59.0,Male,22.3,144.0,86.0,50.0,83.0,4.9,165.0,Non-Smoker,4.0,1.0,66.0,0.0,48.1,Moderate,79.0,50-64,Normal,58.0,105.33333333333333,Moderate (3-4),0,0,0,0,0,0,1
PT100397,2024-09-28,CL05,36.0,Male,24.7,103.0,66.0,52.0,66.0,5.1,177.0,Non-Smoker,5.0,0.0,77.0,1.0,3.7,Low,243.0,35-49,Normal,37.0,78.33333333333333,High (5-7),0,0,0,0,0,0,1
PT100479,2024-09-28,CL04,36.0,Female,28.8,128.0,84.0,65.0,97.0,4.9,164.0,Non-Smoker,4.0,1.0,97.0,0.0,40.2,Moderate,63.0,35-49,Overweight,44.0,98.66666666666667,Moderate (3-4),0,0,0,0,0,0,0
PT100356,2024-09-29,CL03,66.0,Male,23.1,116.0,79.0,55.0,108.0,5.8,205.0,Non-Smoker,6.0,0.0,71.0,2.0,56.4,Moderate,89.0,65+,Normal,37.0,91.33333333333333,High (5-7),0,0,0,0,0,0,1
PT100760,2024-09-30,CL03,52.0,Female,29.6,122.0,75.0,82.0,108.0,,,Non-Smoker,2.0,1.0,67.0,0.0,57.8,Moderate,60.0,50-64,Overweight,47.0,90.66666666666667,Low (1-2),0,0,0,1,0,0,0
PT100310,2024-10-01,CL01,66.0,Male,25.6,110.0,82.0,71.0,96.0,5.5,174.0,Non-Smoker,1.0,0.0,88.0,0.0,69.2,High,25.0,65+,Overweight,28.0,91.33333333333333,Low (1-2),0,0,0,0,0,0,1
PT100958,2024-10-02,CL03,50.0,Female,20.9,117.0,67.0,88.0,77.0,4.4,135.0,Smoker,3.0,1.0,61.0,2.0,47.9,Moderate,73.0,50-64,Normal,50.0,83.66666666666667,Moderate (3-4),0,0,0,0,0,1,0
PT101018,2024-10-02,CL05,46.0,Male,23.6,118.0,82.0,74.0,85.0,5.1,166.0,Non-Smoker,4.0,0.0,61.0,0.0,27.3,Low,311.0,35-49,Normal,36.0,94.0,Moderate (3-4),0,0,0,0,0,0,1
PT100278,2024-10-03,CL03,54.0,Male,30.1,119.0,81.0,77.0,83.0,5.4,243.0,Non-Smoker,1.0,0.0,97.0,2.0,31.0,Low,267.0,50-64,Obese,38.0,93.66666666666667,Low (1-2),0,0,0,0,0,0,1
PT100252,2024-10-04,CL05,70.0,Female,35.9,123.0,70.0,73.0,110.0,6.0,183.0,Non-Smoker,1.0,1.0,79.0,3.0,84.8,High,22.0,65+,Obese,53.0,87.66666666666667,Low (1-2),0,0,0,0,0,0,0
PT100251,2024-10-05,CL04,35.0,Female,28.1,108.0,77.0,82.0,90.0,5.2,233.0,Non-Smoker,5.0,0.0,92.0,0.0,12.5,Low,266.0,35-49,Overweight,31.0,87.33333333333333,High (5-7),0,0,0,0,0,0,0
PT100301,2024-10-06,CL05,25.0,Female,24.2,115.0,76.0,70.0,95.0,5.9,193.0,Non-Smoker,2.0,1.0,74.0,0.0,28.4,Low,220.0,18-34,Normal,39.0,89.0,Low (1-2),0,0,0,0,0,0,0
PT101148,2024-10-06,CL05,46.0,Female,24.7,125.0,83.0,79.0,86.0,4.7,217.0,Smoker,3.0,1.0,58.0,1.0,74.2,High,18.0,35-49,Normal,42.0,97.0,Moderate (3-4),0,0,0,0,0,1,0
PT101179,2024-10-06,CL01,18.0,Female,29.2,117.0,70.0,92.0,96.0,5.2,144.0,Smoker,2.0,0.0,79.0,0.0,17.8,Low,266.0,18-34,Overweight,47.0,85.66666666666667,Low (1-2),0,0,0,0,0,1,0
PT101181,2024-10-06,CL05,73.0,Female,25.8,131.0,89.0,73.0,103.0,6.0,,Non-Smoker,1.0,0.0,,0.0,93.2,High,19.0,65+,Overweight,42.0,103.0,Low (1-2),0,0,0,0,1,0,0
PT100646,2024-10-07,CL05,56.0,Male,21.6,95.0,76.0,81.0,79.0,5.1,182.0,Non-Smoker,5.0,0.0,,1.0,,Low,346.0,50-64,Normal,19.0,82.33333333333333,High (5-7),0,0,0,0,1,0,1
PT100839,2024-10-07,CL02,40.0,Male,21.5,123.0,73.0,77.0,75.0,4.7,137.0,Smoker,3.0,0.0,56.0,0.0,29.1,Low,233.0,35-49,Normal,50.0,89.66666666666667,Moderate (3-4),0,0,0,0,0,1,1
PT101028,2024-10-07,CL02,58.0,Female,32.4,135.0,85.0,78.0,88.0,5.7,,Non-Smoker,,0.0,66.0,2.0,72.2,High,22.0,50-64,Obese,50.0,101.66666666666667,,0,0,0,0,0,0,0
PT100357,2024-10-08,CL05,55.0,Female,29.8,103.0,56.0,82.0,102.0,5.4,,Non-Smoker,6.0,0.0,86.0,3.0,,Moderate,72.0,50-64,Overweight,47.0,71.66666666666667,High (5-7),0,0,0,0,0,0,0
PT101074,2024-10-09,,38.0,Female,28.8,114.0,85.0,74.0,95.0,5.2,153.0,Non-Smoker,3.0,1.0,66.0,4.0,18.4,Low,283.0,35-49,Overweight,29.0,94.66666666666667,Moderate (3-4),1,0,0,0,0,0,0
PT100098,2024-10-11,CL01,59.0,Male,29.6,134.0,79.0,76.0,94.0,5.5,207.0,Non-Smoker,2.0,0.0,75.0,2.0,73.5,High,21.0,50-64,Overweight,55.0,97.33333333333333,Low (1-2),0,0,0,0,0,0,1
PT101106,2024-10-11,CL05,40.0,Female,28.9,135.0,73.0,83.0,,4.7,,Non-Smoker,2.0,0.0,70.0,1.0,,Low,190.0,35-49,Overweight,62.0,93.66666666666667,Low (1-2),0,0,1,0,0,0,0
PT100052,2024-10-12,CL01,53.0,Male,29.4,120.0,73.0,64.0,105.0,,158.0,Non-Smoker,2.0,0.0,96.0,0.0,53.7,Moderate,89.0,50-64,Overweight,47.0,88.66666666666667,Low (1-2),0,0,0,1,0,0,1
PT100726,2024-10-12,CL01,55.0,Male,24.5,117.0,64.0,81.0,87.0,4.8,,Smoker,3.0,1.0,86.0,,71.0,High,27.0,50-64,Normal,53.0,81.66666666666667,Moderate (3-4),0,0,0,0,0,1,1
PT100762,2024-10-12,CL01,60.0,Female,27.7,102.0,60.0,83.0,103.0,5.4,172.0,Non-Smoker,3.0,0.0,84.0,2.0,44.2,Moderate,62.0,50-64,Overweight,42.0,74.0,Moderate (3-4),0,0,0,0,0,0,0
PT100071,2024-10-14,CL01,75.0,Male,24.0,118.0,81.0,82.0,87.0,5.2,211.0,Non-Smoker,1.0,1.0,98.0,6.0,61.2,Moderate,83.0,65+,Normal,37.0,93.33333333333333,Low (1-2),1,0,0,0,0,0,1
PT100046,2024-10-15,CL05,47.0,Male,34.2,94.0,74.0,72.0,98.0,5.5,,Non-Smoker,3.0,0.0,95.0,2.0,37.6,Moderate,66.0,35-49,Obese,20.0,80.66666666666667,Moderate (3-4),0,0,0,0,0,0,1
PT100630,2024-10-16,CL05,28.0,Male,24.3,115.0,75.0,81.0,88.0,6.0,185.0,Smoker,1.0,0.0,38.0,0.0,32.7,Low,202.0,18-34,Normal,40.0,88.33333333333333,Low (1-2),0,0,0,0,0,1,1
PT100578,2024-10-17,CL03,45.0,Female,18.9,130.0,70.0,76.0,,5.0,170.0,Smoker,3.0,1.0,85.0,2.0,66.1,High,15.0,35-49,Normal,60.0,90.0,Moderate (3-4),0,0,1,0,0,1,0
PT100843,2024-10-18,CL03,68.0,Male,24.6,124.0,74.0,73.0,93.0,5.6,207.0,Non-Smoker,3.0,1.0,58.0,3.0,68.9,High,23.0,65+,Normal,50.0,90.66666666666667,Moderate (3-4),0,0,0,0,0,0,1
PT100438,2024-10-19,CL03,55.0,Male,25.2,124.0,76.0,75.0,93.0,5.3,223.0,Non-Smoker,3.0,1.0,84.0,3.0,55.5,Moderate,84.0,50-64,Overweight,48.0,92.0,Moderate (3-4),0,0,0,0,0,0,1
PT100709,2024-10-20,CL03,40.0,Female,26.8,98.0,67.0,74.0,81.0,5.2,162.0,Non-Smoker,2.0,0.0,43.0,,22.1,Low,181.0,35-49,Overweight,31.0,77.33333333333333,Low (1-2),0,0,0,0,0,0,0
PT100539,2024-10-21,CL01,66.0,Male,26.3,113.0,67.0,77.0,87.0,4.9,260.0,Non-Smoker,2.0,0.0,,0.0,49.2,Moderate,87.0,65+,Overweight,46.0,82.33333333333333,Low (1-2),0,0,0,0,1,0,1
PT100378,2024-10-22,CL03,40.0,Female,34.1,120.0,69.0,84.0,94.0,5.5,218.0,Non-Smoker,,0.0,,1.0,50.1,Moderate,89.0,35-49,Obese,51.0,86.0,,0,0,0,0,1,0,0
PT100589,2024-10-22,CL01,37.0,Female,34.7,136.0,75.0,73.0,102.0,5.9,206.0,Non-Smoker,4.0,0.0,49.0,5.0,70.3,High,18.0,35-49,Obese,61.0,95.33333333333333,Moderate (3-4),1,0,0,0,0,0,0
PT101118,2024-10-22,CL05,54.0,Male,32.2,127.0,82.0,,102.0,5.8,218.0,Non-Smoker,5.0,0.0,67.0,2.0,59.7,Moderate,87.0,50-64,Obese,45.0,97.0,High (5-7),0,0,0,0,0,0,1
PT100898,2024-10-25,CL01,52.0,Male,37.7,123.0,79.0,67.0,104.0,6.0,199.0,Non-Smoker,4.0,0.0,74.0,1.0,59.0,Moderate,84.0,50-64,Obese,44.0,93.66666666666667,Moderate (3-4),0,0,0,0,0,0,1
PT100728,2024-10-26,CL01,50.0,Male,25.5,135.0,80.0,73.0,76.0,4.7,172.0,Smoker,2.0,0.0,84.0,2.0,50.3,Moderate,86.0,50-64,Overweight,55.0,98.33333333333333,Low (1-2),0,0,0,0,0,1,1
PT100293,2024-10-27,CL06,35.0,Male,19.7,118.0,81.0,81.0,80.0,4.7,173.0,Non-Smoker,7.0,0.0,69.0,1.0,6.7,Low,226.0,35-49,Normal,37.0,93.33333333333333,High (5-7),0,0,0,0,0,0,1
PT100695,2024-10-27,CL06,46.0,Male,25.9,108.0,69.0,83.0,90.0,5.1,129.0,Non-Smoker,0.0,0.0,90.0,1.0,23.6,Low,191.0,35-49,Overweight,39.0,82.0,None,0,0,0,0,0,0,1
PT101190,2024-10-27,CL04,76.0,Female,20.7,117.0,76.0,79.0,75.0,5.2,170.0,Non-Smoker,5.0,0.0,95.0,4.0,19.7,Low,321.0,65+,Normal,41.0,89.66666666666667,High (5-7),1,0,0,0,0,0,0
PT100385,2024-10-28,CL02,47.0,Male,31.7,120.0,79.0,75.0,104.0,5.7,250.0,Non-Smoker,4.0,,72.0,3.0,59.5,Moderate,66.0,35-49,Obese,41.0,92.66666666666667,Moderate (3-4),0,0,0,0,0,0,1
PT100233,2024-10-29,CL06,32.0,Male,24.1,109.0,71.0,66.0,80.0,5.3,192.0,Non-Smoker,5.0,0.0,71.0,0.0,17.6,Low,365.0,18-34,Normal,38.0,83.66666666666667,High (5-7),0,0,0,0,0,0,1
PT100494,2024-10-29,CL02,36.0,Female,25.2,98.0,59.0,79.0,90.0,5.3,156.0,,5.0,1.0,55.0,1.0,22.6,Low,356.0,35-49,Overweight,39.0,72.0,High (5-7),0,0,0,0,0,0,0
PT100802,2024-10-29,CL02,74.0,Male,27.9,118.0,81.0,77.0,111.0,5.8,217.0,Non-Smoker,2.0,0.0,62.0,2.0,77.6,High,19.0,65+,Overweight,37.0,93.33333333333333,Low (1-2),0,0,0,0,0,0,1
PT100984,2024-10-29,CL03,39.0,Male,20.5,107.0,71.0,68.0,77.0,4.8,207.0,Smoker,3.0,0.0,88.0,1.0,21.2,Low,232.0,35-49,Normal,36.0,83.0,Moderate (3-4),0,0,0,0,0,1,1
PT100131,2024-10-31,CL01,55.0,Male,37.9,119.0,71.0,69.0,91.0,4.8,201.0,Non-Smoker,4.0,1.0,46.0,1.0,65.0,High,26.0,50-64,Obese,48.0,87.0,Moderate (3-4),0,0,0,0,0,0,1
PT100396,2024-10-31,CL03,39.0,Female,26.5,,60.0,78.0,82.0,4.6,207.0,Non-Smoker,4.0,0.0,89.0,1.0,10.9,Low,319.0,35-49,Overweight,,,Moderate (3-4),0,0,0,0,0,0,0
PT100930,2024-11-01,CL04,26.0,Male,21.9,109.0,77.0,74.0,87.0,4.9,180.0,Smoker,2.0,0.0,41.0,0.0,30.2,Low,356.0,18-34,Normal,32.0,87.66666666666667,Low (1-2),0,0,0,0,0,1,1
PT101002,2024-11-01,CL03,63.0,Female,27.5,134.0,89.0,83.0,88.0,5.0,196.0,Smoker,1.0,0.0,64.0,2.0,85.8,High,16.0,50-64,Overweight,45.0,104.0,Low (1-2),0,0,0,0,0,1,0
PT101045,2024-11-01,CL01,67.0,Male,26.5,198.0,75.0,82.0,109.0,5.8,250.0,Non-Smoker,4.0,0.0,36.0,1.0,81.6,High,28.0,65+,Overweight,123.0,116.0,Moderate (3-4),0,0,0,0,0,0,1
PT100225,2024-11-04,CL02,44.0,Male,26.7,127.0,88.0,84.0,92.0,4.8,184.0,Smoker,1.0,0.0,74.0,1.0,65.5,High,25.0,35-49,Overweight,39.0,101.0,Low (1-2),0,0,0,0,0,1,1
PT100561,2024-11-04,CL01,58.0,Female,20.5,96.0,61.0,75.0,73.0,5.1,205.0,Non-Smoker,2.0,0.0,87.0,3.0,16.8,Low,325.0,50-64,Normal,35.0,72.66666666666667,Low (1-2),0,0,0,0,0,0,0
PT100801,2024-11-04,CL04,65.0,Female,25.9,118.0,82.0,,94.0,5.1,136.0,Non-Smoker,1.0,1.0,69.0,2.0,75.8,High,22.0,65+,Overweight,36.0,94.0,Low (1-2),0,0,0,0,0,0,0
PT101120,2024-11-04,CL06,32.0,Male,26.7,,60.0,70.0,84.0,5.1,187.0,Non-Smoker,3.0,0.0,83.0,1.0,14.3,Low,190.0,18-34,Overweight,,,Moderate (3-4),0,0,0,0,0,0,1
PT100431,2024-11-05,CL06,45.0,Female,27.8,122.0,70.0,64.0,92.0,5.6,230.0,Non-Smoker,4.0,0.0,77.0,2.0,16.8,Low,312.0,35-49,Overweight,52.0,87.33333333333333,Moderate (3-4),0,0,0,0,0,0,0
PT100876,2024-11-05,CL06,51.0,Male,27.2,111.0,76.0,75.0,103.0,,233.0,Non-Smoker,2.0,0.0,83.0,3.0,39.0,Moderate,78.0,50-64,Overweight,35.0,87.66666666666667,Low (1-2),0,0,0,1,0,0,1
PT100224,2024-11-06,CL06,55.0,Female,22.2,129.0,73.0,76.0,82.0,5.4,201.0,Non-Smoker,3.0,1.0,80.0,0.0,32.0,Low,344.0,50-64,Normal,56.0,91.66666666666667,Moderate (3-4),0,0,0,0,0,0,0
PT100133,2024-11-07,CL03,60.0,Male,25.0,122.0,70.0,83.0,95.0,5.4,184.0,Non-Smoker,,,71.0,5.0,54.6,Moderate,62.0,50-64,Overweight,52.0,87.33333333333333,,1,0,0,0,0,0,1
PT100170,2024-11-08,CL06,43.0,Female,23.7,102.0,69.0,98.0,71.0,4.2,206.0,Non-Smoker,3.0,0.0,,2.0,13.0,Low,307.0,35-49,Normal,33.0,80.0,Moderate (3-4),0,0,0,0,1,0,0
PT100212,2024-11-09,CL03,46.0,Female,33.9,119.0,59.0,65.0,105.0,6.2,231.0,Non-Smoker,2.0,1.0,60.0,3.0,79.4,High,20.0,35-49,Obese,60.0,79.0,Low (1-2),0,0,0,0,0,0,0
PT101095,2024-11-09,CL03,73.0,Female,23.5,,83.0,68.0,80.0,5.0,,Non-Smoker,2.0,0.0,82.0,1.0,59.7,Moderate,69.0,65+,Normal,,,Low (1-2),0,0,0,0,0,0,0
PT100093,2024-11-10,CL03,62.0,Female,36.2,120.0,78.0,66.0,98.0,,165.0,Non-Smoker,1.0,,74.0,3.0,76.1,High,20.0,50-64,Obese,42.0,92.0,Low (1-2),0,0,0,1,0,0,0
PT100100,2024-11-10,CL06,49.0,Male,33.2,143.0,82.0,88.0,107.0,6.1,136.0,Smoker,2.0,0.0,85.0,1.0,73.3,High,20.0,35-49,Obese,61.0,102.33333333333333,Low (1-2),0,0,0,0,0,1,1
PT100603,2024-11-10,CL06,76.0,Female,35.6,133.0,87.0,82.0,120.0,6.5,189.0,Non-Smoker,1.0,0.0,75.0,3.0,95.2,High,30.0,65+,Obese,46.0,102.33333333333333,Low (1-2),0,0,0,0,0,0,0
PT100714,2024-11-10,CL06,45.0,Female,28.6,125.0,77.0,71.0,91.0,5.2,219.0,Non-Smoker,2.0,1.0,85.0,3.0,33.2,Low,292.0,35-49,Overweight,48.0,93.0,Low (1-2),0,0,0,0,0,0,0
PT100913,2024-11-10,CL06,42.0,Female,29.7,116.0,67.0,81.0,99.0,5.8,203.0,Smoker,2.0,0.0,97.0,2.0,41.1,Moderate,74.0,35-49,Overweight,49.0,83.33333333333333,Low (1-2),0,0,0,0,0,1,0
PT100013,2024-11-11,CL04,90.0,Male,32.8,148.0,89.0,91.0,114.0,6.1,243.0,Non-Smoker,1.0,0.0,73.0,2.0,96.9,High,25.0,65+,Obese,59.0,108.66666666666667,Low (1-2),0,0,0,0,0,0,1
PT100275,2024-11-11,CL04,45.0,Male,26.5,113.0,76.0,67.0,87.0,4.9,204.0,Non-Smoker,1.0,0.0,68.0,1.0,23.4,Low,308.0,35-49,Overweight,37.0,88.33333333333333,Low (1-2),0,0,0,0,0,0,1
PT100333,2024-11-11,CL04,59.0,Female,24.5,110.0,70.0,68.0,76.0,4.9,181.0,Non-Smoker,3.0,0.0,72.0,2.0,17.9,Low,247.0,50-64,Normal,40.0,83.33333333333333,Moderate (3-4),0,0,0,0,0,0,0
PT100462,2024-11-11,CL01,42.0,Female,33.7,120.0,80.0,72.0,84.0,5.0,160.0,Non-Smoker,2.0,0.0,66.0,0.0,61.1,Moderate,74.0,35-49,Obese,40.0,93.33333333333333,Low (1-2),0,0,0,0,0,0,0
PT100172,2024-11-12,CL03,65.0,Female,27.2,137.0,91.0,58.0,107.0,5.7,268.0,Non-Smoker,,0.0,61.0,0.0,82.4,High,25.0,65+,Overweight,46.0,106.33333333333333,,0,0,0,0,0,0,0
PT100487,2024-11-12,CL03,66.0,Female,,,76.0,72.0,95.0,5.9,178.0,Non-Smoker,1.0,0.0,60.0,2.0,81.7,High,27.0,65+,,,,Low (1-2),0,1,0,0,0,0,0
PT100058,2024-11-14,CL03,55.0,Female,27.7,120.0,80.0,62.0,82.0,4.5,228.0,Non-Smoker,,0.0,79.0,2.0,56.7,Moderate,64.0,50-64,Overweight,40.0,93.33333333333333,,0,0,0,0,0,0,0
PT100231,2024-11-14,CL01,40.0,Female,24.3,95.0,56.0,86.0,77.0,4.7,136.0,Non-Smoker,2.0,0.0,96.0,2.0,10.1,Low,314.0,35-49,Normal,39.0,69.0,Low (1-2),0,0,0,0,0,0,0
PT100295,2024-11-14,CL05,34.0,Male,31.2,132.0,89.0,80.0,95.0,5.5,174.0,Smoker,1.0,0.0,75.0,0.0,53.1,Moderate,63.0,18-34,Obese,43.0,103.33333333333333,Low (1-2),0,0,0,0,0,1,1
PT101039,2024-11-14,CL03,62.0,Female,26.2,148.0,96.0,72.0,102.0,6.2,220.0,Non-Smoker,2.0,0.0,78.0,3.0,80.4,High,28.0,50-64,Overweight,52.0,113.33333333333333,Low (1-2),0,0,0,0,0,0,0
PT100249,2024-11-15,CL02,69.0,Female,23.8,92.0,64.0,66.0,130.0,6.9,234.0,Smoker,2.0,0.0,,5.0,68.1,High,21.0,65+,Normal,28.0,73.33333333333333,Low (1-2),1,0,0,0,1,1,0
PT100382,2024-11-15,CL06,57.0,Female,24.9,121.0,75.0,78.0,88.0,5.1,,Non-Smoker,3.0,0.0,51.0,0.0,31.4,Low,291.0,50-64,Normal,46.0,90.33333333333333,Moderate (3-4),0,0,0,0,0,0,0
PT100391,2024-11-15,CL04,66.0,Male,23.4,132.0,82.0,56.0,162.0,7.6,223.0,Non-Smoker,4.0,0.0,89.0,2.0,92.6,High,28.0,65+,Normal,50.0,98.66666666666667,Moderate (3-4),0,0,0,0,0,0,1
PT100478,2024-11-15,CL04,38.0,Male,29.2,129.0,76.0,80.0,92.0,5.5,,Non-Smoker,2.0,0.0,81.0,3.0,64.4,Moderate,74.0,35-49,Overweight,53.0,93.66666666666667,Low (1-2),0,0,0,0,0,0,1
PT100542,2024-11-15,CL03,44.0,Female,31.7,110.0,79.0,61.0,83.0,,,Non-Smoker,4.0,0.0,,0.0,35.4,Moderate,72.0,35-49,Obese,31.0,89.33333333333333,Moderate (3-4),0,0,0,1,1,0,0
PT100553,2024-11-15,CL01,56.0,Male,26.3,119.0,80.0,91.0,,5.8,185.0,Smoker,2.0,0.0,96.0,0.0,58.1,Moderate,69.0,50-64,Overweight,39.0,93.0,Low (1-2),0,0,1,0,0,1,1
PT100772,2024-11-17,CL03,68.0,Female,26.2,122.0,77.0,68.0,90.0,5.3,205.0,Smoker,3.0,0.0,60.0,1.0,79.0,High,18.0,65+,Overweight,45.0,92.0,Moderate (3-4),0,0,0,0,0,1,0
PT100952,2024-11-17,CL02,57.0,Male,36.2,131.0,71.0,61.0,93.0,5.4,203.0,Smoker,1.0,0.0,78.0,2.0,78.1,High,20.0,50-64,Obese,60.0,91.0,Low (1-2),0,0,0,0,0,1,1
PT101153,2024-11-17,CL01,60.0,Female,,126.0,80.0,61.0,92.0,5.3,161.0,Non-Smoker,4.0,0.0,66.0,2.0,55.1,Moderate,85.0,50-64,,46.0,95.33333333333333,Moderate (3-4),0,1,0,0,0,0,0
PT100313,2024-11-18,CL02,49.0,Female,,136.0,,83.0,93.0,5.2,240.0,Non-Smoker,4.0,0.0,66.0,1.0,75.5,High,14.0,35-49,,,,Moderate (3-4),0,1,0,0,0,0,0
PT100428,2024-11-20,CL05,26.0,Male,25.9,114.0,75.0,74.0,83.0,4.8,141.0,Smoker,1.0,0.0,,1.0,15.5,Low,357.0,18-34,Overweight,39.0,88.0,Low (1-2),0,0,0,0,1,1,1
PT100910,2024-11-20,CL02,46.0,Female,22.4,137.0,69.0,64.0,80.0,4.4,114.0,Non-Smoker,4.0,0.0,71.0,0.0,28.9,Low,260.0,35-49,Normal,68.0,91.66666666666667,Moderate (3-4),0,0,0,0,0,0,0
PT101062,2024-11-21,CL04,63.0,Female,30.2,122.0,82.0,74.0,84.0,5.4,167.0,Non-Smoker,2.0,0.0,84.0,5.0,67.7,High,15.0,50-64,Obese,40.0,95.33333333333333,Low (1-2),1,0,0,0,0,0,0
PT100220,2024-11-22,CL02,24.0,Male,21.8,116.0,70.0,75.0,76.0,4.6,197.0,Smoker,4.0,0.0,69.0,1.0,19.3,Low,301.0,18-34,Normal,46.0,85.33333333333333,Moderate (3-4),0,0,0,0,0,1,1
PT100518,2024-11-22,CL04,54.0,Female,26.9,128.0,68.0,78.0,92.0,5.6,225.0,Non-Smoker,1.0,0.0,75.0,0.0,83.0,High,18.0,50-64,Overweight,60.0,88.0,Low (1-2),0,0,0,0,0,0,0
PT100344,2024-11-23,CL03,56.0,Male,30.2,118.0,93.0,87.0,103.0,,241.0,Non-Smoker,2.0,0.0,33.0,2.0,84.4,High,26.0,50-64,Obese,25.0,101.33333333333333,Low (1-2),0,0,0,1,0,0,1
PT101041,2024-11-23,CL01,48.0,Female,29.9,126.0,77.0,76.0,90.0,5.5,,Smoker,4.0,0.0,77.0,1.0,58.7,Moderate,67.0,35-49,Overweight,49.0,93.33333333333333,Moderate (3-4),0,0,0,0,0,1,0
PT100128,2024-11-24,CL01,22.0,Male,22.6,108.0,67.0,71.0,78.0,4.9,165.0,Non-Smoker,,0.0,69.0,0.0,10.1,Low,194.0,18-34,Normal,41.0,80.66666666666667,,0,0,0,0,0,0,1
PT100508,2024-11-24,CL05,59.0,Male,26.4,122.0,84.0,79.0,96.0,5.1,147.0,Non-Smoker,2.0,1.0,72.0,4.0,46.4,Moderate,73.0,50-64,Overweight,38.0,96.66666666666667,Low (1-2),1,0,0,0,0,0,1
PT100786,2024-11-24,CL02,47.0,Female,23.3,101.0,67.0,83.0,86.0,4.8,144.0,Non-Smoker,1.0,0.0,82.0,0.0,4.8,Low,308.0,35-49,Normal,34.0,78.33333333333333,Low (1-2),0,0,0,0,0,0,0
PT101175,2024-11-27,CL03,65.0,Male,22.7,127.0,,76.0,88.0,5.2,202.0,Smoker,2.0,1.0,68.0,4.0,86.6,High,28.0,65+,Normal,,,Low (1-2),1,0,0,0,0,1,1
PT100636,2024-11-29,CL01,27.0,Male,22.4,107.0,69.0,69.0,74.0,4.3,231.0,Non-Smoker,3.0,0.0,63.0,0.0,13.9,Low,290.0,18-34,Normal,38.0,81.66666666666667,Moderate (3-4),0,0,0,0,0,0,1
PT100143,2024-11-30,CL06,36.0,Male,20.9,104.0,60.0,74.0,85.0,5.0,218.0,Non-Smoker,2.0,0.0,82.0,1.0,23.2,Low,353.0,35-49,Normal,44.0,74.66666666666667,Low (1-2),0,0,0,0,0,0,1
PT100370,2024-12-01,CL06,85.0,Female,25.4,142.0,86.0,99.0,97.0,4.9,286.0,Non-Smoker,3.0,0.0,79.0,3.0,93.0,High,26.0,65+,Overweight,56.0,104.66666666666667,Moderate (3-4),0,0,0,0,0,0,0
PT101088,2024-12-01,CL05,42.0,Female,21.6,94.0,63.0,53.0,77.0,4.6,145.0,Non-Smoker,2.0,0.0,,0.0,14.5,Low,320.0,35-49,Normal,31.0,73.33333333333333,Low (1-2),0,0,0,0,1,0,0
PT100331,2024-12-03,CL04,45.0,Male,29.0,,74.0,75.0,,5.0,206.0,Non-Smoker,3.0,0.0,73.0,0.0,22.5,Low,209.0,35-49,Overweight,,,Moderate (3-4),0,0,1,0,0,0,1
PT100604,2024-12-03,CL04,76.0,Female,21.2,163.0,95.0,78.0,82.0,4.7,183.0,Non-Smoker,4.0,1.0,,3.0,83.0,High,14.0,65+,Normal,68.0,117.66666666666667,Moderate (3-4),0,0,0,0,1,0,0
PT100811,2024-12-03,CL01,59.0,Male,25.7,121.0,,77.0,95.0,5.4,231.0,,0.0,0.0,71.0,2.0,76.7,High,17.0,50-64,Overweight,,,None,0,0,0,0,0,0,1
PT100983,2024-12-03,CL04,73.0,Male,26.1,119.0,69.0,58.0,97.0,5.9,208.0,Non-Smoker,1.0,1.0,93.0,5.0,64.1,Moderate,69.0,65+,Overweight,50.0,85.66666666666667,Low (1-2),1,0,0,0,0,0,1
PT100998,2024-12-03,CL01,68.0,Male,28.1,125.0,,75.0,98.0,5.8,156.0,Smoker,,1.0,87.0,1.0,84.4,High,29.0,65+,Overweight,,,,0,0,0,0,0,1,1
PT100113,2024-12-04,CL02,56.0,Male,25.4,127.0,70.0,77.0,92.0,5.3,,Smoker,2.0,0.0,74.0,4.0,55.1,Moderate,73.0,50-64,Overweight,57.0,89.0,Low (1-2),1,0,0,0,0,1,1
PT100277,2024-12-04,CL02,46.0,Male,30.2,114.0,86.0,94.0,86.0,5.3,166.0,Non-Smoker,1.0,0.0,73.0,1.0,38.4,Moderate,72.0,35-49,Obese,28.0,95.33333333333333,Low (1-2),0,0,0,0,0,0,1
PT100270,2024-12-05,CL01,60.0,Female,,121.0,76.0,68.0,,5.1,,Non-Smoker,,1.0,59.0,0.0,60.8,Moderate,63.0,50-64,,45.0,91.0,,0,1,1,0,0,0,0
PT100414,2024-12-05,CL06,39.0,Male,22.0,99.0,46.0,60.0,86.0,5.2,196.0,Smoker,3.0,0.0,61.0,2.0,26.9,Low,252.0,35-49,Normal,53.0,63.666666666666664,Moderate (3-4),0,0,0,0,0,1,1
PT100268,2024-12-06,CL01,32.0,Female,22.6,93.0,63.0,67.0,79.0,4.7,,Non-Smoker,4.0,1.0,83.0,1.0,16.0,Low,216.0,18-34,Normal,30.0,73.0,Moderate (3-4),0,0,0,0,0,0,0
PT100437,2024-12-06,CL01,53.0,Female,23.2,125.0,79.0,91.0,93.0,5.2,209.0,Non-Smoker,,1.0,69.0,1.0,71.5,High,16.0,50-64,Normal,46.0,94.33333333333333,,0,0,0,0,0,0,0
PT100814,2024-12-06,CL03,86.0,Female,31.3,127.0,82.0,73.0,229.0,9.8,202.0,Non-Smoker,3.0,1.0,59.0,3.0,99.5,High,20.0,65+,Obese,45.0,97.0,Moderate (3-4),0,0,0,0,0,0,0
PT100199,2024-12-08,CL01,37.0,Female,26.3,92.0,60.0,78.0,71.0,4.4,182.0,Non-Smoker,4.0,1.0,,0.0,7.8,Low,251.0,35-49,Overweight,32.0,70.66666666666667,Moderate (3-4),0,0,0,0,1,0,0
PT100179,2024-12-09,CL06,76.0,Female,24.3,126.0,86.0,,91.0,5.2,201.0,Non-Smoker,4.0,0.0,94.0,4.0,68.1,High,23.0,65+,Normal,40.0,99.33333333333333,Moderate (3-4),1,0,0,0,0,0,0
PT100406,2024-12-09,CL05,72.0,Female,34.8,125.0,84.0,73.0,107.0,6.4,175.0,Non-Smoker,3.0,1.0,74.0,1.0,55.0,Moderate,68.0,65+,Obese,41.0,97.66666666666667,Moderate (3-4),0,0,0,0,0,0,0
PT100883,2024-12-09,CL06,,Female,22.1,132.0,85.0,59.0,86.0,5.4,104.0,Non-Smoker,4.0,0.0,87.0,0.0,27.7,Low,271.0,,Normal,47.0,100.66666666666667,Moderate (3-4),0,0,0,0,0,0,0
PT100142,2024-12-10,CL03,45.0,Male,31.4,120.0,70.0,75.0,105.0,6.3,236.0,Non-Smoker,4.0,0.0,41.0,0.0,82.2,High,21.0,35-49,Obese,50.0,86.66666666666667,Moderate (3-4),0,0,0,0,0,0,1
PT100189,2024-12-10,CL04,25.0,Female,20.8,111.0,73.0,75.0,74.0,4.9,147.0,Smoker,4.0,1.0,93.0,,26.1,Low,305.0,18-34,Normal,38.0,85.66666666666667,Moderate (3-4),0,0,0,0,0,1,0
PT100211,2024-12-10,CL04,51.0,Male,32.9,119.0,79.0,71.0,104.0,6.2,210.0,Non-Smoker,3.0,1.0,64.0,2.0,74.0,High,15.0,50-64,Obese,40.0,92.33333333333333,Moderate (3-4),0,0,0,0,0,0,1
PT100440,2024-12-11,CL04,49.0,Female,21.6,111.0,70.0,56.0,,5.1,185.0,Non-Smoker,4.0,0.0,77.0,1.0,20.9,Low,203.0,35-49,Normal,41.0,83.66666666666667,Moderate (3-4),0,0,1,0,0,0,0
PT101111,2024-12-11,CL01,75.0,Male,30.5,129.0,75.0,77.0,186.0,8.2,259.0,Non-Smoker,1.0,0.0,68.0,4.0,96.3,High,26.0,65+,Obese,54.0,93.0,Low (1-2),1,0,0,0,0,0,1
PT101116,2024-12-11,CL01,36.0,Male,27.3,105.0,76.0,69.0,91.0,4.8,115.0,Non-Smoker,5.0,0.0,89.0,0.0,8.1,Low,192.0,35-49,Overweight,29.0,85.66666666666667,High (5-7),0,0,0,0,0,0,1
PT100563,2024-12-12,CL05,48.0,Female,23.5,130.0,78.0,73.0,85.0,5.0,268.0,Non-Smoker,3.0,0.0,93.0,2.0,13.2,Low,237.0,35-49,Normal,52.0,95.33333333333333,Moderate (3-4),0,0,0,0,0,0,0
PT100350,2024-12-13,CL01,73.0,Female,41.4,122.0,77.0,87.0,116.0,6.4,420.0,Non-Smoker,1.0,0.0,77.0,0.0,93.4,High,21.0,65+,Obese,45.0,92.0,Low (1-2),0,0,0,0,0,0,0
PT100955,2024-12-13,CL06,63.0,Female,24.7,110.0,82.0,83.0,104.0,5.5,199.0,Non-Smoker,,0.0,,0.0,57.1,Moderate,68.0,50-64,Normal,28.0,91.33333333333333,,0,0,0,0,1,0,0
PT100424,2024-12-14,CL01,84.0,Male,23.7,130.0,76.0,79.0,112.0,6.0,265.0,Non-Smoker,1.0,0.0,76.0,4.0,90.9,High,27.0,65+,Normal,54.0,94.0,Low (1-2),1,0,0,0,0,0,1
PT100472,2024-12-14,CL03,85.0,Female,22.4,127.0,91.0,70.0,94.0,5.7,222.0,Non-Smoker,1.0,0.0,,6.0,82.2,High,30.0,65+,Normal,36.0,103.0,Low (1-2),1,0,0,0,1,0,0
PT100480,2024-12-15,CL02,51.0,Female,23.9,129.0,78.0,68.0,100.0,5.6,,Smoker,2.0,1.0,70.0,2.0,72.8,High,30.0,50-64,Normal,51.0,95.0,Low (1-2),0,0,0,0,0,1,0
PT100136,2024-12-16,CL01,35.0,Female,17.9,93.0,62.0,65.0,70.0,4.5,157.0,Non-Smoker,5.0,1.0,97.0,0.0,5.3,Low,274.0,35-49,Underweight,31.0,72.33333333333333,High (5-7),0,0,0,0,0,0,0
PT100227,2024-12-16,CL01,48.0,Female,24.6,113.0,69.0,78.0,81.0,5.1,180.0,Non-Smoker,3.0,0.0,92.0,0.0,10.7,Low,329.0,35-49,Normal,44.0,83.66666666666667,Moderate (3-4),0,0,0,0,0,0,0
PT100799,2024-12-16,CL04,46.0,Male,23.7,132.0,73.0,61.0,87.0,5.2,183.0,Non-Smoker,2.0,0.0,68.0,2.0,21.9,Low,311.0,35-49,Normal,59.0,92.66666666666667,Low (1-2),0,0,0,0,0,0,1
PT101026,2024-12-17,CL02,60.0,Female,34.3,149.0,89.0,73.0,91.0,4.5,219.0,Non-Smoker,2.0,0.0,69.0,2.0,86.4,High,20.0,50-64,Obese,60.0,109.0,Low (1-2),0,0,0,0,0,0,0
PT100155,2024-12-18,CL01,60.0,Female,26.7,111.0,62.0,80.0,99.0,5.5,222.0,Smoker,3.0,0.0,87.0,3.0,59.6,Moderate,73.0,50-64,Overweight,49.0,78.33333333333333,Moderate (3-4),0,0,0,0,0,1,0
PT100290,2024-12-18,CL01,62.0,Male,23.1,130.0,90.0,73.0,84.0,5.2,164.0,Smoker,1.0,0.0,,2.0,52.5,Moderate,79.0,50-64,Normal,40.0,103.33333333333333,Low (1-2),0,0,0,0,1,1,1
PT100574,2024-12-18,CL05,38.0,Female,19.5,103.0,66.0,63.0,92.0,5.5,183.0,Non-Smoker,5.0,0.0,84.0,1.0,21.7,Low,272.0,35-49,Normal,37.0,78.33333333333333,High (5-7),0,0,0,0,0,0,0
PT100870,2024-12-19,CL01,72.0,Female,27.0,119.0,,70.0,90.0,5.0,163.0,Non-Smoker,1.0,0.0,71.0,2.0,,Low,280.0,65+,Overweight,,,Low (1-2),0,0,0,0,0,0,0
PT100961,2024-12-20,CL03,54.0,Male,24.1,127.0,89.0,69.0,83.0,5.0,198.0,Non-Smoker,4.0,0.0,56.0,0.0,61.3,Moderate,62.0,50-64,Normal,38.0,101.66666666666667,Moderate (3-4),0,0,0,0,0,0,1
PT101004,2024-12-20,,42.0,Female,28.5,147.0,82.0,80.0,97.0,5.7,178.0,Non-Smoker,3.0,1.0,68.0,1.0,67.0,High,23.0,35-49,Overweight,65.0,103.66666666666667,Moderate (3-4),0,0,0,0,0,0,0
PT101193,2024-12-20,CL05,70.0,Male,23.4,111.0,73.0,72.0,107.0,5.5,176.0,Non-Smoker,4.0,0.0,,2.0,43.4,Moderate,71.0,65+,Normal,38.0,85.66666666666667,Moderate (3-4),0,0,0,0,1,0,1
PT100819,2024-12-21,CL04,58.0,Female,25.9,123.0,84.0,69.0,91.0,4.8,208.0,Non-Smoker,4.0,1.0,96.0,3.0,47.4,Moderate,65.0,50-64,Overweight,39.0,97.0,Moderate (3-4),0,0,0,0,0,0,0
PT100971,2024-12-22,CL02,49.0,Male,23.9,118.0,75.0,54.0,86.0,5.1,232.0,Non-Smoker,,0.0,56.0,3.0,36.7,Moderate,86.0,35-49,Normal,43.0,89.33333333333333,,0,0,0,0,0,0,1
PT101012,2024-12-22,CL03,64.0,Male,28.2,134.0,92.0,81.0,93.0,5.5,,Smoker,2.0,0.0,62.0,0.0,82.0,High,26.0,50-64,Overweight,42.0,106.0,Low (1-2),0,0,0,0,0,1,1
PT100253,2024-12-23,CL03,61.0,Female,31.9,119.0,78.0,77.0,99.0,5.2,280.0,Non-Smoker,3.0,0.0,49.0,3.0,89.2,High,21.0,50-64,Obese,41.0,91.66666666666667,Moderate (3-4),0,0,0,0,0,0,0
PT100403,2024-12-24,CL05,41.0,Female,30.1,128.0,70.0,67.0,82.0,5.2,274.0,Non-Smoker,2.0,1.0,88.0,2.0,70.5,High,23.0,35-49,Obese,58.0,89.33333333333333,Low (1-2),0,0,0,0,0,0,0
PT100749,2024-12-24,CL05,66.0,Female,29.4,133.0,69.0,71.0,99.0,6.2,,Non-Smoker,2.0,0.0,75.0,0.0,76.4,High,17.0,65+,Overweight,64.0,90.33333333333333,Low (1-2),0,0,0,0,0,0,0
PT101134,2024-12-24,CL04,40.0,Male,22.9,127.0,84.0,68.0,74.0,5.3,145.0,,5.0,0.0,84.0,1.0,8.2,Low,204.0,35-49,Normal,43.0,98.33333333333333,High (5-7),0,0,0,0,0,0,1
PT100355,2024-12-25,CL03,59.0,Female,,120.0,81.0,64.0,97.0,6.0,210.0,Smoker,1.0,0.0,81.0,0.0,75.3,High,15.0,50-64,,39.0,94.0,Low (1-2),0,1,0,0,0,1,0
PT100217,2024-12-26,CL01,77.0,Female,34.4,136.0,88.0,77.0,114.0,6.5,145.0,Non-Smoker,3.0,0.0,81.0,0.0,83.5,High,21.0,65+,Obese,48.0,104.0,Moderate (3-4),0,0,0,0,0,0,0
PT100879,2024-12-26,CL04,70.0,Female,27.5,125.0,88.0,82.0,99.0,6.0,249.0,Non-Smoker,1.0,0.0,57.0,,65.1,High,26.0,65+,Overweight,37.0,100.33333333333333,Low (1-2),0,0,0,0,0,0,0
PT100368,2024-12-27,CL04,52.0,Female,25.1,122.0,68.0,61.0,83.0,5.2,210.0,Non-Smoker,1.0,,,1.0,48.6,Moderate,77.0,50-64,Overweight,54.0,86.0,Low (1-2),0,0,0,0,1,0,0
PT100838,2024-12-27,,28.0,Female,23.6,71.0,50.0,72.0,67.0,,209.0,Non-Smoker,6.0,1.0,69.0,1.0,1.8,Low,228.0,18-34,Normal,21.0,57.0,High (5-7),0,0,0,1,0,0,0
PT100556,2024-12-28,,73.0,Female,30.0,139.0,87.0,61.0,88.0,5.3,226.0,Non-Smoker,2.0,1.0,84.0,5.0,88.1,High,26.0,65+,Obese,52.0,104.33333333333333,Low (1-2),1,0,0,0,0,0,0
PT100758,2024-12-28,CL06,54.0,Female,30.7,144.0,78.0,77.0,94.0,5.8,190.0,Non-Smoker,,0.0,54.0,1.0,59.5,Moderate,85.0,50-64,Obese,66.0,100.0,,0,0,0,0,0,0,0
PT100775,2024-12-28,CL01,60.0,Male,31.4,122.0,78.0,68.0,90.0,5.2,267.0,Non-Smoker,6.0,0.0,83.0,3.0,72.3,High,18.0,50-64,Obese,44.0,92.66666666666667,High (5-7),0,0,0,0,0,0,1
PT100120,2024-12-29,CL04,63.0,Female,29.1,131.0,79.0,67.0,94.0,5.3,183.0,Non-Smoker,3.0,1.0,,4.0,60.2,Moderate,80.0,50-64,Overweight,52.0,96.33333333333333,Moderate (3-4),1,0,0,0,1,0,0
PT100722,2024-12-31,CL03,63.0,Male,30.2,106.0,73.0,86.0,87.0,4.8,227.0,Non-Smoker,4.0,0.0,81.0,2.0,68.6,High,15.0,50-64,Obese,33.0,84.0,Moderate (3-4),0,0,0,0,0,0,1
PT100807,2024-12-31,CL04,77.0,Female,31.3,127.0,78.0,77.0,143.0,7.0,223.0,Non-Smoker,2.0,0.0,98.0,4.0,91.6,High,26.0,65+,Obese,49.0,94.33333333333333,Low (1-2),1,0,0,0,0,0,0
PT100234,,CL03,58.0,Female,34.5,113.0,62.0,94.0,99.0,5.3,232.0,Smoker,1.0,1.0,74.0,1.0,90.2,High,23.0,50-64,Obese,51.0,79.0,Low (1-2),0,0,0,0,0,1,0
PT100304,,CL03,30.0,Female,26.6,119.0,80.0,54.0,,,174.0,Non-Smoker,5.0,0.0,93.0,,31.8,Low,190.0,18-34,Overweight,39.0,93.0,High (5-7),0,0,1,1,0,0,0
PT100579,,CL05,53.0,Male,28.7,128.0,84.0,80.0,82.0,5.0,168.0,Non-Smoker,2.0,0.0,95.0,,59.3,Moderate,61.0,50-64,Overweight,44.0,98.66666666666667,Low (1-2),0,0,0,0,0,0,1
PT100625,,CL06,64.0,Female,,131.0,76.0,66.0,81.0,5.2,168.0,Non-Smoker,3.0,0.0,,1.0,60.0,Moderate,67.0,50-64,,55.0,94.33333333333333,Moderate (3-4),0,1,0,0,1,0,0
PT100628,,CL01,62.0,Male,34.8,154.0,92.0,74.0,92.0,5.4,172.0,Non-Smoker,4.0,0.0,97.0,1.0,63.1,Moderate,63.0,50-64,Obese,62.0,112.66666666666667,Moderate (3-4),0,0,0,0,0,0,1
PT100885,,,51.0,Female,30.2,134.0,84.0,73.0,167.0,8.0,217.0,Non-Smoker,4.0,0.0,73.0,3.0,88.8,High,23.0,50-64,Obese,50.0,100.66666666666667,Moderate (3-4),0,0,0,0,0,0,0
PT100929,,CL03,54.0,Female,22.9,118.0,67.0,73.0,79.0,5.0,209.0,,3.0,1.0,,2.0,49.4,Moderate,73.0,50-64,Normal,51.0,84.0,Moderate (3-4),0,0,0,0,1,0,0
PT101056,,CL04,46.0,Male,31.5,139.0,,80.0,98.0,5.8,179.0,Non-Smoker,4.0,0.0,77.0,0.0,49.6,Moderate,89.0,35-49,Obese,,,Moderate (3-4),0,0,0,0,0,0,1
PT101195,,CL05,63.0,Female,23.0,147.0,89.0,80.0,94.0,5.6,263.0,Non-Smoker,2.0,0.0,,1.0,74.4,High,25.0,50-64,Normal,58.0,108.33333333333333,Low (1-2),0,0,0,0,1,0,0
