patient_id,visit_date,clinic_id,age,sex,bmi,systolic_bp,diastolic_bp,heart_rate,fasting_glucose,hba1c,total_cholesterol,smoking_status,exercise_days_per_week,family_history_flag,medication_adherence_pct,visits_last_year,risk_score,risk_group,follow_up_days
PT100042,2023-01-01,CL05,,Male,20.9,115,80,80,69,4.3,177,Non-Smoker,4,0,,0,23.4,Low,277
PT100791,2023-01-03,CL01,82,Male,26.3,137,85,61,109,5.7,255,Non-Smoker,1,0,76.0,2,83.2,High,14
PT100228,2023-01-04,CL03,40,Male,56.6,,104,68,148,7.2,239,Non-Smoker,4,0,,2,99.3,High,25
PT100389,2023-01-04,CL01,42,Male,30.6,91,60,66,91,5.7,227,Non-Smoker,4,0,80.0,1,33.1,Low,211
PT100817,2023-01-04,CL06,55,Female,22.5,102,67,80,79,5.3,,Smoker,1,0,64.0,2,43.7,Moderate,88
PT100834,2023-01-04,CL04,40,Female,28.7,129,80,74,89,,206,Non-Smoker,3,1,84.0,1,45.8,Moderate,75
PT100001,2023-01-05,CL05,86,Male,30.9,143,80,66,101,5.9,256,Non-Smoker,2,0,,,96.2,High,23
PT100246,2023-01-05,CL05,59,Female,,,85,68,96,5.3,172,Non-Smoker,3,0,86.0,2,81.7,High,27
PT100999,2023-01-06,CL06,34,Female,36.0,137,77,92,97,5.1,215,Smoker,4,1,73.0,0,84.3,High,28
PT100043,2023-01-07,CL04,45,Male,27.3,122,72,74,,4.7,128,Non-Smoker,2,0,86.0,0,33.3,Low,194
PT100703,2023-01-11,CL01,23,Male,31.3,109,67,74,87,5.4,149,Non-Smoker,7,0,,0,7.5,Low,301
PT100736,2023-01-12,CL04,63,Female,24.9,120,78,68,91,5.3,187,Smoker,3,0,,1,51.9,Moderate,74
PT100575,2023-01-13,CL05,29,Male,22.0,106,71,80,80,4.7,123,Non-Smoker,2,0,78.0,1,8.7,Low,334
PT101105,2023-01-13,CL01,61,Female,26.4,118,81,70,107,6.1,220,Non-Smoker,1,1,95.0,5,73.4,High,20
PT100312,2023-01-18,CL02,60,Female,29.2,118,82,84,98,5.7,201,Non-Smoker,3,0,74.0,4,57.3,Moderate,73
PT100719,2023-01-18,CL04,53,Female,23.8,99,62,66,88,5.4,135,Non-Smoker,3,1,57.0,0,39.9,Moderate,88
PT100909,2023-01-18,CL02,54,Male,24.2,126,77,77,96,5.4,170,Non-Smoker,3,1,63.0,3,76.9,High,29
PT101042,2023-01-18,CL04,61,Male,26.1,120,85,69,100,5.6,173,Non-Smoker,2,,81.0,3,39.3,Moderate,77
PT100010,2023-01-20,CL03,34,Female,23.2,112,74,88,73,4.3,222,Smoker,4,0,93.0,1,21.3,Low,220
PT100069,2023-01-20,CL01,62,Female,32.4,164,86,59,91,5.3,161,Non-Smoker,2,0,76.0,6,84.8,High,18
PT100236,2023-01-20,CL05,55,Male,32.0,123,69,94,108,5.5,144,Non-Smoker,2,1,87.0,1,72.9,High,28
PT101086,2023-01-20,CL04,61,Male,21.5,124,78,49,81,5.0,159,Non-Smoker,4,0,85.0,2,25.4,Low,244
PT100159,2023-01-23,CL04,18,Male,19.9,100,74,77,66,4.8,205,Non-Smoker,3,1,97.0,2,8.5,Low,194
PT101058,2023-01-23,CL01,52,Female,30.3,112,56,82,87,5.0,188,Non-Smoker,4,0,84.0,1,25.4,Low,303
PT101137,2023-01-23,CL03,42,Male,44.5,115,,84,116,6.8,249,Smoker,2,0,63.0,2,88.9,High,24
PT100099,2023-01-24,CL01,42,Male,21.8,131,81,79,92,5.4,179,Smoker,3,1,71.0,4,59.3,Moderate,78
PT100551,2023-01-24,CL03,52,Male,30.4,133,91,81,108,5.9,194,Smoker,1,1,43.0,3,81.2,High,14
PT100466,2023-01-26,CL04,53,Female,23.7,111,66,68,105,5.9,,Non-Smoker,5,0,79.0,2,22.0,Low,352
PT100920,2023-01-26,CL03,75,Male,58.1,129,77,54,96,6.0,206,Non-Smoker,1,0,,2,75.4,High,17
PT100364,2023-01-27,CL01,60,Male,26.5,116,68,70,99,6.1,208,Non-Smoker,4,1,73.0,1,67.7,High,14
PT101145,2023-01-28,CL02,31,Male,35.6,100,60,67,101,5.6,261,Non-Smoker,5,0,87.0,1,15.9,Low,206
PT100230,2023-01-29,CL01,55,Male,24.4,,66,71,89,4.6,181,Non-Smoker,2,1,,3,35.5,Moderate,75
PT100840,2023-01-29,CL03,71,Female,24.3,103,83,74,92,4.8,184,Non-Smoker,2,0,75.0,4,45.6,Moderate,67
PT100328,2023-01-30,CL03,67,Male,24.3,128,76,65,138,7.2,280,Smoker,3,1,87.0,,92.3,High,26
PT100372,2023-01-30,CL02,58,Male,31.1,114,73,85,102,5.5,185,Non-Smoker,3,0,80.0,0,74.2,High,18
PT100481,2023-01-30,CL02,51,Female,26.2,111,72,61,88,4.9,241,,4,1,68.0,1,59.1,Moderate,82
PT100122,2023-02-02,CL04,73,Female,30.2,143,100,64,305,12.1,228,Non-Smoker,5,0,72.0,5,99.6,High,19
PT100380,2023-02-02,CL04,56,Female,23.6,122,81,63,86,,,Non-Smoker,3,0,61.0,1,50.3,Moderate,83
PT100613,2023-02-03,CL06,64,Male,25.5,118,69,71,96,5.7,279,Smoker,1,0,78.0,3,85.5,High,29
PT100963,2023-02-03,CL01,36,Male,25.7,94,59,70,,4.5,167,Non-Smoker,2,0,93.0,0,16.1,Low,219
PT100484,2023-02-05,CL02,70,Female,28.4,121,77,74,87,5.3,223,Smoker,1,0,,2,77.5,High,20
PT100012,2023-02-06,CL06,38,Female,26.0,130,71,74,99,6.2,209,Non-Smoker,5,1,84.0,1,39.0,Moderate,88
PT100938,2023-02-06,CL01,73,Female,26.6,119,77,78,159,7.8,184,Smoker,2,1,84.0,4,97.1,High,15
PT100105,2023-02-07,CL05,36,Female,27.2,90,61,80,79,4.7,166,Non-Smoker,4,0,86.0,5,7.1,Low,316
PT100572,2023-02-07,CL05,55,Female,31.2,110,64,74,122,6.0,185,Non-Smoker,3,1,81.0,,49.2,Moderate,80
PT101064,2023-02-07,CL04,29,Male,34.0,97,65,71,89,4.8,185,Non-Smoker,6,0,72.0,2,23.4,Low,356
PT100218,2023-02-08,CL01,32,Female,28.7,110,66,72,86,5.6,184,Non-Smoker,4,0,85.0,0,7.4,Low,234
PT100088,2023-02-10,CL03,32,Female,22.3,101,56,76,84,5.1,213,Non-Smoker,3,0,70.0,2,,Low,358
PT101052,2023-02-10,CL01,56,Female,26.2,129,82,76,100,5.3,158,Non-Smoker,4,1,81.0,1,44.4,Moderate,75
PT100957,2023-02-11,CL05,35,Male,29.8,138,86,65,88,5.0,140,Non-Smoker,5,0,87.0,1,41.1,Moderate,68
PT100257,2023-02-12,CL05,52,Male,29.8,138,76,80,,5.5,,Non-Smoker,,0,68.0,3,69.3,High,29
PT100784,2023-02-12,CL04,59,Female,26.7,148,70,78,,5.1,241,Non-Smoker,0,0,88.0,1,65.4,High,30
PT101109,2023-02-12,CL06,33,Female,26.6,139,82,75,114,6.0,194,,1,1,,1,80.6,High,20
PT100060,2023-02-13,CL01,62,Female,25.0,111,61,70,88,4.9,202,Non-Smoker,4,1,68.0,,70.8,High,29
PT100388,2023-02-13,CL06,41,Female,26.0,109,73,65,92,5.5,201,Non-Smoker,4,1,88.0,1,26.6,Low,362
PT100713,2023-02-13,CL05,52,Female,23.3,119,89,79,83,4.9,116,Non-Smoker,2,0,59.0,0,52.5,Moderate,83
PT100789,2023-02-13,CL05,45,Male,24.9,129,80,71,86,4.7,182,Non-Smoker,3,0,,1,27.1,Low,287
PT100582,2023-02-14,CL03,68,Male,35.1,113,70,76,98,5.8,225,Non-Smoker,3,0,80.0,,58.8,Moderate,89
PT101101,2023-02-14,CL01,54,Male,24.2,103,73,75,,5.7,186,Smoker,6,0,79.0,1,23.8,Low,227
PT101133,2023-02-14,CL01,47,Male,,107,53,77,103,5.7,184,Non-Smoker,2,1,63.0,,59.1,Moderate,74
PT100125,2023-02-15,CL01,73,Male,22.7,130,72,,85,5.0,245,Non-Smoker,2,0,62.0,1,70.1,High,17
PT100404,2023-02-16,,44,Female,31.0,110,73,79,92,5.2,206,Non-Smoker,3,0,83.0,0,37.2,Moderate,82
PT100488,2023-02-16,CL02,59,Female,36.8,132,95,84,109,5.4,226,Non-Smoker,3,0,85.0,2,82.8,High,30
PT100040,2023-02-18,CL04,47,Male,23.0,144,92,80,84,5.0,192,Non-Smoker,1,1,87.0,1,28.9,Low,325
PT100311,2023-02-18,CL03,52,Male,25.0,133,94,60,89,5.2,182,Smoker,4,0,87.0,4,65.2,High,29
PT100564,2023-02-18,CL04,,Female,24.1,129,77,84,,5.4,222,Smoker,4,1,57.0,1,74.3,High,15
PT101161,2023-02-19,CL01,79,Female,31.9,98,53,76,93,5.5,,Non-Smoker,1,0,86.0,3,53.8,Moderate,73
PT100305,2023-02-20,CL05,78,Male,28.7,135,77,85,113,5.6,145,Non-Smoker,1,0,91.0,3,88.7,High,26
PT100395,2023-02-20,CL01,63,Female,28.4,111,80,76,79,5.3,231,Non-Smoker,2,0,71.0,2,46.9,Moderate,71
PT100755,2023-02-20,CL04,78,Female,26.8,143,83,73,98,5.6,168,Non-Smoker,2,0,,4,78.8,High,29
PT100191,2023-02-21,CL06,38,Female,,,89,80,109,6.3,,Non-Smoker,2,1,68.0,1,66.2,High,28
PT100670,2023-02-21,CL02,84,Female,25.5,154,86,70,390,5.8,170,Non-Smoker,4,0,36.0,3,97.0,High,17
PT101011,2023-02-21,CL04,78,Male,36.5,127,75,89,114,6.2,200,Non-Smoker,2,1,60.0,3,92.6,High,20
PT100877,2023-02-22,CL02,52,Female,29.8,134,74,80,110,6.2,194,,3,0,81.0,2,73.0,High,29
PT100935,2023-02-22,CL05,37,Male,23.0,130,73,62,87,4.7,148,Non-Smoker,3,0,68.0,,41.7,Moderate,79
PT101132,2023-02-22,CL03,46,Female,,162,96,75,92,5.5,238,Non-Smoker,4,1,41.0,2,91.9,High,17
PT101136,2023-02-24,CL02,51,Female,27.9,116,78,82,96,5.3,237,Non-Smoker,,0,,1,53.1,Moderate,73
PT100079,2023-02-26,CL03,53,Female,24.7,113,65,69,80,5.0,162,Non-Smoker,3,1,75.0,3,47.6,Moderate,74
PT100269,2023-02-26,CL01,30,Female,23.9,100,78,57,97,5.7,198,Smoker,4,1,75.0,5,28.6,Low,196
PT100456,2023-02-26,CL01,71,Male,26.3,150,85,65,104,5.8,214,,2,0,29.0,1,89.2,High,16
PT101180,2023-02-26,CL01,25,Female,27.5,119,74,74,92,5.5,165,Non-Smoker,,1,77.0,0,29.2,Low,197
PT100352,2023-03-01,CL01,40,Male,25.1,107,73,71,88,,155,Non-Smoker,4,0,75.0,1,29.3,Low,182
PT100734,2023-03-01,CL02,64,Female,25.9,108,68,78,110,6.2,132,Non-Smoker,0,1,92.0,4,62.9,Moderate,67
PT100235,2023-03-02,CL06,60,Male,21.0,125,66,68,,5.2,180,Non-Smoker,3,1,92.0,3,38.3,Moderate,61
PT100921,2023-03-04,CL01,60,Female,22.8,130,76,80,103,6.1,223,Non-Smoker,3,0,96.0,3,71.0,High,27
PT101143,2023-03-04,CL05,64,Male,21.3,126,83,54,83,5.3,245,Non-Smoker,3,0,47.0,2,58.4,Moderate,77
PT100129,2023-03-05,CL01,56,Male,24.5,123,69,82,95,5.7,189,Smoker,1,0,85.0,1,55.9,Moderate,72
PT100465,2023-03-05,CL03,40,Female,31.9,124,73,71,95,5.5,167,Non-Smoker,1,0,89.0,0,56.4,Moderate,72
PT100881,2023-03-05,CL02,49,Female,31.9,116,83,81,96,5.4,188,Non-Smoker,1,0,68.0,1,61.6,Moderate,79
PT101135,2023-03-06,CL06,58,Male,,106,71,72,95,5.7,217,Non-Smoker,2,0,,0,57.0,Moderate,82
PT100454,2023-03-07,CL01,64,Female,33.0,122,77,78,98,6.2,192,Smoker,3,1,82.0,3,83.8,High,14
PT100848,2023-03-07,CL04,70,Male,28.5,149,90,47,92,5.4,199,Non-Smoker,3,0,89.0,1,79.1,High,18
PT101128,2023-03-07,CL04,52,Male,33.6,120,79,80,83,4.1,210,Non-Smoker,4,0,82.0,0,15.7,Low,208
PT100512,2023-03-08,CL05,24,Male,20.4,88,67,66,115,6.3,127,Non-Smoker,5,1,96.0,0,6.8,Low,238
PT100416,2023-03-10,,48,Male,22.1,128,83,75,86,5.8,224,Smoker,2,0,94.0,3,48.9,Moderate,71
PT101014,2023-03-10,CL06,67,Male,19.6,125,72,80,85,5.4,167,Non-Smoker,4,0,93.0,2,46.3,Moderate,73
PT100053,2023-03-11,CL05,66,Female,29.8,149,88,81,93,5.4,179,Non-Smoker,2,0,70.0,0,79.6,High,15
PT100194,2023-03-11,CL05,53,Male,24.4,122,67,60,195,9.2,215,Smoker,3,1,84.0,6,98.4,High,23
PT100342,2023-03-12,CL06,25,Female,27.3,98,69,69,98,5.7,,Non-Smoker,4,0,76.0,1,7.6,Low,263
PT100884,2023-03-13,CL03,61,Female,27.0,130,77,73,98,5.7,204,Non-Smoker,2,0,73.0,2,61.6,Moderate,61
PT101019,2023-03-13,CL01,90,Female,28.7,151,85,75,103,5.3,241,Non-Smoker,3,0,99.0,0,83.5,High,29
PT100072,2023-03-14,CL02,39,Male,,102,77,68,73,4.8,187,Non-Smoker,6,0,90.0,2,7.4,Low,339
PT100102,2023-03-14,CL04,58,Female,20.6,119,64,,92,5.2,130,Smoker,1,1,,3,71.2,High,20
PT100557,2023-03-14,CL02,53,Female,26.4,109,59,69,89,5.3,169,Non-Smoker,3,0,85.0,3,44.8,Moderate,66
PT100635,2023-03-14,CL01,63,Male,33.0,123,82,65,208,9.6,245,Non-Smoker,4,1,86.0,2,97.4,High,15
PT100943,2023-03-14,CL01,39,Male,26.8,127,79,81,78,5.1,170,Non-Smoker,2,0,76.0,3,28.0,Low,331
PT100282,2023-03-15,CL01,37,Male,,102,77,62,68,5.0,196,Non-Smoker,5,0,80.0,0,6.7,Low,364
PT100023,2023-03-17,,74,Female,30.4,120,80,78,115,6.2,217,Smoker,1,1,65.0,6,95.6,High,16
PT100115,2023-03-17,CL01,44,Male,24.5,117,77,91,89,6.0,241,Non-Smoker,0,0,94.0,2,58.1,Moderate,78
PT100156,2023-03-17,CL04,60,Female,33.2,121,70,94,371,,179,Non-Smoker,3,0,56.0,3,77.3,High,16
PT100223,2023-03-17,CL04,59,Female,23.8,142,80,71,102,5.4,,Non-Smoker,1,0,63.0,2,76.0,High,25
PT101097,2023-03-17,CL01,56,Female,26.8,110,74,71,98,5.5,125,Non-Smoker,3,0,64.0,3,29.5,Low,230
PT100075,2023-03-18,CL01,53,Male,39.6,134,73,75,106,5.9,214,Non-Smoker,2,0,,2,89.5,High,25
PT100215,2023-03-18,CL04,47,Male,23.7,130,72,66,89,5.3,175,Non-Smoker,3,,58.0,1,32.4,Low,211
PT100953,2023-03-19,CL02,50,Male,28.9,122,81,79,103,6.1,189,Smoker,4,1,,2,60.9,Moderate,62
PT100104,2023-03-20,CL06,62,Female,30.7,112,73,71,82,4.4,235,Non-Smoker,5,0,,1,54.9,Moderate,72
PT100546,2023-03-20,CL03,18,Female,19.9,93,56,80,77,,153,Non-Smoker,4,0,75.0,0,7.9,Low,287
PT101091,2023-03-20,CL02,43,Male,21.1,102,65,69,83,4.8,168,Non-Smoker,3,1,81.0,6,20.6,Low,201
PT100677,2023-03-21,CL06,54,Male,28.9,97,64,75,103,6.1,158,Non-Smoker,2,0,81.0,2,55.2,Moderate,69
PT100750,2023-03-21,CL05,75,Female,29.3,128,67,65,98,5.4,,Non-Smoker,2,0,60.0,2,89.1,High,18
PT100634,2023-03-22,CL02,23,Female,31.6,83,65,71,105,5.5,217,Smoker,4,0,71.0,2,66.8,High,22
PT101191,2023-03-23,CL03,58,Male,31.7,123,62,70,86,5.2,219,Non-Smoker,1,0,,2,75.5,High,16
PT100511,2023-03-24,CL01,49,Female,26.3,120,87,72,81,4.9,184,Non-Smoker,3,0,70.0,0,45.3,Moderate,64
PT100627,2023-03-24,CL05,44,Male,25.8,123,84,74,72,4.3,236,Non-Smoker,3,0,51.0,0,55.7,Moderate,79
PT100323,2023-03-25,CL02,38,Female,28.4,93,62,68,99,6.0,178,Non-Smoker,5,0,93.0,3,25.8,Low,209
PT100453,2023-03-25,CL04,45,Female,28.5,118,66,70,,5.5,202,Smoker,1,0,58.0,0,91.6,High,23
PT100106,2023-03-26,CL04,73,Male,30.6,141,74,83,102,5.4,180,Smoker,1,0,79.0,3,92.7,High,21
PT100281,2023-03-27,CL01,67,Male,27.9,126,81,62,160,7.7,196,Non-Smoker,2,0,70.0,3,90.9,High,28
PT100386,2023-03-27,CL06,90,Female,28.5,117,76,77,98,5.3,186,Non-Smoker,2,1,88.0,3,70.4,High,21
PT100300,2023-03-28,,45,Female,25.0,112,73,65,94,5.3,202,Non-Smoker,4,0,52.0,2,48.0,Moderate,86
PT100761,2023-03-28,CL04,74,Female,23.5,136,82,60,88,5.2,155,Non-Smoker,3,0,90.0,3,70.7,High,18
PT100905,2023-03-28,CL06,41,Female,27.4,,73,89,94,5.8,142,Non-Smoker,2,1,68.0,1,40.9,Moderate,70
PT100970,2023-03-28,CL01,38,Male,19.4,117,64,60,71,5.0,166,Non-Smoker,,0,75.0,0,5.5,Low,353
PT101130,2023-03-29,CL06,60,Female,28.7,135,80,73,85,5.2,190,Non-Smoker,1,0,80.0,5,71.0,High,19
PT100110,2023-03-31,CL06,49,Female,25.8,120,78,70,91,5.4,229,Non-Smoker,4,1,74.0,2,48.1,Moderate,78
PT100949,2023-03-31,CL05,49,Male,21.6,94,74,69,92,5.3,148,Smoker,3,0,83.0,1,17.9,Low,324
PT101099,2023-03-31,CL05,76,Male,,140,87,83,103,5.9,196,Smoker,1,0,48.0,2,91.9,High,22
PT100523,2023-04-01,CL01,22,Female,24.6,107,71,65,75,5.1,187,Non-Smoker,3,0,87.0,0,6.2,Low,343
PT100423,2023-04-03,CL01,46,Female,27.5,120,73,75,,5.4,177,Non-Smoker,2,0,75.0,3,64.8,Moderate,81
PT100430,2023-04-03,CL05,50,Female,28.4,135,82,74,131,7.1,184,Non-Smoker,1,1,95.0,5,83.0,High,14
PT100150,2023-04-04,CL01,52,Female,28.3,102,79,81,79,5.3,,,2,0,74.0,0,36.3,Moderate,82
PT100297,2023-04-04,CL06,90,Male,26.2,153,100,93,177,8.4,219,Non-Smoker,0,0,78.0,8,99.3,High,24
PT100419,2023-04-04,CL01,53,,26.9,133,72,80,91,5.2,188,Smoker,2,1,68.0,1,69.5,High,15
PT100509,2023-04-04,CL03,64,Male,25.8,124,90,86,108,5.9,124,Smoker,1,0,74.0,2,78.4,High,21
PT100664,2023-04-04,CL01,24,Female,19.6,119,84,72,69,4.9,139,Non-Smoker,4,0,78.0,1,3.4,Low,359
PT100765,2023-04-04,,79,Female,28.5,157,90,71,155,7.5,162,Smoker,2,1,91.0,2,96.8,High,22
PT100948,2023-04-04,CL05,55,Female,23.5,118,67,78,88,4.9,235,Non-Smoker,5,1,54.0,1,61.5,Moderate,66
PT101113,2023-04-04,CL04,61,Female,28.7,129,86,58,77,4.9,235,,3,0,84.0,3,48.9,Moderate,86
PT100299,2023-04-05,CL05,61,Female,27.2,114,70,71,99,5.4,230,Non-Smoker,4,0,65.0,3,64.6,Moderate,90
PT100622,2023-04-06,,53,Male,34.7,140,80,79,96,5.5,161,Smoker,,0,64.0,1,89.7,High,26
PT100702,2023-04-06,CL02,24,Female,24.8,,47,74,74,4.6,198,Non-Smoker,5,0,94.0,1,1.9,Low,209
PT100887,2023-04-06,CL02,38,Male,19.3,108,58,69,83,5.3,187,Non-Smoker,,0,76.0,1,8.8,Low,315
PT100031,2023-04-07,CL04,28,Female,31.7,119,72,74,92,5.1,209,Smoker,3,0,81.0,0,62.2,Moderate,76
PT101138,2023-04-07,CL03,42,Female,26.7,120,74,79,97,5.2,213,Smoker,1,1,84.0,2,70.4,High,20
PT100361,2023-04-08,CL06,54,Female,21.5,127,87,66,75,4.4,145,Non-Smoker,4,0,70.0,2,26.1,Low,357
PT101127,2023-04-08,CL03,69,Female,,109,72,74,93,5.3,191,Non-Smoker,1,1,73.0,2,73.8,High,27
PT100080,2023-04-09,CL05,55,Female,21.8,127,86,75,63,4.2,176,Smoker,4,0,49.0,2,50.0,Moderate,74
PT100869,2023-04-09,CL01,,Female,,121,83,77,107,5.9,215,Non-Smoker,6,1,89.0,2,44.4,Moderate,69
PT100908,2023-04-09,CL01,46,Female,28.6,111,76,56,132,6.8,155,Non-Smoker,3,0,66.0,4,,High,22
PT100327,2023-04-10,CL05,54,Male,23.2,92,71,85,82,5.1,165,Non-Smoker,2,0,55.0,2,14.3,Low,208
PT100336,2023-04-13,CL04,54,Male,22.5,139,88,77,93,5.4,139,Non-Smoker,1,0,91.0,2,60.2,Moderate,79
PT100804,2023-04-13,CL03,57,Female,29.9,118,80,78,92,5.7,174,Non-Smoker,3,0,53.0,0,51.5,Moderate,90
PT100849,2023-04-13,CL01,39,Male,27.5,121,70,84,87,5.3,193,Non-Smoker,1,0,,1,60.0,Moderate,61
PT101114,2023-04-14,CL06,24,Female,26.0,126,69,76,78,4.3,139,Non-Smoker,4,1,96.0,2,13.0,Low,344
PT100119,2023-04-15,CL03,25,Male,28.9,115,78,73,90,5.3,179,Smoker,3,1,46.0,3,,Moderate,61
PT100658,2023-04-18,CL02,69,Male,35.6,129,74,81,101,5.3,278,Non-Smoker,3,1,80.0,0,93.8,High,26
PT100489,2023-04-19,CL03,43,Female,25.1,99,53,71,79,4.5,280,Non-Smoker,2,0,71.0,,10.2,Low,288
PT100491,2023-04-19,CL04,41,Female,24.0,114,65,65,101,,276,Non-Smoker,3,0,92.0,0,46.1,Moderate,66
PT100669,2023-04-19,CL02,69,Female,,143,94,69,116,5.9,220,Non-Smoker,3,1,64.0,4,98.6,High,28
PT100263,2023-04-20,CL02,59,Male,25.2,138,85,69,97,5.6,213,Smoker,1,1,74.0,2,89.1,High,14
PT100239,2023-04-21,CL01,58,Male,24.3,114,66,,88,5.8,236,Non-Smoker,1,0,87.0,1,45.7,Moderate,68
PT100486,2023-04-23,CL02,31,Female,22.2,82,55,46,88,5.5,,Non-Smoker,6,0,82.0,1,,Low,244
PT100638,2023-04-23,CL04,39,Female,29.0,109,69,73,82,5.0,192,Non-Smoker,,0,96.0,1,22.9,Low,305
PT101168,2023-04-23,CL03,42,Female,28.4,108,,76,80,5.2,205,Non-Smoker,3,1,62.0,2,35.2,Moderate,71
PT100392,2023-04-24,CL01,47,Female,29.7,114,73,77,99,5.8,193,Smoker,2,0,67.0,0,62.1,Moderate,60
PT100853,2023-04-25,CL05,32,Female,22.5,118,,65,84,,238,Smoker,3,1,,1,48.3,Moderate,87
PT101003,2023-04-25,CL01,65,Female,25.1,136,91,72,102,5.7,193,Smoker,2,0,93.0,0,80.3,High,16
PT100027,2023-04-26,CL03,37,Male,22.9,104,56,65,,,154,Smoker,3,0,91.0,1,29.8,Low,282
PT100468,2023-04-26,CL06,36,Female,26.4,109,71,68,86,4.7,141,Non-Smoker,3,0,67.0,1,18.6,Low,197
PT100951,2023-04-27,CL03,18,Male,19.6,111,58,78,,,188,,2,0,81.0,2,8.7,Low,327
PT100260,2023-04-28,CL03,52,Male,22.6,113,76,64,118,6.6,168,Non-Smoker,3,0,51.0,0,49.6,Moderate,84
PT100763,2023-04-28,CL01,26,Male,25.2,112,78,77,91,4.2,140,Smoker,2,1,92.0,2,44.8,Moderate,86
PT100927,2023-04-28,CL01,42,Female,26.1,117,73,72,86,6.0,204,Smoker,4,0,74.0,0,25.2,Low,185
PT100965,2023-04-28,CL06,71,Female,27.0,134,98,75,82,5.6,,Non-Smoker,1,0,87.0,7,70.6,High,24
PT100033,2023-04-29,CL02,67,Male,25.8,100,69,74,78,4.7,199,Non-Smoker,3,,70.0,0,31.0,Low,
PT100533,2023-04-29,CL02,28,Female,28.6,101,63,,80,4.9,147,Non-Smoker,5,0,60.0,0,6.9,Low,190
PT100922,2023-04-29,CL05,25,,32.2,221,66,,94,5.3,135,Non-Smoker,1,,50.0,0,57.2,Moderate,81
PT100320,2023-04-30,CL06,51,Female,43.7,132,86,58,108,6.1,189,Non-Smoker,4,0,92.0,2,89.3,High,28
PT100871,2023-05-01,CL04,74,Female,27.8,127,79,99,100,,145,Non-Smoker,3,0,56.0,3,83.6,High,27
PT100196,2023-05-02,CL01,25,Male,29.6,116,78,72,97,5.6,204,Non-Smoker,4,0,77.0,1,26.0,Low,300
PT101159,2023-05-03,CL03,81,Female,34.1,128,92,69,121,5.9,206,Non-Smoker,1,1,83.0,1,92.6,High,30
PT100540,2023-05-04,CL05,90,Female,26.0,143,86,59,89,5.4,193,Non-Smoker,2,0,84.0,,78.8,High,29
PT100649,2023-05-04,CL04,27,Male,28.0,122,75,82,88,5.0,199,Non-Smoker,5,1,91.0,3,26.2,Low,334
PT101117,2023-05-04,CL01,24,Female,26.4,92,65,80,76,5.4,185,Smoker,2,0,68.0,0,34.2,Low,245
PT101124,2023-05-04,CL01,57,Male,34.6,133,84,65,98,5.9,226,Non-Smoker,3,1,64.0,2,87.1,High,30
PT100134,2023-05-05,CL02,67,Female,30.3,107,71,73,98,5.4,186,Non-Smoker,3,0,99.0,0,59.4,Moderate,64
PT100780,2023-05-05,CL05,39,Male,24.4,118,83,70,95,6.0,249,Smoker,1,0,65.0,2,45.1,Moderate,83
PT101162,2023-05-05,CL04,37,Male,19.9,105,74,79,75,4.8,159,Smoker,0,0,97.0,0,40.0,Moderate,89
PT100050,2023-05-06,CL01,59,Female,23.0,121,86,67,98,5.7,187,Non-Smoker,3,0,54.0,3,42.6,Moderate,70
PT100405,2023-05-06,CL06,38,Female,21.9,87,69,63,66,4.3,203,Non-Smoker,4,0,74.0,0,2.9,Low,296
PT100857,2023-05-07,CL04,46,Female,25.9,109,,74,93,,200,Non-Smoker,2,0,,2,43.5,Moderate,68
PT100531,2023-05-08,CL04,86,Female,24.3,125,85,67,96,5.0,180,Non-Smoker,2,0,97.0,5,80.1,High,25
PT100697,2023-05-08,CL04,40,Female,28.3,120,75,79,76,5.0,160,Smoker,2,1,68.0,0,54.7,Moderate,86
PT100889,2023-05-08,CL01,50,Male,21.6,106,75,,89,5.2,121,Non-Smoker,2,0,97.0,1,15.2,Low,283
PT100078,2023-05-09,CL04,61,Female,22.4,104,65,60,86,5.4,185,Non-Smoker,1,0,85.0,2,41.4,Moderate,70
PT100652,2023-05-09,CL06,18,Male,20.1,128,68,71,80,4.9,115,Smoker,4,0,81.0,0,17.1,Low,297
PT100688,2023-05-09,CL06,64,Female,,130,,,109,6.2,174,Non-Smoker,2,0,87.0,1,69.4,High,26
PT100796,2023-05-09,CL02,45,Female,24.1,107,76,66,90,5.5,150,Non-Smoker,3,1,83.0,0,14.9,Low,269
PT100083,2023-05-12,CL05,38,Female,30.7,113,69,65,108,6.1,218,Non-Smoker,3,0,74.0,2,31.8,Low,229
PT100213,2023-05-13,CL01,64,Male,23.2,125,71,82,85,5.2,187,Smoker,3,0,98.0,1,78.3,High,23
PT100687,2023-05-13,CL03,63,Female,27.5,130,78,83,101,5.0,194,Non-Smoker,2,1,,3,94.3,High,29
PT100526,2023-05-14,CL02,69,Female,,116,74,64,99,5.9,223,,2,0,36.0,1,73.8,High,20
PT100699,2023-05-15,CL04,53,Male,32.7,,69,65,113,6.2,270,Non-Smoker,2,0,83.0,0,81.2,High,18
PT100341,2023-05-16,CL01,40,Male,23.6,118,75,82,80,5.0,,Non-Smoker,3,,77.0,2,,Low,351
PT100529,2023-05-16,CL05,57,Female,22.9,121,75,72,99,5.4,176,Non-Smoker,1,0,,4,64.0,Moderate,77
PT100890,2023-05-16,CL04,77,Male,29.4,148,91,75,118,6.2,263,Smoker,2,0,91.0,2,97.7,High,18
PT100959,2023-05-17,CL03,53,Male,24.0,123,81,79,83,5.6,,Non-Smoker,4,0,84.0,0,39.3,Moderate,87
PT101129,2023-05-17,CL04,57,Male,24.5,,92,56,91,4.9,226,Non-Smoker,1,0,80.0,4,74.4,High,26
PT100274,2023-05-18,CL03,72,Male,28.4,124,72,73,101,5.9,215,Non-Smoker,4,0,,3,71.1,High,27
PT100338,2023-05-18,CL04,53,Female,23.9,116,75,90,90,5.8,187,Non-Smoker,4,0,88.0,2,23.8,Low,193
PT100544,2023-05-18,CL06,45,Female,23.8,115,70,51,89,5.5,190,Non-Smoker,3,0,92.0,3,17.6,Low,317
PT100994,2023-05-18,CL01,58,Male,27.4,147,84,79,88,5.0,175,Non-Smoker,,0,64.0,1,62.2,Moderate,87
PT100410,2023-05-19,CL06,90,Male,33.3,137,85,73,110,6.5,254,Non-Smoker,2,1,80.0,5,97.4,High,17
PT100645,2023-05-19,CL04,67,Female,30.2,125,84,70,110,6.0,155,Non-Smoker,1,0,66.0,4,87.7,High,30
PT100856,2023-05-19,CL03,43,Female,23.1,109,70,76,93,5.3,157,Non-Smoker,4,0,53.0,0,29.7,Low,342
PT100794,2023-05-21,CL01,27,Female,37.1,123,85,68,96,5.9,,Non-Smoker,5,,48.0,2,73.9,High,19
PT100895,2023-05-21,CL05,24,Male,27.6,130,79,71,,4.8,186,Non-Smoker,3,1,75.0,1,16.5,Low,263
PT100154,2023-05-22,,40,Male,20.2,115,77,80,80,4.6,186,Non-Smoker,5,0,66.0,1,14.4,Low,187
PT100461,2023-05-22,CL03,51,Female,25.9,123,87,75,104,5.9,249,Non-Smoker,1,0,61.0,2,71.6,High,27
PT100593,2023-05-22,CL02,63,Male,28.7,140,75,64,88,5.2,226,Non-Smoker,4,0,98.0,4,71.0,High,25
PT100066,2023-05-23,CL03,70,Female,22.9,128,81,79,86,5.4,196,Smoker,1,0,49.0,4,71.0,High,19
PT100451,2023-05-23,CL01,59,Male,28.3,131,83,75,109,6.1,166,Smoker,2,0,,0,87.2,High,30
PT100490,2023-05-23,CL03,28,Female,38.3,129,82,65,,6.2,172,Non-Smoker,,,69.0,1,,Moderate,75
PT100782,2023-05-23,CL06,61,Female,21.0,,74,68,90,,234,Non-Smoker,,0,88.0,0,43.9,Moderate,87
PT100858,2023-05-23,CL05,24,Female,25.1,84,57,79,80,5.5,164,Non-Smoker,4,0,87.0,2,6.6,Low,219
PT100753,2023-05-24,CL02,47,Male,23.6,136,75,70,82,,206,Smoker,2,0,86.0,0,65.1,High,18
PT100413,2023-05-25,CL01,43,Male,29.6,98,60,74,101,5.8,174,Non-Smoker,3,0,70.0,0,61.5,Moderate,80
PT100640,2023-05-25,CL05,45,Male,20.5,126,77,80,93,5.5,134,Non-Smoker,2,0,90.0,0,39.8,Moderate,62
PT100111,2023-05-26,CL03,62,Female,31.8,141,79,81,85,4.7,167,Smoker,3,,81.0,0,66.0,High,21
PT100345,2023-05-26,CL05,26,Male,19.7,130,79,66,75,4.3,187,Non-Smoker,3,0,98.0,0,17.4,Low,307
PT100624,2023-05-26,CL03,48,Male,22.9,116,76,74,86,4.8,149,Smoker,2,0,72.0,0,56.0,Moderate,85
PT100415,2023-05-27,CL01,36,Female,24.2,100,60,82,68,4.5,155,Non-Smoker,2,0,95.0,4,7.6,Low,334
PT100888,2023-05-27,CL01,74,Female,21.4,140,82,69,82,4.9,195,Non-Smoker,4,1,82.0,,74.4,High,14
PT100500,2023-05-28,CL03,57,Female,27.7,113,83,83,114,6.9,198,Smoker,2,1,,3,80.3,High,21
PT101104,2023-05-28,CL05,30,Female,27.8,94,,94,93,5.5,170,Non-Smoker,4,0,87.0,0,10.7,Low,305
PT100243,2023-05-29,CL02,85,Female,31.9,131,79,76,95,5.2,193,Non-Smoker,3,1,53.0,3,94.1,High,29
PT100373,2023-05-29,CL02,68,Male,24.9,126,71,70,105,5.2,190,Smoker,3,0,76.0,1,70.9,High,25
PT100365,2023-05-30,CL04,53,Male,25.1,126,86,76,90,5.9,253,Non-Smoker,3,1,83.0,1,74.4,High,21
PT100096,2023-05-31,CL04,48,Male,24.5,101,72,70,86,4.9,241,Non-Smoker,3,0,,1,31.7,Low,287
PT100470,2023-05-31,CL03,54,Male,23.5,97,64,72,84,5.0,128,Non-Smoker,1,0,97.0,2,7.4,Low,231
PT100679,2023-05-31,CL01,38,Female,26.7,119,74,53,92,5.3,,Non-Smoker,5,0,81.0,0,26.4,Low,355
PT101183,2023-05-31,CL01,41,Male,26.2,145,80,63,85,4.8,170,Smoker,2,0,83.0,1,57.9,Moderate,77
PT100074,2023-06-01,CL02,63,Male,27.0,105,51,81,104,5.6,204,Non-Smoker,0,0,72.0,3,68.6,High,15
PT101033,2023-06-01,CL03,45,Female,27.5,152,91,85,70,5.0,208,Non-Smoker,4,0,69.0,2,39.0,Moderate,64
PT100841,2023-06-02,CL01,56,Male,25.0,115,69,,119,,132,Non-Smoker,4,1,84.0,0,54.9,Moderate,60
PT100842,2023-06-02,CL05,23,Female,24.9,89,47,62,90,5.3,141,Non-Smoker,,1,,1,10.7,Low,207
PT100123,2023-06-03,CL01,28,Female,,122,70,78,97,5.7,,Non-Smoker,3,0,89.0,1,21.3,Low,270
PT100897,2023-06-04,CL02,40,Female,,119,88,79,105,5.5,151,Non-Smoker,3,0,72.0,1,43.4,Moderate,80
PT100928,2023-06-04,CL05,30,Female,27.7,110,66,60,70,4.6,181,Non-Smoker,4,1,97.0,1,11.6,Low,221
PT101126,2023-06-04,CL03,63,Male,25.3,126,80,66,99,5.6,214,Non-Smoker,4,0,77.0,0,53.0,Moderate,62
PT100044,2023-06-05,CL02,51,Female,20.1,93,60,78,87,4.9,268,Non-Smoker,3,1,67.0,3,13.9,Low,240
PT100832,2023-06-05,CL03,57,Female,28.0,124,70,67,90,4.8,187,Non-Smoker,3,0,75.0,1,54.4,Moderate,89
PT100070,2023-06-06,CL03,65,Male,22.3,117,82,70,106,5.1,211,Non-Smoker,4,0,65.0,5,70.0,High,22
PT100202,2023-06-06,CL06,48,Female,34.8,124,80,89,92,5.4,196,Non-Smoker,4,1,48.0,2,91.1,High,14
PT100334,2023-06-06,CL05,55,Female,33.0,129,72,80,123,6.5,206,Smoker,1,0,88.0,1,86.9,High,15
PT100062,2023-06-07,CL03,59,Male,20.1,118,64,63,88,5.5,253,Non-Smoker,4,0,60.0,0,53.2,Moderate,87
PT100265,2023-06-07,CL06,40,Male,38.2,125,84,,83,5.4,202,Non-Smoker,5,0,90.0,2,38.9,Moderate,60
PT100439,2023-06-07,CL04,24,Male,24.9,,78,74,76,4.9,236,Smoker,4,1,,1,36.9,Moderate,61
PT100618,2023-06-07,CL02,47,Female,21.7,105,59,67,94,5.9,198,Non-Smoker,4,0,,1,31.2,Low,304
PT100779,2023-06-07,CL05,68,Male,24.4,120,72,63,101,5.7,235,Smoker,1,0,64.0,1,85.6,High,14
PT101076,2023-06-07,CL02,67,Male,25.4,136,95,86,109,6.5,138,Non-Smoker,4,1,86.0,4,81.3,High,18
PT100153,2023-06-08,CL01,59,Male,27.4,140,92,87,100,5.6,168,Smoker,3,0,94.0,0,69.1,High,30
PT101186,2023-06-08,CL05,52,Female,22.2,97,54,77,97,5.0,160,Non-Smoker,4,1,83.0,3,30.8,Low,238
PT100474,2023-06-09,CL01,59,Male,35.6,127,84,58,107,6.2,,Non-Smoker,3,,,5,92.9,High,28
PT101044,2023-06-10,CL04,48,Female,24.9,134,91,72,83,4.3,214,Non-Smoker,5,0,58.0,1,52.2,Moderate,69
PT100303,2023-06-11,CL03,36,Female,21.7,105,79,58,69,4.6,147,Non-Smoker,3,0,73.0,2,22.1,Low,241
PT101013,2023-06-12,CL03,64,Female,31.0,142,86,80,96,5.3,229,Smoker,1,0,83.0,0,74.7,High,18
PT100781,2023-06-13,CL02,28,Male,29.9,115,74,79,84,5.2,206,Non-Smoker,3,1,85.0,4,29.2,Low,195
PT101071,2023-06-13,CL05,81,Male,34.6,150,91,74,99,5.2,210,Non-Smoker,0,0,88.0,2,92.9,High,20
PT100347,2023-06-14,CL06,64,Male,25.2,128,84,65,107,6.2,215,Non-Smoker,4,0,80.0,2,58.7,Moderate,89
PT100629,2023-06-14,CL03,43,Male,36.7,133,83,77,106,5.6,205,Smoker,2,0,84.0,2,78.3,High,19
PT100752,2023-06-14,CL02,66,Female,31.5,134,93,68,111,6.7,,Non-Smoker,3,1,83.0,1,82.6,High,25
PT100797,2023-06-14,CL01,21,Female,24.3,,72,52,88,5.3,118,Non-Smoker,5,1,61.0,3,25.3,Low,211
PT100914,2023-06-14,CL06,62,Female,30.3,130,86,62,108,5.6,209,Non-Smoker,1,1,74.0,3,82.1,High,18
PT100514,2023-06-15,CL02,58,Male,29.5,135,85,75,154,7.6,262,Smoker,3,0,87.0,0,88.4,High,23
PT100568,2023-06-16,CL01,18,Female,23.1,99,66,71,62,4.1,162,Non-Smoker,2,0,67.0,0,3.6,Low,253
PT100936,2023-06-16,CL01,51,Male,37.1,138,80,76,102,5.9,219,Non-Smoker,2,0,89.0,3,88.1,High,27
PT100536,2023-06-17,CL01,70,Female,23.5,118,65,68,90,5.3,181,Non-Smoker,0,0,74.0,3,,Moderate,67
PT101084,2023-06-18,CL05,49,Female,26.3,107,65,72,100,5.4,185,Non-Smoker,3,0,97.0,,21.9,Low,234
PT100689,2023-06-19,CL05,90,Female,33.1,129,75,64,110,5.7,271,Non-Smoker,4,0,93.0,4,91.9,High,20
PT100810,2023-06-21,CL06,55,Male,49.3,129,82,65,189,9.1,213,Non-Smoker,2,1,,6,99.2,High,15
PT100482,2023-06-22,CL01,38,Female,25.3,120,66,73,81,5.0,223,Smoker,3,0,86.0,1,34.2,Low,320
PT100710,2023-06-22,CL03,45,Male,30.7,106,81,79,103,5.5,224,Non-Smoker,2,0,69.0,0,63.2,Moderate,74
PT100855,2023-06-22,CL01,64,Male,28.3,124,75,74,98,5.7,160,Non-Smoker,1,0,73.0,1,63.0,Moderate,69
PT101035,2023-06-22,CL02,50,Female,35.4,114,67,72,94,5.0,132,Non-Smoker,4,0,,4,39.3,Moderate,82
PT100893,2023-06-23,CL02,88,,27.0,131,84,75,89,5.4,252,Non-Smoker,2,0,77.0,5,80.1,High,22
PT100972,2023-06-24,CL01,80,Male,30.4,128,80,,135,6.7,198,Non-Smoker,3,1,80.0,5,92.9,High,14
PT100241,2023-06-25,CL05,51,Male,22.3,114,70,68,81,4.1,188,Smoker,3,0,80.0,2,32.9,Low,278
PT100267,2023-06-25,CL02,51,Female,22.5,111,71,67,188,8.4,198,Non-Smoker,1,0,83.0,2,79.1,High,27
PT100567,2023-06-25,CL05,52,Male,26.5,127,88,70,99,5.6,,Smoker,3,1,73.0,1,87.0,High,27
PT100673,2023-06-25,CL06,79,Male,27.3,121,93,71,115,6.6,233,Non-Smoker,2,1,86.0,0,85.5,High,25
PT100684,2023-06-25,CL03,53,Male,26.8,125,76,59,,5.4,167,Non-Smoker,2,1,,1,47.5,Moderate,61
PT100694,2023-06-26,CL02,44,Female,33.2,108,72,68,97,5.8,169,Non-Smoker,5,0,73.0,1,,Moderate,81
PT100875,2023-06-27,CL04,37,,27.0,123,77,59,76,5.0,238,Non-Smoker,6,1,76.0,1,40.7,Moderate,72
PT100087,2023-06-28,CL04,30,Male,26.9,121,59,69,88,4.9,153,Non-Smoker,4,0,81.0,1,14.6,Low,212
PT100287,2023-06-28,CL01,41,Female,22.6,126,72,63,80,4.6,186,Non-Smoker,3,0,59.0,2,28.2,Low,210
PT100351,2023-06-29,CL04,36,Male,35.8,104,62,88,178,8.1,266,Smoker,1,1,91.0,5,,High,23
PT100878,2023-06-29,CL02,69,Female,24.6,129,80,75,103,6.0,239,Smoker,2,1,89.0,3,,High,14
PT101082,2023-06-29,CL06,70,Female,20.8,122,80,65,79,5.0,177,Non-Smoker,4,1,51.0,4,73.8,High,29
PT100986,2023-06-30,CL06,40,Male,27.3,114,70,68,94,,163,Non-Smoker,1,0,77.0,1,32.4,Low,246
PT101170,2023-06-30,CL01,64,Male,31.5,131,81,83,96,5.6,188,Non-Smoker,7,0,88.0,1,57.5,Moderate,72
PT100661,2023-07-01,CL02,43,Male,31.5,135,80,76,95,5.2,161,Non-Smoker,4,0,88.0,0,64.3,Moderate,86
PT100933,2023-07-01,CL02,23,Female,,91,59,75,91,5.3,187,Non-Smoker,2,0,73.0,0,12.4,Low,242
PT101031,2023-07-02,CL03,51,,,109,75,85,,5.4,201,Non-Smoker,4,0,84.0,0,28.5,Low,288
PT100822,2023-07-04,CL03,71,Female,32.1,160,95,61,91,5.4,216,Non-Smoker,4,0,84.0,2,81.5,High,20
PT100991,2023-07-04,CL04,45,Female,35.2,135,83,,95,5.5,179,Non-Smoker,2,0,89.0,1,35.5,Moderate,68
PT100906,2023-07-06,CL04,47,Female,21.3,92,58,52,105,5.8,101,Non-Smoker,3,1,82.0,1,29.7,Low,283
PT100919,2023-07-07,CL02,57,Female,21.7,94,66,64,84,4.8,180,Non-Smoker,3,0,73.0,3,17.6,Low,296
PT100208,2023-07-08,CL04,41,Female,30.3,131,80,71,81,4.7,,Non-Smoker,3,1,89.0,1,45.4,Moderate,66
PT101068,2023-07-08,CL04,52,Female,,129,86,66,82,4.2,189,Non-Smoker,4,0,82.0,2,22.4,Low,320
PT100021,2023-07-09,CL05,55,Female,24.4,117,72,65,79,4.6,140,Non-Smoker,2,1,83.0,1,60.2,Moderate,63
PT100018,2023-07-10,CL01,69,Female,32.8,109,62,,121,6.5,199,Non-Smoker,4,1,,4,72.8,High,26
PT100495,2023-07-10,CL05,51,Female,32.0,130,81,73,102,,,Smoker,2,0,74.0,2,82.9,High,24
PT101166,2023-07-10,,33,Male,28.9,107,64,73,92,5.0,184,Non-Smoker,,0,85.0,2,32.1,Low,335
PT101115,2023-07-12,CL06,42,Female,19.7,103,55,72,83,4.9,158,Non-Smoker,4,0,72.0,0,5.4,Low,246
PT100092,2023-07-13,CL04,46,Male,31.6,117,66,89,,5.1,214,Non-Smoker,2,0,,2,38.8,Moderate,67
PT100800,2023-07-13,CL04,21,Female,21.9,94,61,68,69,4.2,144,Non-Smoker,4,0,76.0,1,4.7,Low,341
PT100816,2023-07-13,CL06,74,Female,27.2,115,74,82,171,8.4,173,Non-Smoker,3,0,92.0,4,92.3,High,19
PT100902,2023-07-14,CL02,49,Female,22.2,123,74,79,83,5.1,187,Non-Smoker,4,0,87.0,5,29.7,Low,220
PT100768,2023-07-15,CL01,80,Male,26.9,122,83,68,192,8.8,216,Non-Smoker,1,1,,0,95.7,High,26
PT100030,2023-07-17,CL04,69,Female,31.1,134,91,63,,5.4,238,Non-Smoker,4,0,96.0,0,79.9,High,16
PT100258,2023-07-17,CL01,76,Male,27.2,138,86,73,111,6.1,250,Non-Smoker,1,0,86.0,0,81.5,High,27
PT100177,2023-07-18,CL03,71,Female,25.3,123,66,77,69,4.2,199,Non-Smoker,1,0,,3,58.4,Moderate,77
PT100632,2023-07-19,CL05,69,Male,31.2,116,77,,83,5.1,242,Non-Smoker,1,0,95.0,4,76.8,High,16
PT100660,2023-07-19,CL02,41,Male,25.4,108,85,80,86,5.2,217,Non-Smoker,1,0,87.0,2,26.9,Low,216
PT100700,2023-07-19,CL02,67,Female,30.1,114,67,75,87,5.1,200,Non-Smoker,1,0,97.0,0,53.0,Moderate,61
PT100904,2023-07-20,CL03,37,Male,24.3,95,61,86,,5.0,202,Non-Smoker,3,0,88.0,2,11.7,Low,213
PT100812,2023-07-21,CL01,25,Female,28.3,105,73,59,98,5.6,180,Non-Smoker,4,1,81.0,1,16.4,Low,235
PT100907,2023-07-21,CL03,31,Female,19.9,101,68,56,75,4.9,203,Non-Smoker,6,,85.0,1,,Low,200
PT100555,2023-07-22,CL01,56,Male,34.5,144,83,74,98,5.8,258,Non-Smoker,3,,60.0,1,85.2,High,17
PT100683,2023-07-22,CL01,50,Female,25.4,132,67,91,79,4.7,187,Smoker,1,0,,1,59.8,Moderate,78
PT100449,2023-07-24,CL01,48,Male,25.8,112,66,88,100,6.0,182,Non-Smoker,2,0,72.0,0,26.2,Low,247
PT100387,2023-07-26,CL04,58,Male,28.2,104,76,,137,7.0,216,Non-Smoker,1,0,34.0,1,71.5,High,27
PT100471,2023-07-26,CL02,61,Female,20.1,124,74,66,90,5.5,204,Non-Smoker,4,1,83.0,0,36.0,Moderate,75
PT100639,2023-07-26,CL05,35,Female,,133,84,62,96,5.5,167,Non-Smoker,3,1,83.0,1,36.6,Moderate,76
PT100306,2023-07-27,CL03,56,Female,27.9,114,87,59,97,6.0,212,Non-Smoker,2,1,87.0,4,74.2,High,16
PT101020,2023-07-27,CL03,60,Female,31.8,129,75,74,83,5.5,112,Non-Smoker,2,0,76.0,2,74.3,High,24
PT101199,2023-07-28,CL02,37,Male,25.1,121,85,77,89,5.6,181,Smoker,2,1,77.0,5,40.6,Moderate,69
PT100412,2023-07-29,CL04,41,Male,23.9,134,96,73,89,5.9,296,Non-Smoker,5,1,83.0,2,51.7,Moderate,88
PT100019,2023-07-30,CL05,56,Male,23.6,111,,72,95,5.1,192,Non-Smoker,4,0,70.0,1,20.5,Low,223
PT100968,2023-07-30,CL01,43,Male,22.3,,82,79,87,5.4,164,,2,0,26.0,1,59.0,Moderate,70
PT100141,2023-07-31,CL03,59,Female,41.2,134,78,84,157,7.7,,Smoker,1,0,51.0,5,98.4,High,17
PT100407,2023-07-31,CL02,62,Female,30.5,116,73,69,,6.2,160,Non-Smoker,2,1,79.0,4,67.0,High,20
PT100894,2023-07-31,CL01,36,Female,31.2,106,73,86,95,5.2,223,Smoker,3,,64.0,0,43.0,Moderate,76
PT100989,2023-07-31,CL02,69,Male,25.7,141,82,92,91,5.9,232,Non-Smoker,4,0,68.0,2,77.3,High,21
PT101196,2023-07-31,CL01,48,Male,24.7,121,78,70,99,5.8,226,Non-Smoker,4,0,91.0,0,63.2,Moderate,90
PT100183,2023-08-01,CL03,40,Male,24.5,112,68,63,86,5.2,154,Non-Smoker,4,0,81.0,1,6.5,Low,280
PT100642,2023-08-01,CL05,42,Male,20.9,106,67,73,78,5.1,183,Non-Smoker,3,0,84.0,1,5.4,Low,269
PT101125,2023-08-01,CL03,65,Male,28.6,112,69,97,98,5.9,203,Smoker,1,0,69.0,2,67.4,High,17
PT101037,2023-08-04,CL02,44,Female,25.5,108,69,65,91,5.5,171,Non-Smoker,4,0,79.0,5,20.4,Low,284
PT101192,2023-08-04,CL02,63,Female,28.9,143,89,82,105,5.7,200,Smoker,2,0,82.0,3,88.8,High,20
PT100778,2023-08-05,CL01,49,Male,34.8,121,83,92,93,5.5,216,Non-Smoker,3,0,97.0,1,63.5,Moderate,87
PT101075,2023-08-06,CL05,67,Female,21.5,132,82,75,97,5.8,173,Smoker,2,0,79.0,1,68.8,High,29
PT100805,2023-08-07,CL01,53,Female,27.6,94,50,82,82,4.7,165,Smoker,2,0,75.0,2,28.5,Low,356
PT100433,2023-08-08,CL04,60,Female,31.9,141,83,59,107,5.9,230,Smoker,2,1,76.0,2,96.5,High,25
PT100067,2023-08-09,CL03,62,Female,,139,83,73,98,5.0,229,Smoker,2,1,77.0,4,86.1,High,17
PT100376,2023-08-09,CL01,46,Male,23.2,111,62,59,93,5.4,209,Non-Smoker,3,0,64.0,0,21.1,Low,328
PT100597,2023-08-09,CL04,55,Male,27.9,134,91,62,180,8.6,184,Non-Smoker,4,1,78.0,1,93.0,High,26
PT101030,2023-08-09,CL02,52,Female,20.1,119,73,61,89,,,Non-Smoker,3,1,89.0,0,52.3,Moderate,71
PT100706,2023-08-10,CL03,50,Female,23.1,,56,69,94,4.9,170,Non-Smoker,2,1,80.0,3,37.8,Moderate,62
PT100308,2023-08-11,CL04,47,Male,32.6,127,,65,94,5.6,162,Non-Smoker,4,0,86.0,1,31.7,Low,245
PT100195,2023-08-12,CL01,56,Male,30.2,121,78,91,100,5.7,211,Non-Smoker,1,0,93.0,2,58.5,Moderate,80
PT100942,2023-08-12,CL05,58,Female,19.6,88,,85,92,,251,Non-Smoker,2,1,91.0,2,29.3,Low,252
PT101149,2023-08-13,CL03,53,Male,26.3,138,90,67,69,4.4,220,Non-Smoker,3,0,95.0,1,,Low,217
PT101184,2023-08-13,CL01,77,,34.2,137,83,78,121,6.5,183,Smoker,0,0,95.0,0,98.8,High,24
PT100662,2023-08-14,CL06,61,Male,31.8,124,75,96,96,,266,Smoker,2,0,,0,77.8,High,22
PT100973,2023-08-14,CL01,33,Male,34.6,121,89,79,103,5.7,189,Non-Smoker,2,0,72.0,1,74.5,High,28
PT101103,2023-08-15,CL05,39,Male,25.3,109,72,73,79,,175,Non-Smoker,1,1,97.0,4,20.0,Low,298
PT100381,2023-08-16,CL03,65,Female,22.6,115,65,68,91,5.1,192,Non-Smoker,3,0,86.0,1,45.2,Moderate,67
PT100408,2023-08-16,CL05,61,Female,34.5,121,63,75,117,,228,Non-Smoker,2,1,86.0,4,82.9,High,16
PT100698,2023-08-18,CL03,46,Female,38.4,123,75,70,91,5.3,253,Non-Smoker,4,0,80.0,1,66.4,High,20
PT100764,2023-08-18,CL01,49,,28.2,121,74,72,95,5.2,242,Non-Smoker,3,1,83.0,3,28.3,Low,274
PT100034,2023-08-19,CL02,27,Male,23.4,112,81,93,84,5.4,228,Non-Smoker,,0,35.0,1,13.6,Low,185
PT100467,2023-08-19,CL04,40,Male,21.7,111,77,79,,4.9,168,Smoker,3,0,67.0,1,22.4,Low,259
PT100084,2023-08-23,CL01,43,Male,20.9,104,70,57,77,4.7,194,Non-Smoker,4,0,45.0,0,8.6,Low,293
PT100152,2023-08-23,CL06,,Female,27.2,115,77,78,86,4.9,160,Non-Smoker,,0,72.0,0,29.0,Low,363
PT100188,2023-08-23,CL01,46,Female,21.1,90,57,66,92,5.0,167,Non-Smoker,2,0,69.0,1,16.0,Low,307
PT100528,2023-08-23,CL06,59,Male,40.4,127,71,73,107,,238,Non-Smoker,3,0,,2,91.2,High,19
PT101047,2023-08-23,,37,Female,29.4,143,82,68,93,5.3,212,Non-Smoker,4,1,90.0,1,63.1,Moderate,60
PT100126,2023-08-25,CL03,45,Male,29.5,135,87,88,113,6.5,170,Smoker,2,1,66.0,1,87.0,High,15
PT100137,2023-08-27,CL06,20,Female,23.8,97,57,57,61,3.9,225,Non-Smoker,4,0,74.0,1,6.3,Low,341
PT100521,2023-08-27,CL05,80,Male,28.4,126,79,75,110,6.1,171,Smoker,1,0,65.0,2,87.3,High,30
PT100643,2023-08-28,CL01,61,Male,29.9,115,85,74,91,5.0,199,Smoker,1,0,83.0,1,56.3,Moderate,61
PT100176,2023-08-29,CL01,39,Female,24.4,102,67,73,86,4.8,220,Non-Smoker,3,0,66.0,1,35.2,Moderate,69
PT100250,2023-08-30,CL03,51,Female,29.4,133,101,70,89,5.6,203,Non-Smoker,3,1,96.0,0,52.5,Moderate,65
PT101174,2023-08-30,CL05,41,Male,26.8,102,72,83,92,5.6,206,Non-Smoker,1,0,61.0,,15.4,Low,281
PT101122,2023-08-31,CL01,40,Male,21.2,124,76,93,87,5.4,197,Non-Smoker,1,0,95.0,1,20.3,Low,316
PT100237,2023-09-03,CL03,66,Female,25.0,130,72,71,99,5.7,213,Non-Smoker,0,0,65.0,3,72.2,High,15
PT100995,2023-09-04,CL06,46,Female,27.1,130,79,83,,5.0,163,Smoker,3,0,89.0,0,77.0,High,23
PT101034,2023-09-04,CL06,74,Male,32.2,138,83,76,102,5.2,231,Non-Smoker,2,1,70.0,,89.1,High,27
PT100851,2023-09-05,CL01,49,Male,24.4,115,71,71,94,,211,Smoker,3,0,88.0,3,54.6,Moderate,83
PT101197,2023-09-05,CL02,18,Male,24.4,109,,54,80,5.0,218,Non-Smoker,5,0,71.0,0,10.7,Low,309
PT100061,2023-09-06,CL04,66,Male,27.3,115,87,94,111,6.4,281,Smoker,4,0,66.0,2,77.0,High,25
PT100685,2023-09-06,CL04,61,Female,21.3,126,,76,79,4.8,207,Non-Smoker,3,0,86.0,2,50.0,Moderate,61
PT101087,2023-09-06,CL05,63,Female,21.7,126,79,78,70,4.6,197,Non-Smoker,1,0,,3,46.4,Moderate,64
PT100091,2023-09-08,CL01,35,Female,31.9,103,56,55,,5.9,210,Non-Smoker,6,0,67.0,1,10.6,Low,223
PT100691,2023-09-08,CL02,45,Female,18.7,119,76,74,87,5.8,166,Non-Smoker,4,1,68.0,3,36.6,Moderate,78
PT100813,2023-09-08,CL06,59,Male,22.2,142,88,68,94,5.5,196,Smoker,3,0,63.0,3,77.4,High,23
PT100085,2023-09-09,CL01,52,Female,30.5,111,63,71,91,,231,,3,1,50.0,,77.7,High,24
PT100340,2023-09-09,CL06,65,Male,31.8,133,87,61,115,6.0,204,Smoker,2,1,51.0,0,88.4,High,26
PT100774,2023-09-09,CL05,69,Male,28.3,123,68,70,97,5.2,242,Non-Smoker,2,0,88.0,4,72.9,High,18
PT100190,2023-09-10,CL02,41,Male,31.9,124,89,74,114,6.5,213,Smoker,3,0,83.0,1,72.5,High,26
PT101158,2023-09-10,CL01,57,Female,19.7,109,74,79,87,5.3,168,Non-Smoker,4,0,73.0,1,26.4,Low,315
PT100025,2023-09-12,CL05,53,Male,21.3,129,83,62,74,4.8,186,Non-Smoker,3,0,71.0,2,44.8,Moderate,81
PT100510,2023-09-12,,61,Female,26.6,114,75,59,,4.9,202,Non-Smoker,2,0,85.0,1,46.4,Moderate,82
PT100598,2023-09-12,CL04,34,Male,25.8,110,68,83,79,5.4,117,Non-Smoker,2,0,,1,12.0,Low,185
PT101054,2023-09-12,CL01,42,Male,24.5,103,80,,92,5.5,199,Smoker,2,0,72.0,3,29.6,Low,358
PT100621,2023-09-13,CL05,42,Female,24.0,84,66,56,69,4.8,197,Non-Smoker,3,0,57.0,0,,Low,332
PT101110,2023-09-13,CL01,60,Female,25.7,126,88,82,86,5.0,207,Non-Smoker,2,0,87.0,2,51.3,Moderate,79
PT100185,2023-09-14,CL05,53,Male,20.5,123,70,83,84,5.4,165,Smoker,3,0,70.0,3,45.4,Moderate,90
PT101006,2023-09-15,CL02,44,Female,23.9,130,77,56,80,5.1,,Non-Smoker,,0,73.0,1,29.2,Low,245
PT100485,2023-09-17,CL01,40,Male,,98,69,79,,5.8,151,Non-Smoker,2,1,87.0,2,,Low,192
PT101007,2023-09-17,CL06,65,Male,29.5,129,86,76,98,5.3,242,Non-Smoker,2,0,88.0,3,71.3,High,26
PT100090,2023-09-19,CL03,52,Male,23.5,126,96,84,116,6.4,185,Smoker,1,0,77.0,0,78.6,High,26
PT100654,2023-09-19,CL02,38,Male,32.1,127,94,93,,4.6,111,Non-Smoker,1,0,91.0,3,30.0,Low,222
PT100162,2023-09-20,CL06,47,Female,21.1,145,77,,80,4.7,238,Non-Smoker,3,0,84.0,1,47.2,Moderate,64
PT100731,2023-09-20,CL02,65,Male,22.6,133,78,73,98,5.7,157,Smoker,,0,76.0,2,81.9,High,24
PT100086,2023-09-21,CL01,65,Male,29.4,120,75,82,103,5.5,179,Non-Smoker,1,1,92.0,2,66.6,High,15
PT100359,2023-09-21,CL03,48,Female,20.9,115,83,71,75,4.4,135,Non-Smoker,4,0,98.0,1,11.1,Low,254
PT100686,2023-09-21,CL02,37,Female,34.5,122,,92,102,5.2,186,Smoker,1,0,63.0,2,76.8,High,25
PT101065,2023-09-21,CL02,56,Male,27.5,117,,65,,5.6,169,Non-Smoker,6,0,63.0,1,33.9,Low,303
PT100041,2023-09-22,CL03,50,Male,31.5,,86,67,93,5.7,238,Non-Smoker,4,0,77.0,3,46.3,Moderate,69
PT100427,2023-09-22,CL02,37,Female,25.3,122,77,76,93,5.6,218,Non-Smoker,5,1,96.0,2,35.7,Moderate,61
PT100450,2023-09-22,CL04,45,Female,29.6,129,87,76,102,5.6,193,Non-Smoker,2,0,77.0,3,50.9,Moderate,78
PT100837,2023-09-23,CL05,63,Male,27.7,138,73,66,79,4.7,186,Smoker,1,0,94.0,2,74.4,High,23
PT100363,2023-09-24,CL01,64,Female,36.4,138,88,77,108,6.0,194,Non-Smoker,4,1,68.0,3,76.8,High,16
PT100493,2023-09-24,CL04,69,Male,26.3,133,77,63,81,4.9,175,Non-Smoker,3,0,68.0,2,68.5,High,30
PT100715,2023-09-24,CL05,46,Male,,125,79,71,99,5.7,181,Smoker,2,0,82.0,2,80.1,High,14
PT100701,2023-09-25,CL02,43,Female,28.3,91,68,74,96,5.1,143,Non-Smoker,2,0,81.0,1,10.0,Low,355
PT100367,2023-09-27,CL05,53,Female,26.3,124,69,68,104,,237,Non-Smoker,3,1,69.0,3,80.0,High,18
PT100611,2023-09-27,CL03,46,Male,33.2,126,80,87,,5.2,162,Non-Smoker,5,0,94.0,0,20.1,Low,353
PT100708,2023-09-27,CL05,41,Female,21.5,93,70,74,91,5.0,138,Non-Smoker,4,0,72.0,1,5.7,Low,265
PT100187,2023-09-28,CL02,19,Female,19.5,102,54,88,77,4.6,139,Smoker,,,85.0,0,5.4,Low,228
PT100296,2023-09-28,CL06,69,Male,29.5,119,83,93,95,5.3,220,Smoker,3,0,76.0,4,70.9,High,19
PT100007,2023-09-29,CL05,36,Male,20.0,99,63,77,87,4.8,170,Smoker,3,1,,0,13.1,Low,289
PT100015,2023-09-29,CL03,53,Female,32.3,119,72,62,95,5.7,216,Non-Smoker,,,85.0,1,64.2,Moderate,80
PT100606,2023-09-29,CL05,47,Male,28.6,111,71,94,101,5.2,173,Non-Smoker,,0,55.0,2,47.4,Moderate,73
PT100854,2023-09-29,CL06,27,Male,26.9,99,58,76,109,6.2,,Non-Smoker,3,0,85.0,1,13.5,Low,296
PT101093,2023-09-29,CL02,67,Female,28.8,123,,72,92,5.6,230,Non-Smoker,3,0,,1,67.3,High,22
PT100254,2023-09-30,CL02,33,Male,30.2,110,66,72,92,5.4,170,Non-Smoker,4,0,82.0,1,25.4,Low,214
PT100280,2023-10-01,CL05,45,Female,31.7,128,85,71,116,6.1,210,Smoker,3,0,75.0,1,81.3,High,22
PT100324,2023-10-03,CL03,58,Female,27.4,115,77,67,104,5.2,238,Non-Smoker,5,0,73.0,3,51.1,Moderate,76
PT100192,2023-10-04,CL02,39,Male,23.0,112,67,64,78,4.8,219,,3,0,83.0,1,30.1,Low,210
PT100520,2023-10-04,CL05,33,Male,26.8,100,59,83,73,4.4,,Smoker,,0,83.0,0,22.3,Low,319
PT100828,2023-10-04,CL02,59,Male,23.2,129,79,65,83,4.4,196,Non-Smoker,2,0,77.0,0,35.3,Moderate,76
PT100169,2023-10-05,CL02,34,Female,26.6,110,65,74,89,5.1,172,Non-Smoker,0,0,75.0,0,53.5,Moderate,67
PT100144,2023-10-06,CL03,44,Male,21.8,107,78,67,75,4.5,257,Smoker,1,0,69.0,2,20.4,Low,212
PT101131,2023-10-06,CL06,54,Male,27.2,120,77,68,79,5.2,201,Non-Smoker,2,0,65.0,0,34.6,Low,208
PT100663,2023-10-07,CL01,18,Female,28.6,113,81,79,101,5.5,195,Non-Smoker,5,1,75.0,0,33.5,Low,249
PT101024,2023-10-07,CL03,75,Male,25.3,147,90,76,87,5.1,190,Smoker,2,0,,3,80.4,High,23
PT100005,2023-10-08,CL01,40,Male,32.3,113,70,82,91,4.8,220,Smoker,3,0,62.0,0,73.1,High,20
PT100181,2023-10-08,CL06,35,Male,27.3,99,55,72,74,4.6,169,Non-Smoker,,0,92.0,1,7.7,Low,285
PT100475,2023-10-08,CL02,36,Female,21.0,116,78,88,89,5.8,209,Non-Smoker,1,1,75.0,3,51.0,Moderate,81
PT100028,2023-10-09,CL01,62,Female,24.7,107,68,77,83,5.1,208,Non-Smoker,3,0,97.0,1,53.8,Moderate,71
PT100448,2023-10-10,CL04,68,Female,27.5,149,90,90,99,6.0,153,Smoker,1,0,63.0,2,68.4,High,29
PT100623,2023-10-10,CL06,51,Male,29.8,118,69,65,89,5.3,,Non-Smoker,,1,,2,59.2,Moderate,63
PT100435,2023-10-11,CL01,38,Female,26.5,146,78,95,79,5.4,227,Smoker,2,0,61.0,3,81.0,High,14
PT100200,2023-10-12,CL02,66,Male,22.8,127,84,68,85,4.9,161,Non-Smoker,0,0,81.0,4,49.9,Moderate,77
PT100283,2023-10-12,CL02,56,Male,28.1,123,74,74,92,5.2,179,Smoker,3,0,73.0,4,67.3,High,29
PT100379,2023-10-12,CL02,47,Female,33.2,133,86,81,104,6.0,220,Non-Smoker,3,0,77.0,1,73.7,High,24
PT100659,2023-10-12,CL03,72,Female,37.7,121,77,62,104,5.6,270,Non-Smoker,1,1,97.0,0,92.5,High,19
PT100174,2023-10-14,CL06,26,Male,26.2,83,57,83,95,5.2,171,Smoker,3,0,78.0,0,8.9,Low,222
PT100222,2023-10-14,CL03,76,Male,43.0,139,78,66,116,6.3,282,Non-Smoker,2,1,88.0,3,97.8,High,24
PT100452,2023-10-14,CL06,61,Female,27.5,130,80,91,153,7.5,207,Smoker,2,1,91.0,7,92.3,High,23
PT100692,2023-10-14,CL06,64,Female,35.6,144,81,79,104,5.6,209,Non-Smoker,2,0,79.0,2,80.6,High,18
PT101005,2023-10-14,CL04,28,Female,23.2,97,62,72,87,5.2,161,Non-Smoker,5,0,83.0,0,8.6,Low,303
PT100641,2023-10-16,CL04,49,Male,19.9,109,74,69,98,5.4,178,Smoker,4,1,59.0,1,38.9,Moderate,62
PT100850,2023-10-16,CL06,37,Female,23.7,96,76,,120,6.3,166,Non-Smoker,1,0,81.0,1,41.4,Moderate,61
PT100980,2023-10-16,CL01,38,Female,23.6,114,67,80,84,4.4,214,Non-Smoker,2,0,,0,32.1,Low,329
PT101060,2023-10-17,CL04,30,Female,26.3,103,81,67,78,4.6,171,Non-Smoker,6,1,96.0,0,16.6,Low,256
PT100146,2023-10-18,CL02,61,Female,37.2,105,54,80,104,,220,Non-Smoker,1,0,58.0,0,86.2,High,22
PT100400,2023-10-18,CL03,57,Male,27.3,141,72,82,,5.8,222,Smoker,2,1,52.0,3,96.0,High,20
PT100918,2023-10-19,CL01,48,Male,35.8,125,62,71,117,6.5,174,Non-Smoker,5,0,65.0,2,84.2,High,29
PT100124,2023-10-21,CL02,63,Female,21.7,129,88,89,92,5.2,153,Non-Smoker,3,0,72.0,4,41.1,Moderate,80
PT100766,2023-10-21,CL01,49,Male,35.1,113,75,65,96,5.3,,Smoker,4,1,62.0,2,87.6,High,17
PT100912,2023-10-21,CL05,52,Male,33.3,156,93,77,,6.6,213,Smoker,2,0,87.0,1,95.3,High,23
PT100788,2023-10-22,CL02,51,Female,37.0,113,60,72,93,5.4,210,Non-Smoker,2,1,89.0,1,68.9,High,15
PT100874,2023-10-22,CL02,53,Male,27.9,122,78,80,104,6.1,205,Non-Smoker,,0,74.0,2,65.7,High,20
PT100891,2023-10-22,CL02,44,Male,21.0,122,80,68,79,5.0,169,Non-Smoker,3,0,67.0,1,35.4,Moderate,83
PT100915,2023-10-22,CL06,74,Male,36.0,,66,62,126,6.9,145,Non-Smoker,3,1,95.0,5,89.8,High,24
PT100346,2023-10-24,CL05,41,Female,23.3,119,77,76,73,4.8,175,,4,0,64.0,2,8.4,Low,212
PT100109,2023-10-25,CL01,54,Male,24.0,121,75,77,97,5.7,176,Non-Smoker,2,0,85.0,3,61.3,Moderate,71
PT100515,2023-10-25,CL02,36,Male,23.4,109,58,63,95,5.5,194,Non-Smoker,5,1,,1,15.4,Low,192
PT100742,2023-10-25,CL01,44,Female,28.6,125,80,75,113,5.5,187,Non-Smoker,3,1,52.0,2,60.5,Moderate,83
PT101085,2023-10-25,CL06,68,Female,,115,68,60,81,4.5,208,Non-Smoker,3,0,93.0,4,12.7,Low,236
PT100164,2023-10-26,CL01,36,Male,22.4,116,,61,86,4.8,208,Non-Smoker,3,0,78.0,4,29.1,Low,364
PT100860,2023-10-27,CL03,52,Female,27.8,136,72,78,94,4.9,,Non-Smoker,4,1,90.0,2,59.5,Moderate,62
PT101079,2023-10-27,CL04,50,Male,26.7,129,77,60,85,5.2,136,Non-Smoker,4,0,70.0,2,13.9,Low,248
PT101147,2023-10-27,CL04,44,Female,30.4,118,82,68,101,4.9,166,Non-Smoker,,1,78.0,2,56.8,Moderate,68
PT100872,2023-10-29,CL01,40,Male,27.3,126,79,,91,4.5,184,Non-Smoker,4,0,96.0,2,37.0,Moderate,64
PT101016,2023-10-29,CL01,48,Male,33.1,125,87,87,99,5.2,,Smoker,2,1,89.0,4,,High,14
PT100073,2023-10-31,CL05,49,Male,25.9,116,77,83,107,6.2,189,Non-Smoker,2,1,63.0,3,40.3,Moderate,86
PT100349,2023-10-31,CL03,44,Male,30.3,131,81,79,74,5.0,258,Non-Smoker,3,0,63.0,1,58.0,Moderate,71
PT101155,2023-10-31,CL03,,Female,29.4,130,77,54,139,6.7,,,4,0,64.0,4,86.0,High,17
PT101061,2023-11-01,CL06,64,Female,34.9,128,75,,109,5.7,235,Smoker,3,0,72.0,2,,High,24
PT100298,2023-11-02,CL05,57,Female,29.4,119,78,75,84,5.1,282,Non-Smoker,1,0,73.0,6,75.6,High,28
PT100020,2023-11-03,CL04,32,Female,19.9,111,66,55,77,4.9,163,Non-Smoker,6,0,94.0,3,2.9,Low,326
PT100095,2023-11-03,CL02,55,Male,25.6,102,69,69,,4.9,,Non-Smoker,3,0,46.0,0,54.3,Moderate,74
PT100809,2023-11-04,CL03,38,Male,25.7,119,61,87,88,,145,Non-Smoker,2,1,22.0,3,41.0,Moderate,76
PT101163,2023-11-04,CL05,66,Male,29.3,,70,68,99,5.4,241,Smoker,4,0,49.0,1,85.3,High,22
PT100562,2023-11-05,CL02,86,Male,28.7,143,75,90,98,5.3,249,Non-Smoker,0,1,52.0,2,98.3,High,25
PT101167,2023-11-05,CL05,42,Female,25.2,113,62,67,76,5.2,169,Non-Smoker,4,0,92.0,3,15.2,Low,
PT100076,2023-11-06,CL02,35,Female,29.1,90,,68,97,5.7,220,Non-Smoker,2,1,90.0,1,40.1,Moderate,85
PT100525,2023-11-06,CL01,52,Female,21.7,114,80,68,84,5.2,138,Smoker,3,0,95.0,1,44.2,Moderate,75
PT100671,2023-11-06,CL01,43,Male,27.7,110,79,74,78,4.5,179,Non-Smoker,3,0,,2,25.6,Low,306
PT100969,2023-11-06,CL03,46,Male,25.6,114,74,55,86,5.5,226,Non-Smoker,,0,77.0,1,29.1,Low,237
PT100294,2023-11-07,CL01,64,Male,24.2,138,79,80,168,8.1,200,Non-Smoker,1,1,76.0,1,98.0,High,26
PT100608,2023-11-07,CL01,90,Female,32.3,161,96,68,147,7.7,227,Non-Smoker,1,1,72.0,3,96.2,High,24
PT100590,2023-11-09,CL01,49,Female,26.0,120,79,75,144,7.7,229,Non-Smoker,1,0,89.0,,69.9,High,22
PT100360,2023-11-10,CL03,53,Male,25.4,130,109,68,99,,199,Non-Smoker,2,0,57.0,2,66.2,High,20
PT100818,2023-11-11,CL03,51,Female,26.9,122,80,70,102,5.3,228,Non-Smoker,1,0,95.0,3,58.1,Moderate,86
PT100166,2023-11-12,CL02,23,Male,34.2,122,78,58,104,5.8,214,Smoker,,0,92.0,1,34.6,Low,310
PT100362,2023-11-12,CL01,55,Female,19.2,112,80,62,75,4.5,141,Non-Smoker,4,0,95.0,2,13.5,Low,258
PT100773,2023-11-12,CL03,44,Female,24.5,107,,69,97,5.2,175,Non-Smoker,2,0,90.0,1,29.3,Low,185
PT100317,2023-11-13,CL02,48,Female,33.3,113,77,76,92,5.2,217,Smoker,3,0,67.0,1,71.5,High,24
PT100820,2023-11-13,CL02,40,Female,25.6,128,81,84,130,6.7,186,Non-Smoker,2,1,73.0,0,72.1,High,23
PT100925,2023-11-13,CL01,49,Male,29.5,114,60,58,91,5.6,398,Non-Smoker,4,1,76.0,1,33.5,Low,202
PT100261,2023-11-14,CL01,42,Female,21.4,117,81,74,85,5.0,197,Non-Smoker,1,0,63.0,2,,Moderate,64
PT100534,2023-11-14,CL04,59,Female,32.5,139,77,,,6.8,180,Smoker,3,1,,6,97.9,High,14
PT100599,2023-11-14,CL06,19,Female,21.7,86,63,69,90,5.7,183,Non-Smoker,2,1,90.0,1,7.8,Low,285
PT100861,2023-11-15,CL04,66,Male,27.4,123,79,53,189,8.7,247,Non-Smoker,3,0,87.0,1,95.2,High,22
PT100554,2023-11-16,CL06,64,Female,24.4,141,87,72,87,5.0,226,Non-Smoker,1,0,66.0,3,68.4,High,19
PT100441,2023-11-17,CL05,52,Female,25.5,121,75,73,83,5.0,181,Non-Smoker,2,0,69.0,,39.7,Moderate,87
PT100516,2023-11-17,CL01,61,Female,27.4,111,74,45,96,5.5,197,Non-Smoker,3,0,,0,47.6,Moderate,88
PT100704,2023-11-17,CL05,33,Female,29.0,140,81,72,93,5.2,166,Non-Smoker,4,1,64.0,0,26.9,Low,204
PT100165,2023-11-18,CL03,67,Male,29.7,120,78,71,80,5.0,264,Non-Smoker,3,0,77.0,1,46.7,Moderate,61
PT100681,2023-11-18,CL01,56,Male,21.9,121,65,61,96,5.2,200,Non-Smoker,5,0,80.0,4,48.7,Moderate,70
PT101151,2023-11-18,CL01,52,Female,25.2,114,72,77,75,4.7,165,Non-Smoker,3,0,73.0,1,23.6,Low,191
PT100725,2023-11-19,CL01,39,Male,21.6,131,85,77,77,4.9,222,Non-Smoker,,1,82.0,0,25.3,Low,351
PT100956,2023-11-19,CL06,51,Male,23.4,140,89,75,79,,,Non-Smoker,4,1,86.0,1,57.0,Moderate,70
PT100121,2023-11-20,CL03,79,Female,31.7,126,77,69,104,5.9,208,Non-Smoker,1,1,95.0,3,81.9,High,25
PT101089,2023-11-20,CL03,36,Female,29.8,108,64,79,103,5.9,173,Non-Smoker,4,1,82.0,1,24.1,Low,259
PT100402,2023-11-22,CL06,62,Male,28.0,126,76,78,102,5.6,193,Non-Smoker,3,0,86.0,0,38.7,Moderate,80
PT100460,2023-11-23,CL04,52,Female,,114,77,89,90,5.3,206,Non-Smoker,3,0,94.0,1,42.5,Moderate,86
PT100335,2023-11-24,CL01,61,Female,30.1,110,69,71,96,6.1,197,Non-Smoker,1,0,77.0,1,59.8,Moderate,71
PT100680,2023-11-24,CL02,37,Male,23.3,212,70,77,72,4.6,186,Non-Smoker,3,0,78.0,0,14.5,Low,304
PT101156,2023-11-24,CL01,52,Female,21.3,114,77,56,86,5.6,159,Non-Smoker,4,0,74.0,2,15.8,Low,268
PT101100,2023-11-25,CL01,51,Female,30.9,115,80,73,97,5.6,207,Smoker,2,0,85.0,1,62.6,Moderate,89
PT100035,2023-11-26,CL03,52,Male,25.6,109,70,79,78,4.8,231,Non-Smoker,1,0,67.0,0,42.8,Moderate,61
PT100178,2023-11-26,CL06,32,Female,26.2,132,74,61,78,5.1,,Smoker,5,0,84.0,0,38.0,Moderate,63
PT100743,2023-11-26,CL05,70,Male,29.5,,92,,116,6.4,191,Non-Smoker,2,0,88.0,2,93.7,High,
PT100245,2023-11-27,CL04,42,Male,20.5,111,76,69,89,5.1,180,Smoker,4,0,53.0,2,12.0,Low,237
PT101053,2023-11-27,CL02,31,Female,20.7,100,67,74,84,5.1,138,Non-Smoker,3,0,53.0,0,2.4,Low,216
PT101187,2023-11-27,CL02,48,Male,21.7,136,81,60,88,5.1,208,Non-Smoker,2,0,71.0,1,68.0,High,15
PT100997,2023-11-28,CL04,54,Male,,142,85,69,91,5.7,224,Non-Smoker,3,0,98.0,0,56.1,Moderate,71
PT101043,2023-11-29,CL04,42,Female,29.7,113,60,69,93,5.5,194,Non-Smoker,4,0,72.0,2,42.6,Moderate,68
PT100445,2023-11-30,CL02,49,Female,24.6,110,71,62,81,4.7,155,Non-Smoker,2,0,71.0,0,36.5,Moderate,63
PT100446,2023-11-30,CL04,53,Male,26.3,120,76,67,92,4.9,237,Smoker,3,0,64.0,2,67.8,High,26
PT100591,2023-11-30,,42,Female,29.2,112,69,72,100,5.4,201,Smoker,1,1,78.0,5,71.0,High,26
PT100107,2023-12-03,CL03,67,Female,32.8,118,68,67,,5.4,230,Non-Smoker,4,0,61.0,0,74.5,High,29
PT100616,2023-12-03,CL04,50,Male,22.1,133,79,64,80,5.0,132,Non-Smoker,3,0,79.0,1,35.3,Moderate,90
PT100732,2023-12-03,CL01,73,Male,23.2,129,70,78,,5.4,208,Non-Smoker,2,0,89.0,3,70.9,High,29
PT100182,2023-12-04,CL06,42,Male,,98,68,69,85,,188,Non-Smoker,1,0,41.0,0,24.2,Low,195
PT100330,2023-12-04,CL02,51,Female,25.5,137,79,75,82,4.9,185,Non-Smoker,1,0,69.0,1,67.1,High,18
PT100316,2023-12-05,CL02,22,Male,25.1,101,70,66,76,4.5,203,Smoker,4,0,88.0,0,13.9,Low,268
PT100009,2023-12-06,CL01,50,Male,26.0,108,58,67,85,5.3,208,Non-Smoker,3,0,86.0,1,35.0,Moderate,80
PT100065,2023-12-06,CL04,64,Female,26.5,133,91,67,84,5.1,238,Non-Smoker,3,0,71.0,0,64.9,Moderate,62
PT100892,2023-12-06,CL06,56,Female,22.8,121,78,89,98,5.2,169,Non-Smoker,3,0,61.0,1,45.4,Moderate,76
PT100244,2023-12-07,CL03,45,Female,22.7,126,78,74,76,4.6,163,Non-Smoker,4,0,76.0,3,25.0,Low,208
PT100690,2023-12-08,CL03,46,Female,28.4,122,77,61,85,5.7,148,Non-Smoker,3,0,74.0,1,38.2,Moderate,73
PT101160,2023-12-08,CL05,76,Female,26.8,135,78,66,91,5.4,175,Non-Smoker,2,,93.0,2,72.1,High,20
PT100127,2023-12-09,CL02,54,Female,25.8,137,89,76,149,,206,Smoker,0,1,71.0,2,94.4,High,21
PT100576,2023-12-09,CL03,56,Male,27.0,133,82,81,,4.3,179,Non-Smoker,,0,56.0,0,72.2,High,17
PT100739,2023-12-09,CL02,85,Male,25.1,145,88,77,91,5.7,256,Smoker,1,0,97.0,0,86.7,High,14
PT100886,2023-12-09,CL02,37,Female,29.4,99,61,57,98,5.3,191,Non-Smoker,2,0,,1,58.0,Moderate,72
PT100054,2023-12-10,CL04,23,Female,,108,64,75,87,5.4,234,Non-Smoker,3,1,83.0,0,19.9,Low,212
PT100149,2023-12-10,CL03,35,Female,22.6,116,69,79,75,5.3,169,Smoker,4,0,66.0,3,19.6,Low,330
PT100513,2023-12-11,CL01,45,Female,22.5,114,74,76,86,5.3,132,Smoker,2,1,86.0,0,31.7,Low,348
PT100723,2023-12-11,CL01,48,Female,28.9,118,78,67,81,,249,Non-Smoker,2,0,82.0,0,46.4,Moderate,89
PT100059,2023-12-13,CL01,45,Female,26.5,97,76,68,88,5.2,128,Smoker,2,0,73.0,2,24.8,Low,219
PT100063,2023-12-13,CL03,48,Male,23.6,122,69,82,80,4.6,208,Smoker,1,0,60.0,0,67.3,High,18
PT101010,2023-12-13,CL03,25,Male,28.1,110,,77,91,5.5,158,Non-Smoker,3,1,90.0,0,14.2,Low,198
PT101051,2023-12-13,CL04,23,Male,24.5,112,71,66,,5.2,161,Non-Smoker,6,0,77.0,2,25.9,Low,353
PT100580,2023-12-14,CL02,90,Female,38.2,143,86,70,117,6.1,254,Non-Smoker,0,0,76.0,3,97.7,High,20
PT100056,2023-12-15,CL05,56,Male,30.7,107,62,79,106,6.0,,Smoker,0,0,60.0,0,76.4,High,20
PT100738,2023-12-15,CL02,68,Male,,137,88,74,74,4.9,206,Non-Smoker,2,0,73.0,5,44.1,Moderate,85
PT101098,2023-12-15,CL05,40,Female,26.3,110,85,90,86,5.2,120,Non-Smoker,1,1,92.0,1,6.8,Low,213
PT100369,2023-12-16,CL02,55,Male,23.7,124,85,64,107,6.2,205,Smoker,1,0,89.0,3,71.9,High,15
PT100560,2023-12-16,CL03,48,Female,27.4,118,69,66,110,4.9,242,Non-Smoker,4,1,86.0,1,52.5,Moderate,77
PT100656,2023-12-16,CL02,26,Female,21.9,115,81,62,88,5.7,177,Smoker,2,0,85.0,1,,Low,216
PT100862,2023-12-17,CL04,40,Female,24.2,110,72,60,95,5.4,182,Non-Smoker,3,1,65.0,5,16.6,Low,318
PT101027,2023-12-17,CL06,68,Female,,131,77,74,98,5.4,183,Smoker,1,1,41.0,1,94.6,High,30
PT100672,2023-12-18,CL03,52,Male,28.7,114,74,60,125,,164,Smoker,1,,91.0,2,84.7,High,23
PT100286,2023-12-19,CL02,81,Female,,119,76,64,,4.9,233,Non-Smoker,3,0,81.0,1,77.1,High,30
PT100444,2023-12-20,CL01,44,Male,26.9,121,,76,84,4.7,173,Non-Smoker,2,,96.0,1,13.3,Low,209
PT100016,2023-12-22,CL02,33,Male,23.5,90,48,61,87,4.9,200,Non-Smoker,2,1,83.0,1,,Low,223
PT100558,2023-12-22,CL03,59,Male,21.6,108,81,71,88,,148,Non-Smoker,4,0,,2,41.5,Moderate,71
PT100615,2023-12-25,CL02,48,Female,31.3,127,86,71,111,6.1,203,Smoker,2,0,44.0,1,89.0,High,22
PT100339,2023-12-26,CL01,64,Female,21.8,140,86,72,86,4.7,202,Non-Smoker,4,0,63.0,0,69.6,High,18
PT100741,2023-12-26,CL01,19,Female,25.6,114,75,84,87,5.2,159,Smoker,4,1,87.0,1,34.9,Low,310
PT100140,2023-12-27,CL01,29,Female,26.6,104,61,71,80,5.1,211,Non-Smoker,2,0,83.0,1,,Low,299
PT100577,2023-12-28,CL06,51,Male,29.2,137,85,85,98,5.4,157,Smoker,1,0,75.0,,70.2,High,26
PT100740,2023-12-28,CL02,50,Male,28.2,128,81,89,116,,212,Smoker,4,1,77.0,1,69.2,High,28
PT100242,2023-12-29,CL05,44,Male,30.2,117,87,101,86,4.9,208,Smoker,2,0,71.0,0,33.0,Low,279
PT101050,2023-12-29,CL02,78,Male,42.3,156,105,72,118,6.0,219,Non-Smoker,1,0,69.0,3,97.8,High,27
PT100264,2023-12-30,CL01,52,Male,21.8,114,70,58,80,5.5,156,Non-Smoker,4,0,77.0,0,23.1,Low,283
PT100548,2023-12-30,CL01,58,Male,31.7,136,82,75,109,5.8,108,Smoker,2,0,61.0,2,69.4,High,28
PT100716,2023-12-30,CL01,57,Male,26.4,123,77,83,82,4.5,229,Non-Smoker,2,0,66.0,1,67.7,High,14
PT100138,2023-12-31,CL03,48,Male,55.8,113,72,74,94,5.5,206,Non-Smoker,1,0,96.0,0,12.3,Low,268
PT100197,2024-01-01,CL03,42,Female,,,67,78,75,4.8,201,Non-Smoker,2,0,80.0,0,44.7,Moderate,65
PT100974,2024-01-03,CL06,34,Male,32.4,125,66,70,87,4.9,183,Non-Smoker,4,0,69.0,1,47.1,Moderate,79
PT100729,2024-01-04,CL03,50,Female,25.1,105,87,74,,,172,Non-Smoker,2,0,73.0,,61.6,Moderate,60
PT100285,2024-01-05,CL03,62,Male,33.3,118,74,71,99,5.5,246,Non-Smoker,3,0,84.0,3,64.6,Moderate,72
PT100612,2024-01-05,CL04,39,Female,27.6,132,89,86,83,4.9,196,Smoker,4,0,94.0,1,33.3,Low,271
PT100976,2024-01-05,CL04,78,Female,23.0,117,84,62,,6.1,187,Non-Smoker,1,0,68.0,2,55.4,Moderate,78
PT100977,2024-01-05,CL03,45,Male,27.4,115,72,73,98,6.0,195,Smoker,1,0,88.0,2,27.0,Low,187
PT100315,2024-01-06,CL02,31,Female,,106,74,69,93,5.5,188,Non-Smoker,3,1,83.0,3,32.9,Low,359
PT100501,2024-01-06,CL04,56,Male,24.0,134,78,61,95,,201,Non-Smoker,2,0,64.0,1,70.2,High,27
PT100552,2024-01-07,CL01,71,Female,31.6,140,73,70,107,6.3,285,Non-Smoker,3,1,79.0,3,95.7,High,17
PT100343,2024-01-10,CL05,75,Female,39.2,124,71,98,106,5.4,236,Smoker,2,1,,6,97.2,High,23
PT100559,2024-01-10,CL03,57,Female,20.6,113,76,69,82,4.9,211,Non-Smoker,2,0,53.0,3,19.8,Low,220
PT100411,2024-01-11,CL04,26,Female,22.7,115,77,67,72,4.5,182,Smoker,,0,58.0,2,16.8,Low,330
PT100911,2024-01-11,,48,Male,25.0,94,69,67,88,,220,Non-Smoker,3,0,91.0,0,22.6,Low,317
PT100476,2024-01-13,CL02,33,Male,21.2,117,64,69,85,5.2,198,Non-Smoker,5,0,,1,8.2,Low,273
PT101021,2024-01-13,CL06,45,Male,32.2,105,74,94,,6.0,243,,2,1,96.0,1,72.6,High,23
PT100550,2024-01-15,CL03,81,Male,28.2,139,94,65,106,5.9,207,Smoker,4,0,91.0,5,96.0,High,28
PT100844,2024-01-15,CL02,44,Female,20.2,121,79,96,91,5.2,191,Non-Smoker,1,0,45.0,1,32.5,Low,184
PT100314,2024-01-16,CL02,47,Male,20.6,100,76,65,91,5.2,159,Smoker,4,,77.0,5,37.3,Moderate,79
PT100032,2024-01-17,CL06,57,Female,30.5,117,77,72,202,9.1,235,Smoker,1,0,,4,95.9,High,18
PT100077,2024-01-17,CL02,58,Male,25.1,124,75,67,92,5.0,207,Non-Smoker,3,0,95.0,0,59.4,Moderate,81
PT100332,2024-01-17,CL01,43,Female,26.2,105,75,67,96,5.4,186,Non-Smoker,2,1,66.0,3,58.5,Moderate,62
PT100377,2024-01-17,CL06,57,Female,28.0,138,80,67,114,6.4,213,Non-Smoker,3,0,59.0,1,64.6,Moderate,86
PT101152,2024-01-17,CL05,34,Female,26.8,100,63,84,84,5.5,198,Non-Smoker,,1,76.0,3,30.5,Low,320
PT100937,2024-01-18,CL06,47,Male,30.8,118,,80,147,7.0,233,Non-Smoker,3,1,,4,88.5,High,17
PT100992,2024-01-18,CL05,49,Male,37.5,127,87,62,121,6.3,230,Non-Smoker,3,1,84.0,3,88.2,High,26
PT100089,2024-01-19,CL01,21,Female,,133,80,69,62,4.0,181,Non-Smoker,4,0,,0,8.2,Low,363
PT101069,2024-01-19,CL01,50,Male,19.7,137,84,79,96,,139,Non-Smoker,2,1,78.0,3,61.2,Moderate,90
PT100118,2024-01-20,CL04,36,Female,23.2,140,83,60,75,4.7,207,Non-Smoker,4,1,90.0,2,50.7,Moderate,61
PT100209,2024-01-20,CL01,59,Male,30.0,133,87,58,96,5.0,155,Non-Smoker,1,0,58.0,1,72.3,High,15
PT100865,2024-01-20,CL01,42,Male,22.9,114,76,86,95,5.5,412,Non-Smoker,5,1,,2,32.3,Low,210
PT100960,2024-01-21,CL03,54,Male,33.1,117,66,72,402,6.3,167,,1,0,95.0,0,78.4,High,21
PT101139,2024-01-21,CL01,34,Male,20.6,109,63,69,85,4.6,101,Non-Smoker,,1,42.0,2,22.0,Low,358
PT100644,2024-01-22,CL02,45,Male,25.9,125,93,85,86,5.3,206,Non-Smoker,2,0,,1,61.9,Moderate,69
PT100011,2024-01-23,CL02,65,Female,25.9,139,82,62,107,5.7,226,Non-Smoker,1,1,84.0,5,84.2,High,20
PT100139,2024-01-24,CL05,43,Female,24.6,114,70,75,82,4.8,173,Non-Smoker,2,0,96.0,3,33.4,Low,267
PT100193,2024-01-24,CL01,82,Male,22.3,123,88,92,95,5.7,266,Smoker,3,1,78.0,4,82.0,High,18
PT100549,2024-01-24,CL05,45,Male,31.7,119,76,61,85,5.3,166,Non-Smoker,6,0,56.0,0,50.2,Moderate,62
PT101078,2024-01-24,CL03,59,Female,27.2,121,78,69,85,5.5,255,Non-Smoker,3,0,93.0,2,33.7,Low,325
PT101096,2024-01-24,CL02,73,Female,22.0,133,76,52,101,5.4,200,Smoker,4,1,66.0,2,90.6,High,18
PT100207,2024-01-25,CL01,48,Male,31.7,125,82,66,78,5.3,112,Non-Smoker,2,0,92.0,1,40.9,Moderate,65
PT100617,2024-01-25,CL04,76,Male,30.5,138,76,90,102,5.4,,Non-Smoker,0,1,70.0,5,87.3,High,15
PT100366,2024-01-26,CL02,,Male,23.5,110,64,77,78,4.5,217,Smoker,4,1,81.0,2,49.2,Moderate,63
PT100394,2024-01-27,CL04,51,Male,31.9,136,92,62,129,6.5,187,Non-Smoker,2,1,77.0,3,90.7,High,25
PT100266,2024-01-28,CL01,54,Male,26.2,128,87,73,71,4.7,234,Non-Smoker,3,0,80.0,1,35.2,Moderate,65
PT100496,2024-01-28,CL03,62,Female,,131,63,69,97,,211,Non-Smoker,2,,78.0,2,80.4,High,27
PT100899,2024-01-29,CL01,43,Female,26.5,115,74,70,102,5.7,227,Non-Smoker,2,1,78.0,2,30.6,Low,180
PT100945,2024-01-29,CL03,35,Male,23.9,131,74,81,76,5.2,143,Non-Smoker,4,0,77.0,1,17.7,Low,244
PT101067,2024-01-29,CL02,37,Female,31.0,118,70,76,83,4.6,137,Non-Smoker,4,0,94.0,1,25.8,Low,270
PT100711,2024-01-30,CL06,72,Female,29.7,130,86,68,109,5.8,207,Smoker,1,0,87.0,2,86.1,High,14
PT100421,2024-01-31,CL04,60,Male,27.4,125,69,68,99,5.6,239,,4,0,73.0,4,52.4,Moderate,75
PT100524,2024-01-31,CL04,71,Male,30.4,141,79,79,101,5.8,244,Non-Smoker,2,0,77.0,2,91.7,High,23
PT100941,2024-01-31,CL02,54,Male,25.6,113,79,,90,5.0,137,Non-Smoker,2,0,65.0,0,22.8,Low,352
PT100436,2024-02-02,CL01,37,Male,22.6,115,71,64,83,5.3,,Non-Smoker,4,1,,0,25.2,Low,230
PT100375,2024-02-03,CL01,87,Female,27.4,130,76,66,189,8.6,178,Non-Smoker,2,0,86.0,5,97.1,High,20
PT100434,2024-02-03,CL05,63,Male,34.7,137,98,60,102,6.0,203,Non-Smoker,3,0,88.0,2,61.7,Moderate,78
PT101077,2024-02-05,CL03,37,Female,23.4,117,66,65,76,5.2,222,Non-Smoker,3,0,88.0,3,20.2,Low,320
PT100004,2024-02-07,CL04,34,Female,21.8,132,79,57,84,5.1,161,Non-Smoker,5,1,82.0,1,30.2,Low,304
PT100666,2024-02-07,CL04,75,Male,27.6,147,86,85,96,5.3,238,Smoker,0,0,57.0,3,95.8,High,20
PT100746,2024-02-08,CL03,67,Female,27.8,137,78,60,148,7.3,179,Non-Smoker,5,1,66.0,4,93.9,High,25
PT100186,2024-02-10,CL04,34,Male,23.7,105,76,73,92,5.7,156,Non-Smoker,1,1,94.0,3,17.0,Low,326
PT101198,2024-02-10,CL04,20,Male,,106,72,65,87,5.3,,Non-Smoker,7,0,75.0,0,5.3,Low,241
PT100776,2024-02-12,CL05,56,Male,31.9,114,68,88,87,5.5,164,Smoker,2,0,28.0,2,73.1,High,29
PT100026,2024-02-15,CL01,18,Female,25.8,,71,58,77,4.8,261,Non-Smoker,,0,81.0,0,7.6,Low,269
PT100815,2024-02-15,CL01,62,Male,23.9,115,66,67,87,5.2,164,Non-Smoker,3,0,83.0,3,11.6,Low,264
PT100204,2024-02-16,CL01,54,Female,21.1,128,,92,84,,215,Non-Smoker,1,0,66.0,3,29.8,Low,323
PT100483,2024-02-16,CL03,47,Female,26.3,122,93,78,,4.9,180,Non-Smoker,3,0,68.0,0,54.2,Moderate,60
PT100633,2024-02-16,CL01,51,Male,29.7,134,83,71,91,4.9,180,Non-Smoker,3,0,72.0,1,43.3,Moderate,64
PT101048,2024-02-16,CL05,39,Male,,112,66,60,69,4.9,199,Non-Smoker,6,0,69.0,0,5.5,Low,358
PT100036,2024-02-17,CL01,56,Female,22.3,126,84,70,82,4.6,,Non-Smoker,3,0,88.0,1,14.1,Low,257
PT100288,2024-02-17,CL02,31,Female,,108,75,78,80,5.0,164,Non-Smoker,6,0,51.0,0,20.8,Low,355
PT100859,2024-02-17,CL02,42,Male,24.5,110,62,81,93,5.0,205,Smoker,1,0,84.0,0,60.0,Moderate,63
PT100256,2024-02-18,CL04,62,Female,25.2,124,68,56,365,5.6,258,Non-Smoker,4,1,81.0,4,72.9,High,23
PT100002,2024-02-19,CL03,37,Male,26.0,,77,68,83,5.2,159,Non-Smoker,5,0,60.0,1,22.8,Low,293
PT100398,2024-02-19,CL02,55,Female,26.2,121,75,68,95,5.2,155,Non-Smoker,4,0,64.0,1,35.9,Moderate,82
PT100180,2024-02-20,CL04,52,Female,38.3,221,79,76,102,6.0,170,Non-Smoker,3,0,95.0,1,77.2,High,15
PT100247,2024-02-20,CL04,56,Female,23.4,140,88,79,82,4.7,182,Non-Smoker,4,0,,0,47.3,Moderate,68
PT100457,2024-02-20,CL06,79,Female,36.1,142,82,75,124,6.2,254,,1,0,73.0,0,96.7,High,29
PT100492,2024-02-20,CL04,51,Female,26.2,134,80,43,79,4.9,205,Non-Smoker,4,0,74.0,1,32.6,Low,343
PT100744,2024-02-20,CL01,60,Female,31.6,128,87,71,186,8.2,219,Smoker,2,0,,2,,High,14
PT101194,2024-02-20,CL06,34,Female,27.1,90,58,85,86,5.0,176,Smoker,2,0,71.0,0,25.2,Low,335
PT100836,2024-02-22,CL03,59,Male,25.8,113,81,64,99,5.9,194,Smoker,4,0,93.0,2,52.9,Moderate,64
PT100835,2024-02-23,CL04,84,Male,24.7,161,88,76,109,6.1,,Smoker,1,0,83.0,3,97.1,High,17
PT100337,2024-02-24,CL01,64,Male,21.5,126,80,78,87,4.7,204,Smoker,4,1,51.0,2,84.5,High,22
PT100130,2024-02-26,CL03,36,Male,29.3,126,65,65,83,,231,Non-Smoker,4,0,,,40.5,Moderate,67
PT100161,2024-02-27,CL01,67,Male,25.0,122,78,66,,4.8,194,Non-Smoker,5,0,90.0,1,54.7,Moderate,64
PT101112,2024-02-27,CL03,53,Female,25.8,117,65,77,96,5.4,189,Non-Smoker,1,0,76.0,3,47.7,Moderate,76
PT100226,2024-02-28,CL06,52,Female,28.8,125,76,69,90,5.4,141,Non-Smoker,4,0,87.0,1,,Moderate,82
PT100279,2024-02-28,CL05,63,Female,29.3,109,67,96,108,6.2,176,Non-Smoker,3,0,46.0,4,68.2,High,18
PT100319,2024-02-28,CL02,33,Male,27.1,134,77,66,85,5.5,206,Non-Smoker,5,0,,0,45.9,Moderate,89
PT100827,2024-02-28,CL03,57,Male,27.6,125,85,80,90,5.2,227,Non-Smoker,2,0,90.0,2,67.5,High,27
PT100329,2024-02-29,CL04,64,Male,25.9,138,84,78,88,5.2,270,Non-Smoker,3,0,60.0,3,64.4,Moderate,73
PT100737,2024-02-29,CL01,41,Male,33.8,128,84,75,92,5.3,224,Smoker,3,0,90.0,0,73.1,High,17
PT101142,2024-02-29,CL05,39,Male,52.3,109,64,68,80,4.8,187,Non-Smoker,3,0,84.0,1,28.2,Low,194
PT100353,2024-03-01,CL03,55,Female,26.4,146,76,100,,5.7,160,Smoker,2,1,98.0,0,93.4,High,28
PT100675,2024-03-01,CL03,67,Male,,142,85,80,94,5.2,209,Non-Smoker,1,0,84.0,2,84.4,High,23
PT100978,2024-03-01,CL02,52,Female,27.4,114,72,79,95,5.6,240,Non-Smoker,0,0,84.0,1,39.3,Moderate,71
PT100148,2024-03-03,CL03,61,Female,23.8,115,80,69,84,4.9,172,Non-Smoker,3,0,80.0,4,30.5,Low,193
PT100064,2024-03-04,CL05,20,Female,27.1,99,62,73,73,4.7,217,Non-Smoker,4,0,,0,9.9,Low,201
PT100160,2024-03-06,CL05,43,Male,27.1,117,72,83,91,5.4,198,Non-Smoker,4,0,89.0,2,20.6,Low,234
PT100547,2024-03-06,CL02,45,Male,28.8,134,86,78,89,5.7,217,Non-Smoker,1,0,87.0,1,71.1,High,25
PT100566,2024-03-09,CL04,69,Female,25.1,116,79,84,96,5.5,199,Non-Smoker,1,0,60.0,2,46.3,Moderate,85
PT100276,2024-03-10,CL02,62,Female,36.5,143,86,93,106,6.1,209,Smoker,3,0,91.0,2,92.5,High,26
PT100214,2024-03-12,CL05,48,Male,29.6,120,86,73,109,5.3,123,Non-Smoker,1,0,87.0,2,42.0,Moderate,81
PT101015,2024-03-12,CL02,61,Female,30.7,119,74,93,104,,127,Non-Smoker,3,0,69.0,0,60.1,Moderate,66
PT100045,2024-03-13,CL05,59,Male,36.4,117,74,79,179,8.4,208,Non-Smoker,1,0,,2,96.1,High,14
PT100573,2024-03-13,CL03,,Female,21.3,124,73,77,89,5.0,198,Non-Smoker,4,0,67.0,0,54.9,Moderate,81
PT100607,2024-03-13,CL05,59,Female,22.8,107,59,56,90,5.0,156,Non-Smoker,3,1,93.0,0,14.7,Low,315
PT100619,2024-03-13,,18,Male,26.5,106,72,75,90,5.2,163,Non-Smoker,,0,57.0,0,23.3,Low,188
PT100014,2024-03-15,CL05,45,Male,22.0,140,83,75,93,5.0,205,Non-Smoker,5,0,73.0,1,43.2,Moderate,82
PT100903,2024-03-15,CL01,59,Female,23.6,110,,,93,5.5,194,Non-Smoker,3,0,86.0,1,23.9,Low,317
PT101023,2024-03-15,CL06,37,Male,45.1,132,87,90,115,6.6,405,Smoker,3,0,88.0,2,84.4,High,29
PT100947,2024-03-16,CL04,70,Male,32.9,148,85,84,99,5.4,184,,0,0,75.0,2,,High,28
PT101049,2024-03-18,CL05,54,Male,32.8,130,,66,110,6.3,215,,3,0,70.0,3,75.7,High,16
PT100292,2024-03-19,CL01,54,Female,30.0,118,72,61,107,,206,Non-Smoker,4,0,81.0,2,54.9,Moderate,83
PT100770,2024-03-19,CL04,51,Female,25.7,131,71,66,76,4.6,219,Non-Smoker,1,0,91.0,0,46.6,Moderate,71
PT101036,2024-03-19,CL04,40,Female,33.9,123,80,81,99,,181,Non-Smoker,2,0,68.0,1,46.7,Moderate,60
PT100825,2024-03-20,CL05,67,Male,22.6,109,50,76,89,5.1,179,Non-Smoker,2,0,77.0,0,42.9,Moderate,74
PT101025,2024-03-21,CL04,42,Female,29.1,131,75,58,86,4.9,,Non-Smoker,4,0,65.0,0,21.9,Low,245
PT100094,2024-03-22,CL02,42,Male,26.4,126,91,80,95,5.2,230,Non-Smoker,2,0,,4,29.5,Low,227
PT100571,2024-03-22,CL02,74,Female,27.4,142,86,81,91,5.6,213,Non-Smoker,2,0,,3,93.1,High,23
PT100464,2024-03-23,CL02,53,Male,25.3,118,88,70,76,5.4,150,Non-Smoker,4,1,76.0,3,22.7,Low,206
PT100724,2024-03-24,CL06,79,Male,24.4,116,73,70,95,5.7,209,Non-Smoker,4,1,71.0,3,53.9,Moderate,63
PT100777,2024-03-25,,54,Male,24.6,117,64,,,4.9,125,Non-Smoker,3,1,93.0,2,34.9,Low,349
PT100931,2024-03-25,CL02,48,Female,26.6,88,53,97,94,4.9,183,Smoker,2,0,,2,62.7,Moderate,62
PT101017,2024-03-25,CL04,50,Female,25.9,117,72,71,89,4.9,180,Non-Smoker,5,0,78.0,1,50.2,Moderate,90
PT100229,2024-03-26,CL04,48,Female,27.1,127,83,65,85,4.8,208,Non-Smoker,2,0,94.0,2,26.1,Low,264
PT100527,2024-03-26,CL06,56,,33.9,137,87,,101,5.6,232,Non-Smoker,3,0,,2,88.8,High,22
PT100504,2024-03-27,CL03,18,Female,26.9,78,57,63,92,5.5,195,,2,0,66.0,0,8.0,Low,208
PT100017,2024-03-28,CL03,78,Female,39.9,152,95,68,123,5.9,196,Non-Smoker,3,0,61.0,1,92.5,High,17
PT100108,2024-03-28,CL02,56,Male,21.4,121,85,78,82,4.9,183,Smoker,2,0,46.0,3,71.0,High,15
PT100326,2024-03-28,CL04,35,Male,30.2,116,65,74,83,5.7,200,Smoker,1,0,74.0,0,35.6,Moderate,89
PT100425,2024-03-28,CL04,56,Female,25.0,116,69,74,161,7.4,189,Non-Smoker,4,1,,6,82.0,High,22
PT100944,2024-03-28,CL02,65,Male,25.5,147,81,82,79,4.9,173,Smoker,2,0,93.0,1,76.7,High,17
PT100517,2024-03-29,,66,Female,29.6,139,74,83,97,4.9,,Non-Smoker,3,0,72.0,1,80.3,High,19
PT100967,2024-03-29,CL06,55,Male,25.3,141,89,52,75,5.5,180,,3,0,97.0,0,60.7,Moderate,73
PT101200,2024-03-30,CL04,60,Male,,105,68,78,94,5.4,173,Non-Smoker,0,0,58.0,0,48.1,Moderate,83
PT100721,2024-03-31,CL03,55,Female,21.0,112,67,69,86,5.0,,Non-Smoker,3,0,71.0,3,37.5,Moderate,73
PT100507,2024-04-01,CL02,49,Male,29.0,110,77,79,86,,226,Non-Smoker,,0,63.0,2,36.5,Moderate,80
PT100429,2024-04-02,CL01,52,Male,24.6,135,84,72,100,6.2,166,Smoker,1,0,75.0,0,86.8,High,26
PT100498,2024-04-02,CL04,68,Male,24.6,112,72,61,86,4.9,194,Smoker,3,0,66.0,2,57.4,Moderate,82
PT100321,2024-04-03,CL06,53,Female,33.0,114,84,71,100,5.9,252,Non-Smoker,1,0,79.0,0,60.5,Moderate,72
PT100626,2024-04-03,CL02,29,Male,22.6,,79,69,96,6.1,186,Smoker,,,,0,43.0,Moderate,66
PT100609,2024-04-04,CL04,74,Male,,146,78,75,109,6.1,202,Non-Smoker,,0,72.0,4,94.0,High,30
PT100717,2024-04-04,CL03,61,Male,31.9,118,86,70,98,5.9,,Smoker,1,1,65.0,2,85.5,High,16
PT100771,2024-04-04,CL02,46,Female,,119,73,59,80,5.3,177,Non-Smoker,3,0,62.0,2,36.6,Moderate,71
PT100785,2024-04-05,CL06,58,Female,35.1,153,83,87,106,5.7,230,Non-Smoker,,1,85.0,4,81.6,High,17
PT100596,2024-04-06,CL02,51,Female,20.0,,73,56,79,5.2,196,Non-Smoker,6,1,66.0,3,43.8,Moderate,81
PT101146,2024-04-06,CL02,67,Female,23.8,117,81,76,106,,187,Smoker,2,1,81.0,0,61.4,Moderate,66
PT100168,2024-04-07,CL05,51,Female,29.4,113,69,65,118,6.1,153,Non-Smoker,,0,89.0,1,42.4,Moderate,64
PT100917,2024-04-07,CL01,59,Male,,131,80,83,94,4.8,189,Non-Smoker,4,0,86.0,1,52.4,Moderate,84
PT100358,2024-04-08,CL05,59,Female,27.8,124,72,,94,5.4,175,Non-Smoker,3,1,64.0,3,69.8,High,24
PT101092,2024-04-09,CL04,64,Female,27.2,133,92,88,81,,183,Smoker,3,0,93.0,0,77.3,High,18
PT100901,2024-04-10,CL03,38,Female,22.8,,73,77,88,5.6,152,Smoker,2,1,,1,51.2,Moderate,88
PT100289,2024-04-11,CL03,37,Female,28.6,124,81,85,175,8.4,279,Smoker,3,0,84.0,4,90.6,High,15
PT100570,2024-04-11,CL03,19,Male,25.4,112,76,75,73,4.6,171,Non-Smoker,4,0,58.0,0,8.7,Low,283
PT100592,2024-04-11,CL03,75,Male,38.7,141,84,86,178,8.8,211,Smoker,1,0,81.0,4,99.8,High,18
PT101008,2024-04-11,CL02,44,Female,22.5,97,67,74,79,5.5,183,Non-Smoker,2,0,57.0,0,15.8,Low,265
PT101150,2024-04-11,CL06,69,Female,22.2,121,75,64,80,4.6,215,Non-Smoker,2,0,76.0,1,48.0,Moderate,82
PT100037,2024-04-12,CL01,47,Male,,107,58,68,85,4.8,,Non-Smoker,1,0,,2,52.4,Moderate,62
PT100924,2024-04-12,CL03,70,Female,25.7,140,81,58,179,9.1,221,Non-Smoker,2,1,56.0,3,99.0,High,14
PT101102,2024-04-13,CL02,47,Female,21.9,95,67,81,104,5.4,156,Non-Smoker,2,1,84.0,1,15.2,Low,359
PT100747,2024-04-14,CL02,59,Female,23.9,117,74,78,93,4.9,196,,2,0,75.0,2,38.9,Moderate,82
PT100866,2024-04-14,CL06,75,Male,24.5,143,96,70,97,5.7,267,Non-Smoker,3,0,26.0,5,85.3,High,15
PT100718,2024-04-15,CL01,38,Female,28.3,97,66,94,91,5.6,167,Non-Smoker,2,0,66.0,2,38.6,Moderate,89
PT100048,2024-04-17,CL02,53,Female,24.9,136,89,68,,5.8,255,Non-Smoker,5,0,78.0,2,53.9,Moderate,67
PT101177,2024-04-17,CL03,68,Female,32.5,113,73,84,98,6.0,192,Non-Smoker,1,0,,1,76.9,High,22
PT100586,2024-04-18,CL04,21,Female,24.0,111,71,68,77,,168,Non-Smoker,3,0,60.0,0,,Low,250
PT101189,2024-04-20,CL01,55,Male,35.2,120,76,76,101,5.8,174,Smoker,1,1,77.0,2,92.9,High,19
PT100081,2024-04-21,CL04,48,Female,23.3,145,,92,79,4.9,198,Smoker,2,,92.0,4,68.4,High,15
PT100354,2024-04-21,CL03,58,Male,34.6,152,103,70,113,5.9,213,Non-Smoker,3,0,67.0,1,90.3,High,27
PT100505,2024-04-21,CL03,40,Female,31.2,118,84,57,100,5.5,187,Non-Smoker,1,0,83.0,1,55.2,Moderate,83
PT100530,2024-04-22,CL02,62,Male,25.6,106,77,79,96,5.8,211,Non-Smoker,2,0,74.0,4,46.6,Moderate,89
PT100873,2024-04-22,CL06,51,Male,25.6,110,62,91,93,5.4,233,Non-Smoker,,0,93.0,0,23.4,Low,312
PT100151,2024-04-23,CL05,54,Male,31.0,122,71,78,105,,,Smoker,1,,75.0,0,66.6,High,28
PT100219,2024-04-24,CL06,64,Male,28.0,111,58,67,92,5.6,,Non-Smoker,2,0,95.0,3,45.9,Moderate,82
PT100184,2024-04-26,CL02,33,Male,23.9,115,67,71,80,5.3,,Non-Smoker,3,0,88.0,2,8.4,Low,316
PT101009,2024-04-26,CL04,42,Female,29.9,115,74,73,104,5.2,,Non-Smoker,,0,81.0,4,26.6,Low,247
PT101038,2024-04-26,CL02,69,Male,28.4,121,70,79,,,,Smoker,2,0,86.0,1,77.1,High,21
PT100371,2024-04-27,CL05,44,Female,33.0,101,68,85,107,5.9,,Non-Smoker,4,0,75.0,0,47.3,Moderate,79
PT100497,2024-04-27,CL03,18,Female,19.6,92,61,44,,5.4,148,Non-Smoker,7,1,91.0,0,3.6,Low,231
PT100600,2024-04-29,CL04,54,Female,29.3,134,88,59,100,5.6,153,Non-Smoker,4,0,88.0,1,73.9,High,22
PT100477,2024-04-30,CL03,76,Female,27.9,133,76,82,,8.9,204,Non-Smoker,0,1,84.0,1,98.4,High,14
PT100163,2024-05-02,CL02,30,Female,22.2,104,64,89,95,5.7,180,Smoker,2,0,60.0,1,30.1,Low,257
PT100322,2024-05-03,CL03,20,Female,20.8,78,56,74,82,5.0,165,Non-Smoker,5,0,,0,3.8,Low,338
PT100759,2024-05-03,CL01,43,Male,27.7,116,67,73,139,6.1,179,,3,1,87.0,1,83.4,High,25
PT100216,2024-05-04,CL04,54,Female,22.9,,69,74,98,5.7,185,Smoker,,0,,2,36.2,Moderate,83
PT100793,2024-05-05,CL02,59,Male,32.8,128,85,80,94,5.3,226,Non-Smoker,3,0,76.0,0,74.2,High,18
PT100259,2024-05-06,CL01,54,Male,32.4,125,85,87,101,5.3,192,Smoker,,0,66.0,0,78.4,High,26
PT100532,2024-05-06,CL04,67,Female,26.1,137,78,68,98,5.8,188,Non-Smoker,3,0,51.0,2,66.2,High,22
PT100602,2024-05-06,CL05,70,Female,27.3,110,56,,100,6.0,151,Non-Smoker,1,1,89.0,3,61.2,Moderate,64
PT100975,2024-05-06,CL02,32,,20.9,110,70,,,4.7,182,Non-Smoker,5,0,86.0,1,5.7,Low,313
PT100417,2024-05-07,CL01,34,,29.7,115,74,79,80,4.3,206,Smoker,2,1,61.0,0,64.7,Moderate,
PT100038,2024-05-09,CL03,24,Male,29.8,98,55,58,100,5.9,130,Non-Smoker,5,1,96.0,1,19.2,Low,267
PT100833,2024-05-09,,61,Male,32.8,121,85,71,96,5.6,201,Non-Smoker,1,0,53.0,1,52.6,Moderate,77
PT100806,2024-05-10,CL01,72,Male,29.8,132,93,69,102,5.7,200,Smoker,3,0,,3,94.2,High,23
PT100990,2024-05-10,CL05,68,Female,30.4,143,79,,84,4.9,188,Non-Smoker,2,0,72.0,1,51.8,Moderate,75
PT101119,2024-05-10,CL02,18,Male,20.6,84,57,64,85,5.1,86,Non-Smoker,4,0,63.0,0,4.2,Low,260
PT100068,2024-05-11,CL02,39,Female,24.3,110,66,74,96,4.8,243,Smoker,2,0,85.0,1,46.2,Moderate,71
PT100232,2024-05-12,CL02,40,Male,35.5,131,,78,107,5.7,218,Smoker,4,1,70.0,0,88.3,High,18
PT100792,2024-05-13,CL02,26,Male,22.5,130,80,83,76,4.3,149,Non-Smoker,4,1,60.0,0,32.1,Low,310
PT101176,2024-05-16,CL05,70,Male,24.7,131,80,74,83,4.9,228,Non-Smoker,0,1,49.0,3,76.0,High,20
PT101173,2024-05-18,CL02,47,Female,26.1,,57,78,92,5.6,,Non-Smoker,2,0,,1,17.0,Low,203
PT101188,2024-05-18,CL06,50,Male,30.3,144,97,68,76,4.9,180,Non-Smoker,3,0,77.0,1,66.5,High,30
PT100318,2024-05-19,CL04,53,Male,24.5,114,78,71,86,5.2,208,Non-Smoker,,0,63.0,0,41.9,Moderate,69
PT100868,2024-05-19,CL05,44,Female,32.2,116,75,53,116,6.8,204,Non-Smoker,5,0,89.0,2,46.2,Moderate,85
PT100117,2024-05-20,CL05,34,Male,25.0,112,66,68,84,4.8,412,Smoker,3,0,77.0,0,43.6,Moderate,73
PT100101,2024-05-26,CL06,68,Male,25.4,133,87,83,94,,218,Non-Smoker,4,0,84.0,1,74.1,High,29
PT100821,2024-05-26,CL01,38,,28.3,126,70,82,76,5.1,195,Non-Smoker,2,0,69.0,0,44.1,Moderate,60
PT100705,2024-05-27,CL02,32,Female,21.3,127,72,82,92,5.2,155,Non-Smoker,2,0,77.0,1,22.6,Low,289
PT100374,2024-05-30,CL02,53,Female,37.4,109,66,74,129,6.2,230,Non-Smoker,3,0,80.0,1,69.9,High,17
PT100442,2024-05-30,CL01,49,Female,30.4,126,84,88,95,5.3,238,Non-Smoker,4,0,81.0,2,39.4,Moderate,81
PT100605,2024-05-30,CL06,37,Male,24.7,113,70,75,74,4.3,220,,2,0,,0,26.8,Low,332
PT100668,2024-05-30,CL06,54,Male,26.0,122,78,61,92,5.3,195,Non-Smoker,3,0,79.0,0,35.5,Moderate,70
PT101157,2024-05-30,CL01,18,Male,26.1,,81,65,103,6.2,,Non-Smoker,4,1,,2,33.5,Low,195
PT100307,2024-05-31,CL02,58,Male,22.6,112,73,87,89,5.5,217,Non-Smoker,4,0,75.0,1,44.6,Moderate,72
PT100665,2024-05-31,CL02,48,Male,23.4,116,68,82,71,5.0,186,Non-Smoker,4,1,71.0,0,47.4,Moderate,62
PT100399,2024-06-01,CL03,61,,37.1,139,77,91,195,9.2,171,Non-Smoker,1,0,96.0,3,98.7,High,16
PT100420,2024-06-01,CL06,59,Female,28.4,135,80,83,82,4.9,243,Non-Smoker,,0,,3,55.7,Moderate,81
PT100650,2024-06-01,CL01,56,Female,24.1,118,75,72,70,4.1,203,Non-Smoker,4,0,63.0,3,17.5,Low,205
PT100008,2024-06-03,CL05,36,Male,20.3,101,60,64,80,5.1,,Non-Smoker,4,0,29.0,2,4.8,Low,300
PT100735,2024-06-03,CL01,41,Male,24.0,120,71,70,73,5.1,168,Non-Smoker,5,0,88.0,0,38.8,Moderate,80
PT101090,2024-06-03,CL03,43,Female,21.2,114,82,86,87,,125,Non-Smoker,2,1,,1,25.7,Low,291
PT101046,2024-06-04,CL02,65,Male,24.1,88,63,65,93,5.6,185,Non-Smoker,2,0,68.0,3,24.6,Low,277
PT100751,2024-06-05,CL02,57,Female,25.0,105,76,,94,5.6,141,Non-Smoker,6,1,75.0,2,22.4,Low,338
PT101154,2024-06-05,CL01,45,Female,23.9,110,68,70,89,4.8,159,,6,1,80.0,2,10.3,Low,279
PT100541,2024-06-06,CL06,41,Female,21.8,123,76,71,90,,191,Non-Smoker,2,0,75.0,2,34.0,Low,217
PT100581,2024-06-08,CL03,65,Male,25.7,123,95,75,98,,,,2,0,70.0,2,46.5,Moderate,76
PT100693,2024-06-09,CL02,64,Female,26.1,129,82,50,99,6.3,188,Non-Smoker,1,0,99.0,1,62.0,Moderate,90
PT100569,2024-06-10,CL02,60,Male,27.3,130,78,69,91,,,Non-Smoker,4,0,87.0,1,26.9,Low,280
PT100585,2024-06-10,CL06,49,Male,31.7,129,81,60,89,4.8,151,Non-Smoker,4,0,78.0,1,53.1,Moderate,65
PT100393,2024-06-11,CL03,54,Female,31.5,110,62,82,110,5.8,177,Non-Smoker,2,1,,2,73.4,High,25
PT100538,2024-06-11,CL01,69,Female,24.9,146,92,78,87,5.3,156,Non-Smoker,2,0,82.0,1,57.5,Moderate,73
PT101000,2024-06-11,CL02,62,Female,36.9,148,83,82,106,6.1,183,Non-Smoker,1,0,65.0,0,87.7,High,30
PT100198,2024-06-12,CL05,55,Female,27.8,106,74,84,95,5.2,195,Non-Smoker,3,0,82.0,2,22.5,Low,362
PT100455,2024-06-13,CL01,67,Female,31.4,117,61,,147,7.7,268,Non-Smoker,2,0,80.0,1,84.3,High,16
PT100459,2024-06-13,CL05,52,Female,25.8,135,96,82,99,5.4,143,Non-Smoker,5,1,93.0,2,66.1,High,24
PT100647,2024-06-15,CL01,42,Female,29.8,118,64,66,75,5.1,253,Non-Smoker,1,0,90.0,1,46.9,Moderate,85
PT100845,2024-06-16,CL01,73,Male,22.5,105,75,,95,5.0,187,Non-Smoker,0,0,73.0,3,39.6,Moderate,82
PT100954,2024-06-16,CL01,51,Female,28.6,108,69,67,99,5.5,210,Non-Smoker,2,1,63.0,2,72.2,High,14
PT100173,2024-06-17,CL02,63,Male,23.9,117,74,78,91,5.0,207,Non-Smoker,2,1,83.0,3,73.7,High,19
PT100291,2024-06-17,CL05,59,Male,,121,76,56,,6.0,219,Non-Smoker,2,0,,3,37.3,Moderate,65
PT100309,2024-06-17,,49,Male,22.8,116,68,84,78,4.2,231,Non-Smoker,5,0,77.0,0,22.4,Low,350
PT100880,2024-06-17,CL03,47,Male,42.9,106,84,81,144,7.3,202,Non-Smoker,4,0,71.0,2,85.9,High,21
PT100631,2024-06-19,CL06,62,Male,25.7,,67,68,72,5.0,216,Non-Smoker,0,1,90.0,1,66.2,High,29
PT100565,2024-06-20,CL04,71,Male,33.6,126,69,80,86,4.9,172,Non-Smoker,2,0,82.0,4,50.8,Moderate,89
PT101073,2024-06-21,CL03,89,Female,28.9,129,77,76,101,5.9,249,Non-Smoker,2,0,96.0,3,90.3,High,15
PT101141,2024-06-21,CL02,53,Male,27.4,135,73,74,88,5.0,173,Non-Smoker,,1,93.0,1,,High,14
PT100614,2024-06-22,CL06,35,Female,21.5,112,83,70,83,4.8,173,Smoker,2,0,52.0,1,35.1,Moderate,65
PT100988,2024-06-22,CL01,67,Female,32.1,,79,75,93,4.9,226,Non-Smoker,,0,85.0,1,69.4,High,18
PT100829,2024-06-23,CL05,67,Male,27.6,117,72,90,98,5.9,247,Smoker,1,0,59.0,0,76.3,High,23
PT100867,2024-06-23,CL05,55,Female,20.3,108,65,63,92,5.5,221,Non-Smoker,5,,83.0,1,19.6,Low,201
PT100795,2024-06-24,CL01,50,Female,33.0,128,83,85,105,6.1,169,Non-Smoker,3,1,79.0,,78.5,High,17
PT100863,2024-06-25,CL05,77,Female,21.8,128,76,65,92,5.7,276,Non-Smoker,5,1,68.0,3,91.5,High,17
PT100238,2024-06-27,CL05,53,Male,29.9,129,66,63,99,4.9,194,Non-Smoker,3,1,74.0,2,72.9,High,30
PT101094,2024-06-27,CL02,50,Male,26.6,111,77,88,90,5.0,188,Non-Smoker,2,,65.0,4,44.4,Moderate,71
PT100620,2024-06-28,CL01,60,Male,31.0,107,65,80,98,5.2,219,Non-Smoker,3,0,70.0,4,54.3,Moderate,72
PT100962,2024-06-28,CL03,68,Male,30.5,155,95,84,94,5.9,,Smoker,,1,83.0,2,95.8,High,17
PT100003,2024-06-29,CL05,53,Female,30.1,128,64,79,100,5.7,192,Non-Smoker,,0,75.0,1,60.6,Moderate,65
PT100783,2024-06-29,CL03,61,Female,27.1,121,75,81,97,5.7,249,Non-Smoker,2,0,70.0,4,58.0,Moderate,70
PT101072,2024-06-29,CL04,27,Female,27.5,106,85,80,92,5.5,,Non-Smoker,4,0,64.0,0,17.2,Low,360
PT100587,2024-06-30,CL01,49,Male,29.8,107,,72,88,5.7,213,Non-Smoker,4,,77.0,0,31.4,Low,322
PT100676,2024-06-30,CL02,37,Female,19.8,101,71,85,87,5.5,132,Non-Smoker,3,0,,0,8.5,Low,324
PT100852,2024-06-30,CL01,64,Male,21.6,,81,61,69,4.5,153,Non-Smoker,1,0,38.0,2,,Moderate,72
PT100767,2024-07-01,CL01,25,Male,31.3,107,69,55,98,5.2,196,Non-Smoker,5,1,84.0,2,19.8,Low,253
PT100966,2024-07-01,CL03,26,Female,24.7,112,71,59,87,5.1,188,Non-Smoker,5,0,61.0,2,5.6,Low,322
PT101057,2024-07-02,,44,Male,27.0,110,66,64,93,5.2,208,Non-Smoker,,0,76.0,0,18.5,Low,196
PT101066,2024-07-02,CL06,62,Male,19.4,123,65,54,89,5.1,179,Non-Smoker,2,1,89.0,3,69.8,High,25
PT100653,2024-07-03,CL04,44,Female,24.7,114,81,74,101,5.6,199,Non-Smoker,,0,,3,58.5,Moderate,84
PT100696,2024-07-03,CL03,60,Female,25.0,116,91,76,77,4.0,171,Non-Smoker,1,1,70.0,1,62.1,Moderate,90
PT100103,2024-07-04,CL02,31,Male,23.3,118,82,88,97,6.0,167,Non-Smoker,2,1,61.0,0,64.5,Moderate,82
PT101185,2024-07-04,CL01,71,Male,29.0,118,67,66,99,5.0,,Non-Smoker,0,1,75.0,3,78.2,High,18
PT100029,2024-07-05,CL01,70,Female,31.3,,75,,109,6.2,246,Non-Smoker,1,0,80.0,1,79.6,High,28
PT100114,2024-07-05,CL03,65,Female,26.9,119,76,47,93,5.6,158,Non-Smoker,2,0,63.0,1,49.3,Moderate,74
PT100882,2024-07-05,CL04,62,Female,27.2,131,73,76,,5.0,205,Smoker,3,0,54.0,3,92.9,High,24
PT100206,2024-07-06,CL02,48,Male,22.6,106,79,67,85,5.5,224,Non-Smoker,3,0,96.0,0,22.7,Low,319
PT101169,2024-07-06,CL05,65,Female,24.9,118,73,81,79,4.8,189,Non-Smoker,4,0,63.0,1,59.7,Moderate,69
PT100022,2024-07-08,CL02,35,Male,22.1,108,78,61,66,4.6,138,Non-Smoker,5,1,85.0,1,2.7,Low,349
PT100205,2024-07-08,CL01,42,Female,28.1,121,76,81,104,6.1,,Smoker,2,0,,2,44.0,Moderate,86
PT100648,2024-07-09,CL03,39,Male,28.2,121,67,72,90,5.1,218,Non-Smoker,1,1,70.0,5,29.3,Low,215
PT100733,2024-07-09,CL01,52,Male,33.1,133,91,79,112,6.4,191,Smoker,0,1,92.0,1,82.5,High,28
PT100946,2024-07-09,,65,Female,29.3,139,86,54,102,5.7,187,Non-Smoker,4,0,47.0,2,59.8,Moderate,67
PT100383,2024-07-10,CL05,71,Male,29.2,143,99,71,85,5.3,183,Smoker,3,1,57.0,5,88.3,High,15
PT100543,2024-07-11,CL05,47,Female,55.8,110,67,72,98,5.1,229,Non-Smoker,2,1,75.0,1,34.5,Low,185
PT100712,2024-07-11,CL04,62,Male,21.2,119,79,84,92,6.0,194,Non-Smoker,5,0,92.0,2,39.0,Moderate,70
PT100443,2024-07-12,CL04,40,Male,19.4,124,90,83,77,5.3,224,Non-Smoker,4,0,81.0,1,21.3,Low,355
PT100745,2024-07-12,CL03,56,Female,21.9,119,76,89,100,5.6,190,Non-Smoker,3,0,91.0,2,40.6,Moderate,62
PT100787,2024-07-13,CL05,64,Male,23.2,113,75,81,88,5.4,193,Non-Smoker,3,0,93.0,1,31.2,Low,209
PT101182,2024-07-13,CL01,46,Male,22.8,123,72,46,98,4.9,193,Non-Smoker,5,,90.0,5,37.0,Moderate,79
PT100537,2024-07-15,CL03,46,Female,26.6,114,72,81,85,5.1,163,Non-Smoker,2,0,90.0,3,11.6,Low,245
PT100847,2024-07-15,CL02,55,Male,36.2,123,87,70,113,5.7,245,Non-Smoker,2,0,86.0,1,65.9,High,15
PT100803,2024-07-16,CL06,74,Male,27.4,120,79,81,87,,197,Non-Smoker,2,1,80.0,4,41.1,Moderate,73
PT100522,2024-07-17,CL02,44,Female,32.7,126,80,72,88,5.4,212,Non-Smoker,1,0,88.0,1,56.6,Moderate,63
PT100595,2024-07-17,CL01,61,Female,21.3,101,66,67,84,4.8,173,Non-Smoker,5,1,88.0,1,24.7,Low,255
PT100757,2024-07-17,CL02,64,Female,20.9,115,76,72,78,5.3,221,Non-Smoker,3,0,75.0,2,31.0,Low,345
PT101032,2024-07-17,CL04,43,Male,31.3,119,76,83,91,5.4,196,Non-Smoker,3,0,93.0,2,62.7,Moderate,81
PT100826,2024-07-18,CL01,51,Male,20.2,127,80,64,87,4.5,268,Smoker,4,1,98.0,2,58.4,Moderate,88
PT100047,2024-07-19,CL02,46,Female,23.2,134,94,65,81,4.5,221,Non-Smoker,1,0,78.0,5,51.3,Moderate,62
PT100175,2024-07-19,CL01,46,Female,25.8,,,69,84,5.2,151,Non-Smoker,3,1,85.0,2,27.9,Low,263
PT100262,2024-07-20,CL05,61,Female,29.8,,85,74,99,6.1,166,Non-Smoker,1,0,,5,73.4,High,23
PT100823,2024-07-20,CL02,73,Female,22.5,124,96,62,95,5.6,173,Non-Smoker,5,0,46.0,1,69.4,High,30
PT100987,2024-07-20,CL02,25,Male,28.6,113,70,,198,8.7,228,Smoker,4,0,92.0,2,90.7,High,30
PT101144,2024-07-20,CL05,44,Female,24.1,123,73,59,168,8.0,150,,3,0,88.0,0,88.1,High,17
PT100824,2024-07-21,CL04,37,Male,25.1,113,84,80,,4.6,175,Smoker,3,,80.0,0,15.9,Low,194
PT100049,2024-07-22,CL04,23,Female,21.0,106,72,76,84,5.1,164,Non-Smoker,5,0,76.0,0,11.6,Low,348
PT100601,2024-07-22,CL03,57,Female,29.3,128,83,79,103,6.7,206,Non-Smoker,4,1,36.0,4,86.3,High,20
PT101080,2024-07-23,CL02,60,Female,29.3,142,87,83,109,5.8,175,Smoker,,0,80.0,1,93.8,High,29
PT100203,2024-07-24,CL03,43,Male,26.6,129,77,68,76,4.7,236,Smoker,3,0,85.0,4,37.0,Moderate,70
PT100458,2024-07-24,CL03,39,Female,23.6,124,80,64,75,4.7,135,Non-Smoker,4,0,84.0,1,8.8,Low,286
PT100950,2024-07-24,CL02,58,Male,22.3,124,84,101,85,5.3,,Smoker,1,1,72.0,0,63.8,Moderate,79
PT101029,2024-07-24,CL04,53,Male,21.3,100,80,73,94,5.1,253,Non-Smoker,2,1,,3,41.8,Moderate,70
PT100588,2024-07-25,CL02,64,Female,26.6,113,84,69,365,5.4,228,Non-Smoker,0,0,,1,,High,28
PT100674,2024-07-25,CL04,29,Male,21.6,119,78,71,62,4.2,145,Non-Smoker,3,0,97.0,0,3.5,Low,263
PT101165,2024-07-25,CL01,55,Female,26.4,115,61,69,85,4.9,178,Non-Smoker,3,1,77.0,3,64.9,Moderate,60
PT100926,2024-07-26,CL02,67,Male,,145,96,63,81,5.0,190,Non-Smoker,3,0,74.0,2,57.1,Moderate,90
PT100248,2024-07-29,CL02,31,Female,24.8,99,69,56,78,4.5,240,Non-Smoker,3,0,90.0,1,7.1,Low,239
PT100655,2024-07-29,CL05,76,Male,33.7,130,89,58,111,5.7,199,Non-Smoker,4,0,,2,85.8,High,24
PT100923,2024-07-29,CL04,59,Male,25.4,137,83,61,102,5.8,193,Non-Smoker,3,1,78.0,3,78.8,High,30
PT100982,2024-07-29,CL05,89,Female,27.1,150,85,74,,,176,Smoker,3,0,71.0,4,93.7,High,23
PT101022,2024-07-29,CL04,59,Male,21.1,113,67,64,75,5.3,222,Non-Smoker,3,1,97.0,5,23.5,Low,195
PT100325,2024-07-31,CL05,58,Male,24.1,114,69,60,75,,171,Non-Smoker,5,,99.0,2,10.6,Low,357
PT100271,2024-08-01,CL01,18,Female,21.8,108,71,78,70,4.4,142,Non-Smoker,5,1,45.0,2,7.7,Low,215
PT100409,2024-08-01,CL01,71,Male,22.3,115,79,66,98,5.1,187,Non-Smoker,3,1,95.0,4,41.9,Moderate,83
PT100730,2024-08-01,CL03,54,Male,24.6,124,79,88,92,5.4,197,Smoker,,0,78.0,1,57.3,Moderate,60
PT100401,2024-08-02,CL02,40,Female,23.7,124,73,56,87,5.2,141,Non-Smoker,2,0,63.0,1,21.2,Low,266
PT100754,2024-08-02,CL03,43,Female,29.1,97,66,84,78,4.7,241,Non-Smoker,3,0,88.0,1,35.0,Moderate,61
PT100302,2024-08-03,CL01,43,Male,27.5,124,74,57,90,5.7,246,,4,1,,2,50.9,Moderate,82
PT100147,2024-08-04,CL02,50,Female,22.3,115,69,93,80,5.1,231,Smoker,0,0,95.0,1,34.9,Low,215
PT100432,2024-08-04,CL05,82,Female,26.0,126,73,64,82,5.2,241,Non-Smoker,2,0,68.0,2,53.7,Moderate,76
PT100896,2024-08-04,CL06,71,Male,26.5,137,84,58,110,6.2,225,Non-Smoker,1,1,72.0,3,90.4,High,18
PT100996,2024-08-04,CL03,28,Male,28.2,108,56,90,107,6.0,168,Smoker,2,0,95.0,0,20.6,Low,324
PT101083,2024-08-04,CL06,53,Female,26.4,109,80,70,77,4.4,190,Non-Smoker,1,0,90.0,1,38.8,Moderate,60
PT100499,2024-08-05,CL02,34,Male,25.0,113,63,82,77,4.7,194,Non-Smoker,3,0,75.0,0,15.3,Low,358
PT100993,2024-08-05,CL05,63,Male,28.6,120,77,90,,5.0,194,Smoker,1,0,81.0,2,80.0,High,30
PT101164,2024-08-05,CL01,41,Male,22.1,127,77,86,75,4.6,215,Non-Smoker,5,0,72.0,0,29.1,Low,329
PT100157,2024-08-06,CL02,18,Male,33.9,121,85,67,84,4.6,202,Non-Smoker,4,0,55.0,0,26.6,Low,283
PT100985,2024-08-06,CL01,62,Female,30.6,148,83,78,104,5.3,187,Smoker,1,0,67.0,2,83.3,High,25
PT101081,2024-08-07,CL02,55,Male,30.8,135,92,70,365,4.9,199,Non-Smoker,1,0,71.0,3,62.1,Moderate,82
PT101171,2024-08-07,CL02,56,Female,26.2,115,82,66,79,,194,Non-Smoker,,0,67.0,2,30.8,Low,334
PT100097,2024-08-08,CL02,62,Male,39.7,,77,74,114,6.1,166,Non-Smoker,2,0,89.0,2,90.4,High,23
PT100135,2024-08-08,CL03,40,Male,21.6,122,66,61,176,8.2,158,,2,1,88.0,3,67.5,High,14
PT100167,2024-08-08,CL05,69,Male,28.9,140,88,71,112,6.4,169,Non-Smoker,3,0,64.0,1,83.6,High,15
PT100502,2024-08-08,CL06,68,Male,23.8,121,75,64,96,5.5,253,Non-Smoker,4,0,61.0,4,41.6,Moderate,90
PT100583,2024-08-08,CL01,65,Male,27.8,143,89,59,84,5.4,158,Non-Smoker,4,1,64.0,4,44.3,Moderate,70
PT100171,2024-08-09,CL02,37,Male,27.7,101,60,86,,5.4,,Non-Smoker,4,0,74.0,2,20.1,Low,339
PT100637,2024-08-09,CL04,57,Female,21.9,108,78,89,82,4.6,204,Non-Smoker,2,0,95.0,1,25.6,Low,277
PT100657,2024-08-09,CL05,30,Male,26.2,93,65,67,93,5.6,165,Non-Smoker,1,1,61.0,3,15.4,Low,334
PT100900,2024-08-09,CL03,56,Male,22.0,121,77,62,103,5.2,166,Non-Smoker,3,,76.0,0,57.7,Moderate,60
PT100145,2024-08-11,CL03,68,Female,23.4,,81,68,98,5.1,228,Non-Smoker,4,0,77.0,2,65.1,High,20
PT100132,2024-08-12,CL06,29,Male,29.3,104,72,79,82,5.4,170,Non-Smoker,4,0,63.0,1,24.6,Low,265
PT100535,2024-08-13,CL01,69,Female,33.5,103,64,77,,5.3,,Non-Smoker,2,1,71.0,5,61.6,Moderate,65
PT100348,2024-08-14,CL02,48,Female,27.7,109,68,,114,5.7,130,Smoker,2,1,82.0,1,75.6,High,28
PT100284,2024-08-15,CL02,66,Female,29.9,141,87,96,100,5.8,235,Non-Smoker,1,0,97.0,2,89.1,High,29
PT100846,2024-08-15,CL06,51,Male,24.3,114,89,69,91,5.7,224,Non-Smoker,3,1,83.0,2,59.1,Moderate,77
PT100610,2024-08-16,CL03,69,Female,18.6,138,82,87,77,,216,Non-Smoker,6,0,73.0,1,31.3,Low,245
PT100798,2024-08-16,CL01,58,Female,23.1,109,91,80,80,5.1,,Non-Smoker,3,1,74.0,1,62.3,Moderate,82
PT101108,2024-08-16,CL02,36,Male,25.0,112,71,69,81,4.5,183,Smoker,3,0,88.0,1,39.8,Moderate,77
PT100678,2024-08-18,CL03,48,Female,19.4,104,,61,84,4.7,144,Non-Smoker,4,0,,1,20.8,Low,271
PT100808,2024-08-18,CL01,69,Male,24.9,140,94,,95,5.4,191,Smoker,3,0,79.0,2,76.6,High,27
PT101001,2024-08-18,CL01,57,Female,27.8,111,69,56,99,5.7,188,Non-Smoker,0,1,42.0,0,60.4,Moderate,60
PT100473,2024-08-21,CL01,56,Female,20.3,108,63,76,73,4.9,205,Non-Smoker,4,0,88.0,0,12.7,Low,192
PT101055,2024-08-21,CL02,47,Male,31.5,125,64,86,103,,191,Non-Smoker,2,0,74.0,0,37.7,Moderate,68
PT100116,2024-08-22,CL05,43,Male,24.9,111,74,70,92,5.5,181,Smoker,5,0,67.0,1,56.4,Moderate,66
PT100682,2024-08-22,CL01,67,Male,29.4,123,77,78,90,5.4,144,Non-Smoker,5,1,58.0,4,69.7,High,16
PT100964,2024-08-22,CL01,55,Female,18.4,120,,65,64,4.3,178,Non-Smoker,5,,74.0,4,9.4,Low,363
PT100545,2024-08-23,CL01,39,Male,33.0,101,62,58,97,5.6,176,Non-Smoker,4,1,88.0,4,50.2,Moderate,75
PT100584,2024-08-24,CL02,74,Male,,132,101,78,91,4.7,206,Non-Smoker,3,1,96.0,3,88.1,High,27
PT100769,2024-08-24,CL01,62,Male,28.8,114,67,78,103,,212,Non-Smoker,3,0,62.0,3,60.6,Moderate,62
PT101121,2024-08-26,CL04,44,Male,23.7,107,62,70,77,,207,Smoker,4,0,87.0,0,21.9,Low,249
PT100024,2024-08-27,CL06,64,Female,20.9,120,84,89,96,4.7,220,Non-Smoker,3,0,61.0,1,64.2,Moderate,75
PT100210,2024-08-27,CL03,56,Male,27.8,132,87,71,81,5.2,210,Non-Smoker,1,0,75.0,0,80.5,High,28
PT101140,2024-08-27,CL04,67,Female,25.7,121,82,90,92,5.2,177,Non-Smoker,2,0,87.0,1,80.8,High,24
PT100006,2024-08-28,CL06,43,Female,33.4,100,,67,89,5.5,,Non-Smoker,3,0,73.0,1,25.0,Low,291
PT101123,2024-08-28,CL05,58,Female,,111,63,79,97,5.0,149,,3,0,,3,55.2,Moderate,76
PT100055,2024-08-29,CL04,22,Male,25.8,100,66,,92,5.7,,Non-Smoker,0,0,96.0,0,10.8,Low,358
PT100422,2024-08-29,CL01,61,Female,26.6,113,76,79,96,5.4,153,Non-Smoker,5,0,83.0,2,33.0,Low,203
PT100667,2024-08-29,CL05,45,Female,25.7,121,73,69,95,5.6,167,Non-Smoker,2,1,55.0,2,67.7,High,24
PT101040,2024-08-29,CL01,60,Male,25.2,136,84,58,89,4.8,136,Non-Smoker,3,1,70.0,2,53.2,Moderate,81
PT100727,2024-08-31,CL02,51,Female,23.0,124,79,80,104,,210,Non-Smoker,4,1,72.0,2,69.7,High,17
PT100981,2024-08-31,CL06,48,Male,26.1,126,66,85,75,4.4,149,Smoker,3,0,91.0,0,37.7,Moderate,80
PT100790,2024-09-01,CL04,47,Male,32.5,121,68,76,105,5.9,197,Smoker,2,0,86.0,1,84.4,High,20
PT100390,2024-09-02,CL05,38,Male,29.7,138,85,62,103,5.5,134,Non-Smoker,3,1,84.0,1,63.3,Moderate,86
PT100463,2024-09-02,CL06,30,Female,24.7,94,72,67,79,4.5,182,Non-Smoker,2,1,78.0,0,18.0,Low,360
PT100830,2024-09-02,CL02,53,Female,26.3,123,76,74,94,5.9,230,Non-Smoker,,0,76.0,1,27.5,Low,221
PT100651,2024-09-03,CL02,47,Female,23.5,110,70,92,123,5.8,173,Non-Smoker,3,0,,1,54.7,Moderate,67
PT100748,2024-09-03,CL03,70,Female,21.3,107,75,75,87,5.3,209,Non-Smoker,2,0,85.0,4,42.1,Moderate,79
PT101107,2024-09-03,CL01,90,Female,30.2,122,78,77,97,5.8,195,Non-Smoker,5,0,79.0,4,56.3,Moderate,84
PT100384,2024-09-04,CL03,51,Female,30.9,139,77,80,,6.0,168,,1,1,87.0,2,84.3,High,19
PT100051,2024-09-05,CL01,52,Female,25.5,102,66,82,99,5.7,201,Smoker,1,1,70.0,3,72.2,High,21
PT100057,2024-09-06,CL03,52,Male,23.5,135,90,84,82,5.1,173,Non-Smoker,0,0,87.0,2,42.8,Moderate,89
PT100831,2024-09-06,CL04,73,Male,21.2,129,84,59,100,5.7,152,Non-Smoker,4,0,65.0,2,51.6,Moderate,81
PT101059,2024-09-06,CL03,44,Male,22.6,129,77,73,98,5.7,153,Non-Smoker,4,0,87.0,0,19.7,Low,199
PT100426,2024-09-07,CL05,24,Female,27.7,101,69,87,78,5.0,187,Non-Smoker,0,0,76.0,1,25.3,Low,321
PT101172,2024-09-07,CL04,32,Male,25.1,105,74,82,85,5.8,,Non-Smoker,3,1,90.0,1,36.4,Moderate,62
PT100039,2024-09-09,CL02,47,Female,23.0,116,58,77,80,4.9,233,Non-Smoker,4,0,75.0,1,32.0,Low,303
PT100916,2024-09-10,CL06,45,Male,26.4,,87,69,84,5.0,155,Non-Smoker,5,0,93.0,0,52.6,Moderate,72
PT100221,2024-09-11,CL02,55,Female,34.4,117,89,,112,5.7,192,Non-Smoker,2,,85.0,0,75.7,High,23
PT100756,2024-09-11,CL02,55,Male,26.9,92,61,70,115,6.3,229,Non-Smoker,1,0,,1,28.8,Low,228
PT100519,2024-09-12,CL01,18,Male,27.7,94,65,59,94,5.5,,Non-Smoker,3,1,87.0,1,7.0,Low,225
PT100934,2024-09-12,CL05,33,Male,21.9,128,76,73,70,4.7,180,Non-Smoker,3,0,55.0,0,14.3,Low,237
PT100240,2024-09-14,CL01,57,Male,25.5,133,75,76,88,5.2,197,Smoker,1,0,85.0,0,64.3,Moderate,82
PT100255,2024-09-14,CL02,79,Male,27.1,149,92,85,101,5.7,269,Non-Smoker,2,,61.0,1,98.1,High,25
PT100273,2024-09-14,CL01,45,Female,26.2,99,66,68,91,5.3,212,Non-Smoker,5,1,69.0,1,12.4,Low,266
PT100932,2024-09-14,CL02,71,Female,27.8,126,80,58,90,5.2,164,Non-Smoker,2,1,75.0,1,89.9,High,23
PT100112,2024-09-15,CL01,46,Female,22.8,126,79,84,86,5.0,173,Smoker,2,1,,3,41.9,Moderate,81
PT100272,2024-09-17,CL01,55,Female,26.5,135,86,81,96,5.7,178,Non-Smoker,1,0,75.0,2,75.6,High,30
PT100594,2024-09-17,CL03,62,Male,24.8,135,92,92,84,5.1,223,,3,1,86.0,6,60.9,Moderate,86
PT100979,2024-09-18,CL03,46,Male,28.5,109,65,72,67,5.2,223,Non-Smoker,3,0,71.0,4,13.2,Low,271
PT101178,2024-09-18,CL02,41,Male,30.3,127,81,83,98,5.7,174,Non-Smoker,2,0,,7,77.3,High,30
PT100939,2024-09-19,CL06,66,Male,33.3,124,72,88,181,8.7,181,Non-Smoker,1,0,66.0,5,97.3,High,26
PT100082,2024-09-20,CL02,74,Male,24.6,116,78,79,112,6.0,177,Non-Smoker,1,1,83.0,0,57.1,Moderate,64
PT100469,2024-09-20,CL01,56,Female,22.5,143,88,68,89,,146,Non-Smoker,4,0,84.0,1,42.9,Moderate,71
PT100707,2024-09-20,CL05,34,Female,28.0,113,70,58,90,5.3,172,Non-Smoker,4,0,82.0,2,31.9,Low,345
PT100864,2024-09-21,CL03,42,Female,24.0,139,81,81,91,5.5,202,Non-Smoker,3,1,66.0,2,52.4,Moderate,68
PT100447,2024-09-22,CL06,61,Male,35.5,115,74,67,117,5.9,155,Non-Smoker,2,1,83.0,1,85.0,High,22
PT100503,2024-09-22,CL06,60,Male,27.5,149,85,76,90,5.3,163,Smoker,3,0,63.0,2,87.5,High,18
PT100201,2024-09-23,CL05,34,Female,20.6,123,64,75,90,4.8,202,Non-Smoker,4,0,84.0,1,17.6,Low,341
PT100506,2024-09-23,CL05,54,Male,22.7,136,100,66,,5.5,172,Non-Smoker,6,0,59.0,2,70.6,High,21
PT100158,2024-09-25,CL04,70,Female,28.7,114,68,93,167,8.0,245,Non-Smoker,2,0,86.0,3,96.1,High,19
PT100418,2024-09-25,CL05,57,Male,23.9,112,64,80,98,5.6,163,Non-Smoker,2,1,87.0,4,56.8,Moderate,70
PT100720,2024-09-25,CL06,22,Male,29.9,117,79,88,91,4.3,248,Non-Smoker,3,0,,0,55.8,Moderate,75
PT101063,2024-09-25,CL02,65,Female,36.2,130,89,79,104,,213,Non-Smoker,3,0,67.0,0,84.0,High,24
PT101070,2024-09-25,CL02,80,Male,21.3,148,91,75,81,4.7,234,Non-Smoker,3,1,,1,86.7,High,23
PT100940,2024-09-26,CL01,59,Male,22.3,144,86,50,83,4.9,165,Non-Smoker,4,1,66.0,0,48.1,Moderate,79
PT100397,2024-09-28,CL05,36,Male,24.7,103,66,52,66,5.1,177,Non-Smoker,5,0,77.0,1,3.7,Low,243
PT100479,2024-09-28,CL04,36,Female,28.8,128,84,65,97,4.9,164,Non-Smoker,4,1,97.0,0,40.2,Moderate,63
PT100356,2024-09-29,CL03,66,Male,23.1,116,79,55,108,5.8,205,Non-Smoker,6,0,71.0,2,56.4,Moderate,89
PT100760,2024-09-30,CL03,52,Female,29.6,122,75,82,108,,,Non-Smoker,2,1,67.0,0,57.8,Moderate,60
PT100310,2024-10-01,CL01,66,Male,25.6,110,82,71,96,5.5,174,Non-Smoker,1,0,88.0,0,69.2,High,25
PT100958,2024-10-02,CL03,50,Female,20.9,117,67,88,77,4.4,135,Smoker,3,1,61.0,2,47.9,Moderate,73
PT101018,2024-10-02,CL05,46,Male,23.6,118,82,74,85,5.1,166,Non-Smoker,4,0,61.0,0,27.3,Low,311
PT100278,2024-10-03,CL03,54,Male,30.1,119,81,77,83,5.4,243,Non-Smoker,1,0,97.0,2,31.0,Low,267
PT100252,2024-10-04,CL05,70,Female,35.9,123,70,73,110,6.0,183,Non-Smoker,1,1,79.0,3,84.8,High,22
PT100251,2024-10-05,CL04,35,Female,28.1,108,77,82,90,5.2,233,Non-Smoker,5,0,92.0,0,12.5,Low,266
PT100301,2024-10-06,CL05,25,Female,24.2,115,76,70,95,5.9,193,Non-Smoker,2,1,74.0,0,28.4,Low,220
PT101148,2024-10-06,CL05,46,Female,24.7,125,83,79,86,4.7,217,Smoker,3,1,58.0,1,74.2,High,18
PT101179,2024-10-06,CL01,18,Female,29.2,117,70,92,96,5.2,144,Smoker,2,0,79.0,0,17.8,Low,266
PT101181,2024-10-06,CL05,73,Female,25.8,131,89,73,103,6.0,,Non-Smoker,1,0,,0,93.2,High,19
PT100646,2024-10-07,CL05,56,Male,21.6,95,76,81,79,5.1,182,Non-Smoker,5,0,,1,,Low,346
PT100839,2024-10-07,CL02,40,Male,21.5,123,73,77,75,4.7,137,Smoker,3,0,56.0,0,29.1,Low,233
PT101028,2024-10-07,CL02,58,Female,32.4,135,85,78,88,5.7,,Non-Smoker,,0,66.0,2,72.2,High,22
PT100357,2024-10-08,CL05,55,Female,29.8,103,56,82,102,5.4,,Non-Smoker,6,0,86.0,3,,Moderate,72
PT101074,2024-10-09,,38,Female,28.8,114,85,74,95,5.2,153,Non-Smoker,3,1,66.0,4,18.4,Low,283
PT100098,2024-10-11,CL01,59,Male,29.6,134,79,76,94,5.5,207,Non-Smoker,2,0,75.0,2,73.5,High,21
PT101106,2024-10-11,CL05,40,Female,28.9,135,73,83,,4.7,,Non-Smoker,2,0,70.0,1,,Low,190
PT100052,2024-10-12,CL01,53,Male,29.4,120,73,64,105,,158,Non-Smoker,2,0,96.0,0,53.7,Moderate,89
PT100726,2024-10-12,CL01,55,Male,24.5,117,64,81,87,4.8,,Smoker,3,1,86.0,,71.0,High,27
PT100762,2024-10-12,CL01,60,Female,27.7,102,60,83,103,5.4,172,Non-Smoker,3,0,84.0,2,44.2,Moderate,62
PT100071,2024-10-14,CL01,75,Male,24.0,118,81,82,87,5.2,211,Non-Smoker,1,1,98.0,6,61.2,Moderate,83
PT100046,2024-10-15,CL05,47,Male,34.2,94,74,72,98,5.5,,Non-Smoker,3,0,95.0,2,37.6,Moderate,66
PT100630,2024-10-16,CL05,28,Male,24.3,115,75,81,88,6.0,185,Smoker,1,0,38.0,0,32.7,Low,202
PT100578,2024-10-17,CL03,45,Female,18.9,130,70,76,,5.0,170,Smoker,3,1,85.0,2,66.1,High,15
PT100843,2024-10-18,CL03,68,Male,24.6,124,74,73,93,5.6,207,Non-Smoker,3,1,58.0,3,68.9,High,23
PT100438,2024-10-19,CL03,55,Male,25.2,124,76,75,93,5.3,223,Non-Smoker,3,1,84.0,3,55.5,Moderate,84
PT100709,2024-10-20,CL03,40,Female,26.8,98,67,74,81,5.2,162,Non-Smoker,2,0,43.0,,22.1,Low,181
PT100539,2024-10-21,CL01,66,Male,26.3,113,67,77,87,4.9,260,Non-Smoker,2,0,,0,49.2,Moderate,87
PT100378,2024-10-22,CL03,40,Female,34.1,120,69,84,94,5.5,218,Non-Smoker,,0,,1,50.1,Moderate,89
PT100589,2024-10-22,CL01,37,Female,34.7,136,75,73,102,5.9,206,Non-Smoker,4,0,49.0,5,70.3,High,18
PT101118,2024-10-22,CL05,54,Male,32.2,127,82,,102,5.8,218,Non-Smoker,5,0,67.0,2,59.7,Moderate,87
PT100898,2024-10-25,CL01,52,Male,37.7,123,79,67,104,6.0,199,Non-Smoker,4,0,74.0,1,59.0,Moderate,84
PT100728,2024-10-26,CL01,50,Male,25.5,135,80,73,76,4.7,172,Smoker,2,0,84.0,2,50.3,Moderate,86
PT100293,2024-10-27,CL06,35,Male,19.7,118,81,81,80,4.7,173,Non-Smoker,7,0,69.0,1,6.7,Low,226
PT100695,2024-10-27,CL06,46,Male,25.9,108,69,83,90,5.1,129,Non-Smoker,0,0,90.0,1,23.6,Low,191
PT101190,2024-10-27,CL04,76,Female,20.7,117,76,79,75,5.2,170,Non-Smoker,5,0,95.0,4,19.7,Low,321
PT100385,2024-10-28,CL02,47,Male,31.7,120,79,75,104,5.7,250,Non-Smoker,4,,72.0,3,59.5,Moderate,66
PT100233,2024-10-29,CL06,32,Male,24.1,109,71,66,80,5.3,192,Non-Smoker,5,0,71.0,0,17.6,Low,365
PT100494,2024-10-29,CL02,36,Female,25.2,98,59,79,90,5.3,156,,5,1,55.0,1,22.6,Low,356
PT100802,2024-10-29,CL02,74,Male,27.9,118,81,77,111,5.8,217,Non-Smoker,2,0,62.0,2,77.6,High,19
PT100984,2024-10-29,CL03,39,Male,20.5,107,71,68,77,4.8,207,Smoker,3,0,88.0,1,21.2,Low,232
PT100131,2024-10-31,CL01,55,Male,37.9,119,71,69,91,4.8,201,Non-Smoker,4,1,46.0,1,65.0,High,26
PT100396,2024-10-31,CL03,39,Female,26.5,,60,78,82,4.6,207,Non-Smoker,4,0,89.0,1,10.9,Low,319
PT100930,2024-11-01,CL04,26,Male,21.9,109,77,74,87,4.9,180,Smoker,2,0,41.0,0,30.2,Low,356
PT101002,2024-11-01,CL03,63,Female,27.5,134,89,83,88,5.0,196,Smoker,1,0,64.0,2,85.8,High,16
PT101045,2024-11-01,CL01,67,Male,26.5,198,75,82,109,5.8,250,Non-Smoker,4,0,36.0,1,81.6,High,28
PT100225,2024-11-04,CL02,44,Male,26.7,127,88,84,92,4.8,184,Smoker,1,0,74.0,1,65.5,High,25
PT100561,2024-11-04,CL01,58,Female,20.5,96,61,75,73,5.1,205,Non-Smoker,2,0,87.0,3,16.8,Low,325
PT100801,2024-11-04,CL04,65,Female,25.9,118,82,,94,5.1,136,Non-Smoker,1,1,69.0,2,75.8,High,22
PT101120,2024-11-04,CL06,32,Male,26.7,,60,70,84,5.1,187,Non-Smoker,3,0,83.0,1,14.3,Low,190
PT100431,2024-11-05,CL06,45,Female,27.8,122,70,64,92,5.6,230,Non-Smoker,4,0,77.0,2,16.8,Low,312
PT100876,2024-11-05,CL06,51,Male,27.2,111,76,75,103,,233,Non-Smoker,2,0,83.0,3,39.0,Moderate,78
PT100224,2024-11-06,CL06,55,Female,22.2,129,73,76,82,5.4,201,Non-Smoker,3,1,80.0,0,32.0,Low,344
PT100133,2024-11-07,CL03,60,Male,25.0,122,70,83,95,5.4,184,Non-Smoker,,,71.0,5,54.6,Moderate,62
PT100170,2024-11-08,CL06,43,Female,23.7,102,69,98,71,4.2,206,Non-Smoker,3,0,,2,13.0,Low,307
PT100212,2024-11-09,CL03,46,Female,33.9,119,59,65,105,6.2,231,Non-Smoker,2,1,60.0,3,79.4,High,20
PT101095,2024-11-09,CL03,73,Female,23.5,,83,68,80,5.0,,Non-Smoker,2,0,82.0,1,59.7,Moderate,69
PT100093,2024-11-10,CL03,62,Female,36.2,120,78,66,98,,165,Non-Smoker,1,,74.0,3,76.1,High,20
PT100100,2024-11-10,CL06,49,Male,33.2,143,82,88,107,6.1,136,Smoker,2,0,85.0,1,73.3,High,20
PT100603,2024-11-10,CL06,76,Female,35.6,133,87,82,120,6.5,189,Non-Smoker,1,0,75.0,3,95.2,High,30
PT100714,2024-11-10,CL06,45,Female,28.6,125,77,71,91,5.2,219,Non-Smoker,2,1,85.0,3,33.2,Low,292
PT100913,2024-11-10,CL06,42,Female,29.7,116,67,81,99,5.8,203,Smoker,2,0,97.0,2,41.1,Moderate,74
PT100013,2024-11-11,CL04,90,Male,32.8,148,89,91,114,6.1,243,Non-Smoker,1,0,73.0,2,96.9,High,25
PT100275,2024-11-11,CL04,45,Male,26.5,113,76,67,87,4.9,204,Non-Smoker,1,0,68.0,1,23.4,Low,308
PT100333,2024-11-11,CL04,59,Female,24.5,110,70,68,76,4.9,181,Non-Smoker,3,0,72.0,2,17.9,Low,247
PT100462,2024-11-11,CL01,42,Female,33.7,120,80,72,84,5.0,160,Non-Smoker,2,0,66.0,0,61.1,Moderate,74
PT100172,2024-11-12,CL03,65,Female,27.2,137,91,58,107,5.7,268,Non-Smoker,,0,61.0,0,82.4,High,25
PT100487,2024-11-12,CL03,66,Female,,,76,72,95,5.9,178,Non-Smoker,1,0,60.0,2,81.7,High,27
PT100058,2024-11-14,CL03,55,Female,27.7,120,80,62,82,4.5,228,Non-Smoker,,0,79.0,2,56.7,Moderate,64
PT100231,2024-11-14,CL01,40,Female,24.3,95,56,86,77,4.7,136,Non-Smoker,2,0,96.0,2,10.1,Low,314
PT100295,2024-11-14,CL05,34,Male,31.2,132,89,80,95,5.5,174,Smoker,1,0,75.0,0,53.1,Moderate,63
PT101039,2024-11-14,CL03,62,Female,26.2,148,96,72,102,6.2,220,Non-Smoker,2,0,78.0,3,80.4,High,28
PT100249,2024-11-15,CL02,69,Female,23.8,92,64,66,130,6.9,234,Smoker,2,0,,5,68.1,High,21
PT100382,2024-11-15,CL06,57,Female,24.9,121,75,78,88,5.1,,Non-Smoker,3,0,51.0,0,31.4,Low,291
PT100391,2024-11-15,CL04,66,Male,23.4,132,82,56,162,7.6,223,Non-Smoker,4,0,89.0,2,92.6,High,28
PT100478,2024-11-15,CL04,38,Male,29.2,129,76,80,92,5.5,,Non-Smoker,2,0,81.0,3,64.4,Moderate,74
PT100542,2024-11-15,CL03,44,Female,31.7,110,79,61,83,,,Non-Smoker,4,0,,0,35.4,Moderate,72
PT100553,2024-11-15,CL01,56,Male,26.3,119,80,91,,5.8,185,Smoker,2,0,96.0,0,58.1,Moderate,69
PT100772,2024-11-17,CL03,68,Female,26.2,122,77,68,90,5.3,205,Smoker,3,0,60.0,1,79.0,High,18
PT100952,2024-11-17,CL02,57,Male,36.2,131,71,61,93,5.4,203,Smoker,1,0,78.0,2,78.1,High,20
PT101153,2024-11-17,CL01,60,Female,,126,80,61,92,5.3,161,Non-Smoker,4,0,66.0,2,55.1,Moderate,85
PT100313,2024-11-18,CL02,49,Female,,136,,83,93,5.2,240,Non-Smoker,4,0,66.0,1,75.5,High,14
PT100428,2024-11-20,CL05,26,Male,25.9,114,75,74,83,4.8,141,Smoker,1,0,,1,15.5,Low,357
PT100910,2024-11-20,CL02,46,Female,22.4,137,69,64,80,4.4,114,Non-Smoker,4,0,71.0,0,28.9,Low,260
PT101062,2024-11-21,CL04,63,Female,30.2,122,82,74,84,5.4,167,Non-Smoker,2,0,84.0,5,67.7,High,15
PT100220,2024-11-22,CL02,24,Male,21.8,116,70,75,76,4.6,197,Smoker,4,0,69.0,1,19.3,Low,301
PT100518,2024-11-22,CL04,54,Female,26.9,128,68,78,92,5.6,225,Non-Smoker,1,0,75.0,0,83.0,High,18
PT100344,2024-11-23,CL03,56,Male,30.2,118,93,87,103,,241,Non-Smoker,2,0,33.0,2,84.4,High,26
PT101041,2024-11-23,CL01,48,Female,29.9,126,77,76,90,5.5,,Smoker,4,0,77.0,1,58.7,Moderate,67
PT100128,2024-11-24,CL01,22,Male,22.6,108,67,71,78,4.9,165,Non-Smoker,,0,69.0,0,10.1,Low,194
PT100508,2024-11-24,CL05,59,Male,26.4,122,84,79,96,5.1,147,Non-Smoker,2,1,72.0,4,46.4,Moderate,73
PT100786,2024-11-24,CL02,47,Female,23.3,101,67,83,86,4.8,144,Non-Smoker,1,0,82.0,0,4.8,Low,308
PT101175,2024-11-27,CL03,65,Male,22.7,127,,76,88,5.2,202,Smoker,2,1,68.0,4,86.6,High,28
PT100636,2024-11-29,CL01,27,Male,22.4,107,69,69,74,4.3,231,Non-Smoker,3,0,63.0,0,13.9,Low,290
PT100143,2024-11-30,CL06,36,Male,20.9,104,60,74,85,5.0,218,Non-Smoker,2,0,82.0,1,23.2,Low,353
PT100370,2024-12-01,CL06,85,Female,25.4,142,86,99,97,4.9,286,Non-Smoker,3,0,79.0,3,93.0,High,26
PT101088,2024-12-01,CL05,42,Female,21.6,94,63,53,77,4.6,145,Non-Smoker,2,0,,0,14.5,Low,320
PT100331,2024-12-03,CL04,45,Male,29.0,,74,75,,5.0,206,Non-Smoker,3,0,73.0,0,22.5,Low,209
PT100604,2024-12-03,CL04,76,Female,21.2,163,95,78,82,4.7,183,Non-Smoker,4,1,,3,83.0,High,14
PT100811,2024-12-03,CL01,59,Male,25.7,121,,77,95,5.4,231,,0,0,71.0,2,76.7,High,17
PT100983,2024-12-03,CL04,73,Male,26.1,119,69,58,97,5.9,208,Non-Smoker,1,1,93.0,5,64.1,Moderate,69
PT100998,2024-12-03,CL01,68,Male,28.1,125,,75,98,5.8,156,Smoker,,1,87.0,1,84.4,High,29
PT100113,2024-12-04,CL02,56,Male,25.4,127,70,77,92,5.3,,Smoker,2,0,74.0,4,55.1,Moderate,73
PT100277,2024-12-04,CL02,46,Male,30.2,114,86,94,86,5.3,166,Non-Smoker,1,0,73.0,1,38.4,Moderate,72
PT100270,2024-12-05,CL01,60,Female,,121,76,68,,5.1,,Non-Smoker,,1,59.0,0,60.8,Moderate,63
PT100414,2024-12-05,CL06,39,Male,22.0,99,46,60,86,5.2,196,Smoker,3,0,61.0,2,26.9,Low,252
PT100268,2024-12-06,CL01,32,Female,22.6,93,63,67,79,4.7,,Non-Smoker,4,1,83.0,1,16.0,Low,216
PT100437,2024-12-06,CL01,53,Female,23.2,125,79,91,93,5.2,209,Non-Smoker,,1,69.0,1,71.5,High,16
PT100814,2024-12-06,CL03,86,Female,31.3,127,82,73,229,9.8,202,Non-Smoker,3,1,59.0,3,99.5,High,20
PT100199,2024-12-08,CL01,37,Female,26.3,92,60,78,71,4.4,182,Non-Smoker,4,1,,0,7.8,Low,251
PT100179,2024-12-09,CL06,76,Female,24.3,126,86,,91,5.2,201,Non-Smoker,4,0,94.0,4,68.1,High,23
PT100406,2024-12-09,CL05,72,Female,34.8,125,84,73,107,6.4,175,Non-Smoker,3,1,74.0,1,55.0,Moderate,68
PT100883,2024-12-09,CL06,,Female,22.1,132,85,59,86,5.4,104,Non-Smoker,4,0,87.0,0,27.7,Low,271
PT100142,2024-12-10,CL03,45,Male,31.4,120,70,75,105,6.3,236,Non-Smoker,4,0,41.0,0,82.2,High,21
PT100189,2024-12-10,CL04,25,Female,20.8,111,73,75,74,4.9,147,Smoker,4,1,93.0,,26.1,Low,305
PT100211,2024-12-10,CL04,51,Male,32.9,119,79,71,104,6.2,210,Non-Smoker,3,1,64.0,2,74.0,High,15
PT100440,2024-12-11,CL04,49,Female,21.6,111,70,56,,5.1,185,Non-Smoker,4,0,77.0,1,20.9,Low,203
PT101111,2024-12-11,CL01,75,Male,30.5,129,75,77,186,8.2,259,Non-Smoker,1,0,68.0,4,96.3,High,26
PT101116,2024-12-11,CL01,36,Male,27.3,105,76,69,91,4.8,115,Non-Smoker,5,0,89.0,0,8.1,Low,192
PT100563,2024-12-12,CL05,48,Female,23.5,130,78,73,85,5.0,268,Non-Smoker,3,0,93.0,2,13.2,Low,237
PT100350,2024-12-13,CL01,73,Female,41.4,122,77,87,116,6.4,420,Non-Smoker,1,0,77.0,0,93.4,High,21
PT100955,2024-12-13,CL06,63,Female,24.7,110,82,83,104,5.5,199,Non-Smoker,,0,,0,57.1,Moderate,68
PT100424,2024-12-14,CL01,84,Male,23.7,130,76,79,112,6.0,265,Non-Smoker,1,0,76.0,4,90.9,High,27
PT100472,2024-12-14,CL03,85,Female,22.4,127,91,70,94,5.7,222,Non-Smoker,1,0,,6,82.2,High,30
PT100480,2024-12-15,CL02,51,Female,23.9,129,78,68,100,5.6,,Smoker,2,1,70.0,2,72.8,High,30
PT100136,2024-12-16,CL01,35,Female,17.9,93,62,65,70,4.5,157,Non-Smoker,5,1,97.0,0,5.3,Low,274
PT100227,2024-12-16,CL01,48,Female,24.6,113,69,78,81,5.1,180,Non-Smoker,3,0,92.0,0,10.7,Low,329
PT100799,2024-12-16,CL04,46,Male,23.7,132,73,61,87,5.2,183,Non-Smoker,2,0,68.0,2,21.9,Low,311
PT101026,2024-12-17,CL02,60,Female,34.3,149,89,73,91,4.5,219,Non-Smoker,2,0,69.0,2,86.4,High,20
PT100155,2024-12-18,CL01,60,Female,26.7,111,62,80,99,5.5,222,Smoker,3,0,87.0,3,59.6,Moderate,73
PT100290,2024-12-18,CL01,62,Male,23.1,130,90,73,84,5.2,164,Smoker,1,0,,2,52.5,Moderate,79
PT100574,2024-12-18,CL05,38,Female,19.5,103,66,63,92,5.5,183,Non-Smoker,5,0,84.0,1,21.7,Low,272
PT100870,2024-12-19,CL01,72,Female,27.0,119,,70,90,5.0,163,Non-Smoker,1,0,71.0,2,,Low,280
PT100961,2024-12-20,CL03,54,Male,24.1,127,89,69,83,5.0,198,Non-Smoker,4,0,56.0,0,61.3,Moderate,62
PT101004,2024-12-20,,42,Female,28.5,147,82,80,97,5.7,178,Non-Smoker,3,1,68.0,1,67.0,High,23
PT101193,2024-12-20,CL05,70,Male,23.4,111,73,72,107,5.5,176,Non-Smoker,4,0,,2,43.4,Moderate,71
PT100819,2024-12-21,CL04,58,Female,25.9,123,84,69,91,4.8,208,Non-Smoker,4,1,96.0,3,47.4,Moderate,65
PT100971,2024-12-22,CL02,49,Male,23.9,118,75,54,86,5.1,232,Non-Smoker,,0,56.0,3,36.7,Moderate,86
PT101012,2024-12-22,CL03,64,Male,28.2,134,92,81,93,5.5,,Smoker,2,0,62.0,0,82.0,High,26
PT100253,2024-12-23,CL03,61,Female,31.9,119,78,77,99,5.2,280,Non-Smoker,3,0,49.0,3,89.2,High,21
PT100403,2024-12-24,CL05,41,Female,30.1,128,70,67,82,5.2,274,Non-Smoker,2,1,88.0,2,70.5,High,23
PT100749,2024-12-24,CL05,66,Female,29.4,133,69,71,99,6.2,,Non-Smoker,2,0,75.0,0,76.4,High,17
PT101134,2024-12-24,CL04,40,Male,22.9,127,84,68,74,5.3,145,,5,0,84.0,1,8.2,Low,204
PT100355,2024-12-25,CL03,59,Female,,120,81,64,97,6.0,210,Smoker,1,0,81.0,0,75.3,High,15
PT100217,2024-12-26,CL01,77,Female,34.4,136,88,77,114,6.5,145,Non-Smoker,3,0,81.0,0,83.5,High,21
PT100879,2024-12-26,CL04,70,Female,27.5,125,88,82,99,6.0,249,Non-Smoker,1,0,57.0,,65.1,High,26
PT100368,2024-12-27,CL04,52,Female,25.1,122,68,61,83,5.2,210,Non-Smoker,1,,,1,48.6,Moderate,77
PT100838,2024-12-27,,28,Female,23.6,71,50,72,67,,209,Non-Smoker,6,1,69.0,1,1.8,Low,228
PT100556,2024-12-28,,73,Female,30.0,139,87,61,88,5.3,226,Non-Smoker,2,1,84.0,5,88.1,High,26
PT100758,2024-12-28,CL06,54,Female,30.7,144,78,77,94,5.8,190,Non-Smoker,,0,54.0,1,59.5,Moderate,85
PT100775,2024-12-28,CL01,60,Male,31.4,122,78,68,90,5.2,267,Non-Smoker,6,0,83.0,3,72.3,High,18
PT100120,2024-12-29,CL04,63,Female,29.1,131,79,67,94,5.3,183,Non-Smoker,3,1,,4,60.2,Moderate,80
PT100722,2024-12-31,CL03,63,Male,30.2,106,73,86,87,4.8,227,Non-Smoker,4,0,81.0,2,68.6,High,15
PT100807,2024-12-31,CL04,77,Female,31.3,127,78,77,143,7.0,223,Non-Smoker,2,0,98.0,4,91.6,High,26
PT100234,,CL03,58,Female,34.5,113,62,94,99,5.3,232,Smoker,1,1,74.0,1,90.2,High,23
PT100304,,CL03,30,Female,26.6,119,80,54,,,174,Non-Smoker,5,0,93.0,,31.8,Low,190
PT100579,,CL05,53,Male,28.7,128,84,80,82,5.0,168,Non-Smoker,2,0,95.0,,59.3,Moderate,61
PT100625,,CL06,64,Female,,131,76,66,81,5.2,168,Non-Smoker,3,0,,1,60.0,Moderate,67
PT100628,,CL01,62,Male,34.8,154,92,74,92,5.4,172,Non-Smoker,4,0,97.0,1,63.1,Moderate,63
PT100885,,,51,Female,30.2,134,84,73,167,8.0,217,Non-Smoker,4,0,73.0,3,88.8,High,23
PT100929,,CL03,54,Female,22.9,118,67,73,79,5.0,209,,3,1,,2,49.4,Moderate,73
PT101056,,CL04,46,Male,31.5,139,,80,98,5.8,179,Non-Smoker,4,0,77.0,0,49.6,Moderate,89
PT101195,,CL05,63,Female,23.0,147,89,80,94,5.6,263,Non-Smoker,2,0,,1,74.4,High,25
